2026-08-26 10:11:16.800 +07:00 [INF] Admin user created. Username='admin', Password='Blud@2026!' — CHANGE IMMEDIATELY.
2026-08-26 10:11:16.914 +07:00 [INF] Seeded 49 chart-of-accounts entries.
2026-08-26 10:11:16.956 +07:00 [INF] Seeded organization tree.
2026-08-26 10:11:16.999 +07:00 [INF] Seeded cost centers.
2026-08-26 10:11:17.029 +07:00 [INF] Seeded fund sources.
2026-08-26 10:11:17.091 +07:00 [INF] Seeded 2026 accounting periods.
2026-08-26 10:11:17.182 +07:00 [ERR] Failed executing DbCommand (14ms) [Parameters=[@p0='?' (DbType = Guid), @p1='?' (DbType = DateTime), @p2='?' (Size = 100), @p3='?' (Size = 20), @p4='?' (DbType = DateTime), @p5='?' (Size = 100), @p6='?' (DbType = DateTime), @p7='?' (Size = 100), @p8='?' (DbType = DateTime), @p9='?' (DbType = Int32), @p10='?' (DbType = Boolean), @p11='?' (Size = 100), @p12='?' (DbType = Int32), @p13='?' (Size = 20), @p14='?' (DbType = DateTime), @p15='?' (Size = 20), @p16='?' (DbType = DateTime), @p17='?' (Size = 100), @p18='?' (DbType = Guid), @p19='?' (DbType = DateTime), @p20='?' (Size = 100), @p21='?' (Size = 20), @p22='?' (DbType = DateTime), @p23='?' (Size = 100), @p24='?' (DbType = DateTime), @p25='?' (Size = 100), @p26='?' (DbType = DateTime), @p27='?' (DbType = Int32), @p28='?' (DbType = Boolean), @p29='?' (Size = 100), @p30='?' (DbType = Int32), @p31='?' (Size = 20), @p32='?' (DbType = DateTime), @p33='?' (Size = 20), @p34='?' (DbType = DateTime), @p35='?' (Size = 100), @p36='?' (DbType = Guid), @p37='?' (DbType = DateTime), @p38='?' (Size = 100), @p39='?' (Size = 20), @p40='?' (DbType = DateTime), @p41='?' (Size = 100), @p42='?' (DbType = DateTime), @p43='?' (Size = 100), @p44='?' (DbType = DateTime), @p45='?' (DbType = Int32), @p46='?' (DbType = Boolean), @p47='?' (Size = 100), @p48='?' (DbType = Int32), @p49='?' (Size = 20), @p50='?' (DbType = DateTime), @p51='?' (Size = 20), @p52='?' (DbType = DateTime), @p53='?' (Size = 100), @p54='?' (DbType = Guid), @p55='?' (DbType = DateTime), @p56='?' (Size = 100), @p57='?' (Size = 20), @p58='?' (DbType = DateTime), @p59='?' (Size = 100), @p60='?' (DbType = DateTime), @p61='?' (Size = 100), @p62='?' (DbType = DateTime), @p63='?' (DbType = Int32), @p64='?' (DbType = Boolean), @p65='?' (Size = 100), @p66='?' (DbType = Int32), @p67='?' (Size = 20), @p68='?' (DbType = DateTime), @p69='?' (Size = 20), @p70='?' (DbType = DateTime), @p71='?' (Size = 100), @p72='?' (DbType = Guid), @p73='?' (DbType = DateTime), @p74='?' (Size = 100), @p75='?' (Size = 20), @p76='?' (DbType = DateTime), @p77='?' (Size = 100), @p78='?' (DbType = DateTime), @p79='?' (Size = 100), @p80='?' (DbType = DateTime), @p81='?' (DbType = Int32), @p82='?' (DbType = Boolean), @p83='?' (Size = 100), @p84='?' (DbType = Int32), @p85='?' (Size = 20), @p86='?' (DbType = DateTime), @p87='?' (Size = 20), @p88='?' (DbType = DateTime), @p89='?' (Size = 100), @p90='?' (DbType = Guid), @p91='?' (DbType = DateTime), @p92='?' (Size = 100), @p93='?' (Size = 20), @p94='?' (DbType = DateTime), @p95='?' (Size = 100), @p96='?' (DbType = DateTime), @p97='?' (Size = 100), @p98='?' (DbType = DateTime), @p99='?' (DbType = Int32), @p100='?' (DbType = Boolean), @p101='?' (Size = 100), @p102='?' (DbType = Int32), @p103='?' (Size = 20), @p104='?' (DbType = DateTime), @p105='?' (Size = 20), @p106='?' (DbType = DateTime), @p107='?' (Size = 100), @p108='?' (DbType = Guid), @p109='?' (DbType = DateTime), @p110='?' (Size = 100), @p111='?' (Size = 20), @p112='?' (DbType = DateTime), @p113='?' (Size = 100), @p114='?' (DbType = DateTime), @p115='?' (Size = 100), @p116='?' (DbType = DateTime), @p117='?' (DbType = Int32), @p118='?' (DbType = Boolean), @p119='?' (Size = 100), @p120='?' (DbType = Int32), @p121='?' (Size = 20), @p122='?' (DbType = DateTime), @p123='?' (Size = 20), @p124='?' (DbType = DateTime), @p125='?' (Size = 100), @p126='?' (DbType = Guid), @p127='?' (DbType = DateTime), @p128='?' (Size = 100), @p129='?' (Size = 20), @p130='?' (DbType = DateTime), @p131='?' (Size = 100), @p132='?' (DbType = DateTime), @p133='?' (Size = 100), @p134='?' (DbType = DateTime), @p135='?' (DbType = Int32), @p136='?' (DbType = Boolean), @p137='?' (Size = 100), @p138='?' (DbType = Int32), @p139='?' (Size = 20), @p140='?' (DbType = DateTime), @p141='?' (Size = 20), @p142='?' (DbType = DateTime), @p143='?' (Size = 100), @p144='?' (DbType = Guid), @p145='?' (DbType = DateTime), @p146='?' (Size = 100), @p147='?' (Size = 20), @p148='?' (DbType = DateTime), @p149='?' (Size = 100), @p150='?' (DbType = DateTime), @p151='?' (Size = 100), @p152='?' (DbType = DateTime), @p153='?' (DbType = Int32), @p154='?' (DbType = Boolean), @p155='?' (Size = 100), @p156='?' (DbType = Int32), @p157='?' (Size = 20), @p158='?' (DbType = DateTime), @p159='?' (Size = 20), @p160='?' (DbType = DateTime), @p161='?' (Size = 100), @p162='?' (DbType = Guid), @p163='?' (DbType = DateTime), @p164='?' (Size = 100), @p165='?' (Size = 20), @p166='?' (DbType = DateTime), @p167='?' (Size = 100), @p168='?' (DbType = DateTime), @p169='?' (Size = 100), @p170='?' (DbType = DateTime), @p171='?' (DbType = Int32), @p172='?' (DbType = Boolean), @p173='?' (Size = 100), @p174='?' (DbType = Int32), @p175='?' (Size = 20), @p176='?' (DbType = DateTime), @p177='?' (Size = 20), @p178='?' (DbType = DateTime), @p179='?' (Size = 100), @p180='?' (DbType = Guid), @p181='?' (DbType = DateTime), @p182='?' (Size = 100), @p183='?' (Size = 20), @p184='?' (DbType = DateTime), @p185='?' (Size = 100), @p186='?' (DbType = DateTime), @p187='?' (Size = 100), @p188='?' (DbType = DateTime), @p189='?' (DbType = Int32), @p190='?' (DbType = Boolean), @p191='?' (Size = 100), @p192='?' (DbType = Int32), @p193='?' (Size = 20), @p194='?' (DbType = DateTime), @p195='?' (Size = 20), @p196='?' (DbType = DateTime), @p197='?' (Size = 100), @p198='?' (DbType = Guid), @p199='?' (DbType = DateTime), @p200='?' (Size = 100), @p201='?' (Size = 20), @p202='?' (DbType = DateTime), @p203='?' (Size = 100), @p204='?' (DbType = DateTime), @p205='?' (Size = 100), @p206='?' (DbType = DateTime), @p207='?' (DbType = Int32), @p208='?' (DbType = Boolean), @p209='?' (Size = 100), @p210='?' (DbType = Int32), @p211='?' (Size = 20), @p212='?' (DbType = DateTime), @p213='?' (Size = 20), @p214='?' (DbType = DateTime), @p215='?' (Size = 100), @p216='?' (DbType = Guid), @p217='?' (DbType = DateTime), @p218='?' (Size = 100), @p219='?' (Size = 20), @p220='?' (DbType = DateTime), @p221='?' (Size = 100), @p222='?' (DbType = DateTime), @p223='?' (Size = 100), @p224='?' (DbType = DateTime), @p225='?' (DbType = Int32), @p226='?' (DbType = Boolean), @p227='?' (Size = 100), @p228='?' (DbType = Int32), @p229='?' (Size = 20), @p230='?' (DbType = DateTime), @p231='?' (Size = 20), @p232='?' (DbType = DateTime), @p233='?' (Size = 100), @p234='?' (DbType = Guid), @p235='?' (Size = 30), @p236='?' (DbType = Boolean), @p237='?' (Size = 50), @p238='?' (DbType = DateTime), @p239='?' (Size = 100), @p240='?' (DbType = DateTime), @p241='?' (Size = 100), @p242='?' (Size = 50), @p243='?' (DbType = Boolean), @p244='?' (DbType = Boolean), @p245='?' (DbType = Int32), @p246='?' (Size = 255), @p247='?' (Size = 10), @p248='?' (DbType = Guid), @p249='?' (Size = 40), @p250='?' (DbType = DateTime), @p251='?' (Size = 100), @p252='?' (DbType = Guid), @p253='?' (Size = 30), @p254='?' (DbType = Boolean), @p255='?' (Size = 50), @p256='?' (DbType = DateTime), @p257='?' (Size = 100), @p258='?' (DbType = DateTime), @p259='?' (Size = 100), @p260='?' (Size = 50), @p261='?' (DbType = Boolean), @p262='?' (DbType = Boolean), @p263='?' (DbType = Int32), @p264='?' (Size = 255), @p265='?' (Size = 10), @p266='?' (DbType = Guid), @p267='?' (Size = 40), @p268='?' (DbType = DateTime), @p269='?' (Size = 100), @p270='?' (DbType = Guid), @p271='?' (Size = 30), @p272='?' (DbType = Boolean), @p273='?' (Size = 50), @p274='?' (DbType = DateTime), @p275='?' (Size = 100), @p276='?' (DbType = DateTime), @p277='?' (Size = 100), @p278='?' (Size = 50), @p279='?' (DbType = Boolean), @p280='?' (DbType = Boolean), @p281='?' (DbType = Int32), @p282='?' (Size = 255), @p283='?' (Size = 10), @p284='?' (DbType = Guid), @p285='?' (Size = 40), @p286='?' (DbType = DateTime), @p287='?' (Size = 100), @p288='?' (DbType = Guid), @p289='?' (Size = 30), @p290='?' (DbType = Boolean), @p291='?' (Size = 50), @p292='?' (DbType = DateTime), @p293='?' (Size = 100), @p294='?' (DbType = DateTime), @p295='?' (Size = 100), @p296='?' (Size = 50), @p297='?' (DbType = Boolean), @p298='?' (DbType = Boolean), @p299='?' (DbType = Int32), @p300='?' (Size = 255), @p301='?' (Size = 10), @p302='?' (DbType = Guid), @p303='?' (Size = 40), @p304='?' (DbType = DateTime), @p305='?' (Size = 100), @p306='?' (DbType = Guid), @p307='?' (Size = 30), @p308='?' (DbType = Boolean), @p309='?' (Size = 50), @p310='?' (DbType = DateTime), @p311='?' (Size = 100), @p312='?' (DbType = DateTime), @p313='?' (Size = 100), @p314='?' (Size = 50), @p315='?' (DbType = Boolean), @p316='?' (DbType = Boolean), @p317='?' (DbType = Int32), @p318='?' (Size = 255), @p319='?' (Size = 10), @p320='?' (DbType = Guid), @p321='?' (Size = 40), @p322='?' (DbType = DateTime), @p323='?' (Size = 100), @p324='?' (DbType = Guid), @p325='?' (Size = 30), @p326='?' (DbType = Boolean), @p327='?' (Size = 50), @p328='?' (DbType = DateTime), @p329='?' (Size = 100), @p330='?' (DbType = DateTime), @p331='?' (Size = 100), @p332='?' (Size = 50), @p333='?' (DbType = Boolean), @p334='?' (DbType = Boolean), @p335='?' (DbType = Int32), @p336='?' (Size = 255), @p337='?' (Size = 10), @p338='?' (DbType = Guid), @p339='?' (Size = 40), @p340='?' (DbType = DateTime), @p341='?' (Size = 100), @p342='?' (DbType = Guid), @p343='?' (Size = 30), @p344='?' (DbType = Boolean), @p345='?' (Size = 50), @p346='?' (DbType = DateTime), @p347='?' (Size = 100), @p348='?' (DbType = DateTime), @p349='?' (Size = 100), @p350='?' (Size = 50), @p351='?' (DbType = Boolean), @p352='?' (DbType = Boolean), @p353='?' (DbType = Int32), @p354='?' (Size = 255), @p355='?' (Size = 10), @p356='?' (DbType = Guid), @p357='?' (Size = 40), @p358='?' (DbType = DateTime), @p359='?' (Size = 100), @p360='?' (DbType = Guid), @p361='?' (Size = 50), @p362='?' (Size = 50), @p363='?' (DbType = DateTime), @p364='?' (Size = 100), @p365='?' (DbType = DateTime), @p366='?' (Size = 100), @p367='?' (Size = 500), @p368='?' (DbType = Boolean), @p369='?' (Size = 255), @p370='?' (DbType = Guid), @p371='?' (DbType = Guid), @p372='?' (DbType = DateTime), @p373='?' (Size = 100), @p374='?' (DbType = Guid), @p375='?' (Size = 50), @p376='?' (Size = 50), @p377='?' (DbType = DateTime), @p378='?' (Size = 100), @p379='?' (DbType = DateTime), @p380='?' (Size = 100), @p381='?' (Size = 500), @p382='?' (DbType = Boolean), @p383='?' (Size = 255), @p384='?' (DbType = Guid), @p385='?' (DbType = Guid), @p386='?' (DbType = DateTime), @p387='?' (Size = 100), @p388='?' (DbType = Guid), @p389='?' (Size = 50), @p390='?' (Size = 50), @p391='?' (DbType = DateTime), @p392='?' (Size = 100), @p393='?' (DbType = DateTime), @p394='?' (Size = 100), @p395='?' (Size = 500), @p396='?' (DbType = Boolean), @p397='?' (Size = 255), @p398='?' (DbType = Guid), @p399='?' (DbType = Guid), @p400='?' (DbType = DateTime), @p401='?' (Size = 100), @p402='?' (DbType = Guid), @p403='?' (Size = 50), @p404='?' (Size = 50), @p405='?' (DbType = DateTime), @p406='?' (Size = 100), @p407='?' (DbType = DateTime), @p408='?' (Size = 100), @p409='?' (Size = 500), @p410='?' (DbType = Boolean), @p411='?' (Size = 255), @p412='?' (DbType = Guid), @p413='?' (DbType = Guid), @p414='?' (DbType = DateTime), @p415='?' (Size = 100), @p416='?' (DbType = Guid), @p417='?' (Size = 50), @p418='?' (Size = 50), @p419='?' (DbType = DateTime), @p420='?' (Size = 100), @p421='?' (DbType = DateTime), @p422='?' (Size = 100), @p423='?' (Size = 500), @p424='?' (DbType = Boolean), @p425='?' (Size = 255), @p426='?' (DbType = Guid), @p427='?' (DbType = Guid), @p428='?' (DbType = DateTime), @p429='?' (Size = 100), @p430='?' (DbType = Guid), @p431='?' (Size = 50), @p432='?' (Size = 50), @p433='?' (DbType = DateTime), @p434='?' (Size = 100), @p435='?' (DbType = DateTime), @p436='?' (Size = 100), @p437='?' (Size = 500), @p438='?' (DbType = Boolean), @p439='?' (Size = 255), @p440='?' (DbType = Guid), @p441='?' (DbType = Guid), @p442='?' (DbType = DateTime), @p443='?' (Size = 100), @p444='?' (DbType = Guid), @p445='?' (Size = 50), @p446='?' (Size = 50), @p447='?' (DbType = DateTime), @p448='?' (Size = 100), @p449='?' (DbType = DateTime), @p450='?' (Size = 100), @p451='?' (Size = 500), @p452='?' (DbType = Boolean), @p453='?' (Size = 255), @p454='?' (DbType = Guid), @p455='?' (DbType = Guid), @p456='?' (DbType = DateTime), @p457='?' (Size = 100), @p458='?' (DbType = Guid), @p459='?' (Size = 50), @p460='?' (DbType = DateTime), @p461='?' (Size = 100), @p462='?' (DbType = DateTime), @p463='?' (Size = 100), @p464='?' (Size = 500), @p465='?' (Size = 50), @p466='?' (DbType = Boolean), @p467='?' (Size = 255), @p468='?' (DbType = Guid), @p469='?' (DbType = DateTime), @p470='?' (Size = 100), @p471='?' (DbType = Guid), @p472='?' (Size = 50), @p473='?' (DbType = DateTime), @p474='?' (Size = 100), @p475='?' (DbType = DateTime), @p476='?' (Size = 100), @p477='?' (Size = 500), @p478='?' (Size = 50), @p479='?' (DbType = Boolean), @p480='?' (Size = 255), @p481='?' (DbType = Guid), @p482='?' (DbType = DateTime), @p483='?' (Size = 100), @p484='?' (DbType = Guid), @p485='?' (Size = 50), @p486='?' (DbType = DateTime), @p487='?' (Size = 100), @p488='?' (DbType = DateTime), @p489='?' (Size = 100), @p490='?' (Size = 500), @p491='?' (Size = 50), @p492='?' (DbType = Boolean), @p493='?' (Size = 255), @p494='?' (DbType = Guid), @p495='?' (DbType = DateTime), @p496='?' (Size = 100), @p497='?' (DbType = Guid), @p498='?' (Size = 50), @p499='?' (DbType = DateTime), @p500='?' (Size = 100), @p501='?' (DbType = DateTime), @p502='?' (Size = 100), @p503='?' (Size = 500), @p504='?' (Size = 50), @p505='?' (DbType = Boolean), @p506='?' (Size = 255), @p507='?' (DbType = Guid), @p508='?' (DbType = DateTime), @p509='?' (Size = 100), @p510='?' (DbType = Guid), @p511='?' (Size = 50), @p512='?' (DbType = DateTime), @p513='?' (Size = 100), @p514='?' (DbType = DateTime), @p515='?' (Size = 100), @p516='?' (Size = 500), @p517='?' (Size = 50), @p518='?' (DbType = Boolean), @p519='?' (Size = 255), @p520='?' (DbType = Guid), @p521='?' (DbType = DateTime), @p522='?' (Size = 100), @p523='?' (DbType = Guid), @p524='?' (Size = 50), @p525='?' (DbType = DateTime), @p526='?' (Size = 100), @p527='?' (DbType = DateTime), @p528='?' (Size = 100), @p529='?' (Size = 200), @p530='?' (DbType = Boolean), @p531='?' (DbType = Int32), @p532='?' (Size = 255), @p533='?' (Size = 50), @p534='?' (DbType = Guid), @p535='?' (DbType = DateTime), @p536='?' (Size = 100), @p537='?' (DbType = Guid), @p538='?' (Size = 30), @p539='?' (DbType = Boolean), @p540='?' (Size = 50), @p541='?' (DbType = DateTime), @p542='?' (Size = 100), @p543='?' (DbType = DateTime), @p544='?' (Size = 100), @p545='?' (Size = 50), @p546='?' (DbType = Boolean), @p547='?' (DbType = Boolean), @p548='?' (DbType = Int32), @p549='?' (Size = 255), @p550='?' (Size = 10), @p551='?' (DbType = Guid), @p552='?' (Size = 40), @p553='?' (DbType = DateTime), @p554='?' (Size = 100), @p555='?' (DbType = Guid), @p556='?' (Size = 30), @p557='?' (DbType = Boolean), @p558='?' (Size = 50), @p559='?' (DbType = DateTime), @p560='?' (Size = 100), @p561='?' (DbType = DateTime), @p562='?' (Size = 100), @p563='?' (Size = 50), @p564='?' (DbType = Boolean), @p565='?' (DbType = Boolean), @p566='?' (DbType = Int32), @p567='?' (Size = 255), @p568='?' (Size = 10), @p569='?' (DbType = Guid), @p570='?' (Size = 40), @p571='?' (DbType = DateTime), @p572='?' (Size = 100), @p573='?' (DbType = Guid), @p574='?' (Size = 30), @p575='?' (DbType = Boolean), @p576='?' (Size = 50), @p577='?' (DbType = DateTime), @p578='?' (Size = 100), @p579='?' (DbType = DateTime), @p580='?' (Size = 100), @p581='?' (Size = 50), @p582='?' (DbType = Boolean), @p583='?' (DbType = Boolean), @p584='?' (DbType = Int32), @p585='?' (Size = 255), @p586='?' (Size = 10), @p587='?' (DbType = Guid), @p588='?' (Size = 40), @p589='?' (DbType = DateTime), @p590='?' (Size = 100), @p591='?' (DbType = Guid), @p592='?' (Size = 30), @p593='?' (DbType = Boolean), @p594='?' (Size = 50), @p595='?' (DbType = DateTime), @p596='?' (Size = 100), @p597='?' (DbType = DateTime), @p598='?' (Size = 100), @p599='?' (Size = 50), @p600='?' (DbType = Boolean), @p601='?' (DbType = Boolean), @p602='?' (DbType = Int32), @p603='?' (Size = 255), @p604='?' (Size = 10), @p605='?' (DbType = Guid), @p606='?' (Size = 40), @p607='?' (DbType = DateTime), @p608='?' (Size = 100), @p609='?' (DbType = Guid), @p610='?' (Size = 30), @p611='?' (DbType = Boolean), @p612='?' (Size = 50), @p613='?' (DbType = DateTime), @p614='?' (Size = 100), @p615='?' (DbType = DateTime), @p616='?' (Size = 100), @p617='?' (Size = 50), @p618='?' (DbType = Boolean), @p619='?' (DbType = Boolean), @p620='?' (DbType = Int32), @p621='?' (Size = 255), @p622='?' (Size = 10), @p623='?' (DbType = Guid), @p624='?' (Size = 40), @p625='?' (DbType = DateTime), @p626='?' (Size = 100), @p627='?' (DbType = Guid), @p628='?' (Size = 30), @p629='?' (DbType = Boolean), @p630='?' (Size = 50), @p631='?' (DbType = DateTime), @p632='?' (Size = 100), @p633='?' (DbType = DateTime), @p634='?' (Size = 100), @p635='?' (Size = 50), @p636='?' (DbType = Boolean), @p637='?' (DbType = Boolean), @p638='?' (DbType = Int32), @p639='?' (Size = 255), @p640='?' (Size = 10), @p641='?' (DbType = Guid), @p642='?' (Size = 40), @p643='?' (DbType = DateTime), @p644='?' (Size = 100), @p645='?' (DbType = Guid), @p646='?' (Size = 30), @p647='?' (DbType = Boolean), @p648='?' (Size = 50), @p649='?' (DbType = DateTime), @p650='?' (Size = 100), @p651='?' (DbType = DateTime), @p652='?' (Size = 100), @p653='?' (Size = 50), @p654='?' (DbType = Boolean), @p655='?' (DbType = Boolean), @p656='?' (DbType = Int32), @p657='?' (Size = 255), @p658='?' (Size = 10), @p659='?' (DbType = Guid), @p660='?' (Size = 40), @p661='?' (DbType = DateTime), @p662='?' (Size = 100), @p663='?' (DbType = Guid), @p664='?' (Size = 30), @p665='?' (DbType = Boolean), @p666='?' (Size = 50), @p667='?' (DbType = DateTime), @p668='?' (Size = 100), @p669='?' (DbType = DateTime), @p670='?' (Size = 100), @p671='?' (Size = 50), @p672='?' (DbType = Boolean), @p673='?' (DbType = Boolean), @p674='?' (DbType = Int32), @p675='?' (Size = 255), @p676='?' (Size = 10), @p677='?' (DbType = Guid), @p678='?' (Size = 40), @p679='?' (DbType = DateTime), @p680='?' (Size = 100), @p681='?' (DbType = Guid), @p682='?' (Size = 30), @p683='?' (DbType = Boolean), @p684='?' (Size = 50), @p685='?' (DbType = DateTime), @p686='?' (Size = 100), @p687='?' (DbType = DateTime), @p688='?' (Size = 100), @p689='?' (Size = 50), @p690='?' (DbType = Boolean), @p691='?' (DbType = Boolean), @p692='?' (DbType = Int32), @p693='?' (Size = 255), @p694='?' (Size = 10), @p695='?' (DbType = Guid), @p696='?' (Size = 40), @p697='?' (DbType = DateTime), @p698='?' (Size = 100)], CommandType='"Text"', CommandTimeout='30']
INSERT INTO `accounting_periods` (`Id`, `ClosedAt`, `ClosedBy`, `Code`, `CreatedAt`, `CreatedBy`, `DeletedAt`, `DeletedBy`, `EndDate`, `FiscalYear`, `IsCurrent`, `Name`, `PeriodNumber`, `PeriodType`, `StartDate`, `Status`, `UpdatedAt`, `UpdatedBy`)
VALUES (@p0, @p1, @p2, @p3, @p4, @p5, @p6, @p7, @p8, @p9, @p10, @p11, @p12, @p13, @p14, @p15, @p16, @p17);
SELECT `RowVersion`
FROM `accounting_periods`
WHERE ROW_COUNT() = 1 AND `Id` = @p0;

INSERT INTO `accounting_periods` (`Id`, `ClosedAt`, `ClosedBy`, `Code`, `CreatedAt`, `CreatedBy`, `DeletedAt`, `DeletedBy`, `EndDate`, `FiscalYear`, `IsCurrent`, `Name`, `PeriodNumber`, `PeriodType`, `StartDate`, `Status`, `UpdatedAt`, `UpdatedBy`)
VALUES (@p18, @p19, @p20, @p21, @p22, @p23, @p24, @p25, @p26, @p27, @p28, @p29, @p30, @p31, @p32, @p33, @p34, @p35);
SELECT `RowVersion`
FROM `accounting_periods`
WHERE ROW_COUNT() = 1 AND `Id` = @p18;

INSERT INTO `accounting_periods` (`Id`, `ClosedAt`, `ClosedBy`, `Code`, `CreatedAt`, `CreatedBy`, `DeletedAt`, `DeletedBy`, `EndDate`, `FiscalYear`, `IsCurrent`, `Name`, `PeriodNumber`, `PeriodType`, `StartDate`, `Status`, `UpdatedAt`, `UpdatedBy`)
VALUES (@p36, @p37, @p38, @p39, @p40, @p41, @p42, @p43, @p44, @p45, @p46, @p47, @p48, @p49, @p50, @p51, @p52, @p53);
SELECT `RowVersion`
FROM `accounting_periods`
WHERE ROW_COUNT() = 1 AND `Id` = @p36;

INSERT INTO `accounting_periods` (`Id`, `ClosedAt`, `ClosedBy`, `Code`, `CreatedAt`, `CreatedBy`, `DeletedAt`, `DeletedBy`, `EndDate`, `FiscalYear`, `IsCurrent`, `Name`, `PeriodNumber`, `PeriodType`, `StartDate`, `Status`, `UpdatedAt`, `UpdatedBy`)
VALUES (@p54, @p55, @p56, @p57, @p58, @p59, @p60, @p61, @p62, @p63, @p64, @p65, @p66, @p67, @p68, @p69, @p70, @p71);
SELECT `RowVersion`
FROM `accounting_periods`
WHERE ROW_COUNT() = 1 AND `Id` = @p54;

INSERT INTO `accounting_periods` (`Id`, `ClosedAt`, `ClosedBy`, `Code`, `CreatedAt`, `CreatedBy`, `DeletedAt`, `DeletedBy`, `EndDate`, `FiscalYear`, `IsCurrent`, `Name`, `PeriodNumber`, `PeriodType`, `StartDate`, `Status`, `UpdatedAt`, `UpdatedBy`)
VALUES (@p72, @p73, @p74, @p75, @p76, @p77, @p78, @p79, @p80, @p81, @p82, @p83, @p84, @p85, @p86, @p87, @p88, @p89);
SELECT `RowVersion`
FROM `accounting_periods`
WHERE ROW_COUNT() = 1 AND `Id` = @p72;

INSERT INTO `accounting_periods` (`Id`, `ClosedAt`, `ClosedBy`, `Code`, `CreatedAt`, `CreatedBy`, `DeletedAt`, `DeletedBy`, `EndDate`, `FiscalYear`, `IsCurrent`, `Name`, `PeriodNumber`, `PeriodType`, `StartDate`, `Status`, `UpdatedAt`, `UpdatedBy`)
VALUES (@p90, @p91, @p92, @p93, @p94, @p95, @p96, @p97, @p98, @p99, @p100, @p101, @p102, @p103, @p104, @p105, @p106, @p107);
SELECT `RowVersion`
FROM `accounting_periods`
WHERE ROW_COUNT() = 1 AND `Id` = @p90;

INSERT INTO `accounting_periods` (`Id`, `ClosedAt`, `ClosedBy`, `Code`, `CreatedAt`, `CreatedBy`, `DeletedAt`, `DeletedBy`, `EndDate`, `FiscalYear`, `IsCurrent`, `Name`, `PeriodNumber`, `PeriodType`, `StartDate`, `Status`, `UpdatedAt`, `UpdatedBy`)
VALUES (@p108, @p109, @p110, @p111, @p112, @p113, @p114, @p115, @p116, @p117, @p118, @p119, @p120, @p121, @p122, @p123, @p124, @p125);
SELECT `RowVersion`
FROM `accounting_periods`
WHERE ROW_COUNT() = 1 AND `Id` = @p108;

INSERT INTO `accounting_periods` (`Id`, `ClosedAt`, `ClosedBy`, `Code`, `CreatedAt`, `CreatedBy`, `DeletedAt`, `DeletedBy`, `EndDate`, `FiscalYear`, `IsCurrent`, `Name`, `PeriodNumber`, `PeriodType`, `StartDate`, `Status`, `UpdatedAt`, `UpdatedBy`)
VALUES (@p126, @p127, @p128, @p129, @p130, @p131, @p132, @p133, @p134, @p135, @p136, @p137, @p138, @p139, @p140, @p141, @p142, @p143);
SELECT `RowVersion`
FROM `accounting_periods`
WHERE ROW_COUNT() = 1 AND `Id` = @p126;

INSERT INTO `accounting_periods` (`Id`, `ClosedAt`, `ClosedBy`, `Code`, `CreatedAt`, `CreatedBy`, `DeletedAt`, `DeletedBy`, `EndDate`, `FiscalYear`, `IsCurrent`, `Name`, `PeriodNumber`, `PeriodType`, `StartDate`, `Status`, `UpdatedAt`, `UpdatedBy`)
VALUES (@p144, @p145, @p146, @p147, @p148, @p149, @p150, @p151, @p152, @p153, @p154, @p155, @p156, @p157, @p158, @p159, @p160, @p161);
SELECT `RowVersion`
FROM `accounting_periods`
WHERE ROW_COUNT() = 1 AND `Id` = @p144;

INSERT INTO `accounting_periods` (`Id`, `ClosedAt`, `ClosedBy`, `Code`, `CreatedAt`, `CreatedBy`, `DeletedAt`, `DeletedBy`, `EndDate`, `FiscalYear`, `IsCurrent`, `Name`, `PeriodNumber`, `PeriodType`, `StartDate`, `Status`, `UpdatedAt`, `UpdatedBy`)
VALUES (@p162, @p163, @p164, @p165, @p166, @p167, @p168, @p169, @p170, @p171, @p172, @p173, @p174, @p175, @p176, @p177, @p178, @p179);
SELECT `RowVersion`
FROM `accounting_periods`
WHERE ROW_COUNT() = 1 AND `Id` = @p162;

INSERT INTO `accounting_periods` (`Id`, `ClosedAt`, `ClosedBy`, `Code`, `CreatedAt`, `CreatedBy`, `DeletedAt`, `DeletedBy`, `EndDate`, `FiscalYear`, `IsCurrent`, `Name`, `PeriodNumber`, `PeriodType`, `StartDate`, `Status`, `UpdatedAt`, `UpdatedBy`)
VALUES (@p180, @p181, @p182, @p183, @p184, @p185, @p186, @p187, @p188, @p189, @p190, @p191, @p192, @p193, @p194, @p195, @p196, @p197);
SELECT `RowVersion`
FROM `accounting_periods`
WHERE ROW_COUNT() = 1 AND `Id` = @p180;

INSERT INTO `accounting_periods` (`Id`, `ClosedAt`, `ClosedBy`, `Code`, `CreatedAt`, `CreatedBy`, `DeletedAt`, `DeletedBy`, `EndDate`, `FiscalYear`, `IsCurrent`, `Name`, `PeriodNumber`, `PeriodType`, `StartDate`, `Status`, `UpdatedAt`, `UpdatedBy`)
VALUES (@p198, @p199, @p200, @p201, @p202, @p203, @p204, @p205, @p206, @p207, @p208, @p209, @p210, @p211, @p212, @p213, @p214, @p215);
SELECT `RowVersion`
FROM `accounting_periods`
WHERE ROW_COUNT() = 1 AND `Id` = @p198;

INSERT INTO `accounting_periods` (`Id`, `ClosedAt`, `ClosedBy`, `Code`, `CreatedAt`, `CreatedBy`, `DeletedAt`, `DeletedBy`, `EndDate`, `FiscalYear`, `IsCurrent`, `Name`, `PeriodNumber`, `PeriodType`, `StartDate`, `Status`, `UpdatedAt`, `UpdatedBy`)
VALUES (@p216, @p217, @p218, @p219, @p220, @p221, @p222, @p223, @p224, @p225, @p226, @p227, @p228, @p229, @p230, @p231, @p232, @p233);
SELECT `RowVersion`
FROM `accounting_periods`
WHERE ROW_COUNT() = 1 AND `Id` = @p216;

INSERT INTO `accounts` (`Id`, `AccountType`, `AllowPosting`, `Code`, `CreatedAt`, `CreatedBy`, `DeletedAt`, `DeletedBy`, `ExternalCode`, `IsActive`, `IsHeader`, `Level`, `Name`, `NormalBalance`, `ParentId`, `ReportMapping`, `UpdatedAt`, `UpdatedBy`)
VALUES (@p234, @p235, @p236, @p237, @p238, @p239, @p240, @p241, @p242, @p243, @p244, @p245, @p246, @p247, @p248, @p249, @p250, @p251);
SELECT `RowVersion`
FROM `accounts`
WHERE ROW_COUNT() = 1 AND `Id` = @p234;

INSERT INTO `accounts` (`Id`, `AccountType`, `AllowPosting`, `Code`, `CreatedAt`, `CreatedBy`, `DeletedAt`, `DeletedBy`, `ExternalCode`, `IsActive`, `IsHeader`, `Level`, `Name`, `NormalBalance`, `ParentId`, `ReportMapping`, `UpdatedAt`, `UpdatedBy`)
VALUES (@p252, @p253, @p254, @p255, @p256, @p257, @p258, @p259, @p260, @p261, @p262, @p263, @p264, @p265, @p266, @p267, @p268, @p269);
SELECT `RowVersion`
FROM `accounts`
WHERE ROW_COUNT() = 1 AND `Id` = @p252;

INSERT INTO `accounts` (`Id`, `AccountType`, `AllowPosting`, `Code`, `CreatedAt`, `CreatedBy`, `DeletedAt`, `DeletedBy`, `ExternalCode`, `IsActive`, `IsHeader`, `Level`, `Name`, `NormalBalance`, `ParentId`, `ReportMapping`, `UpdatedAt`, `UpdatedBy`)
VALUES (@p270, @p271, @p272, @p273, @p274, @p275, @p276, @p277, @p278, @p279, @p280, @p281, @p282, @p283, @p284, @p285, @p286, @p287);
SELECT `RowVersion`
FROM `accounts`
WHERE ROW_COUNT() = 1 AND `Id` = @p270;

INSERT INTO `accounts` (`Id`, `AccountType`, `AllowPosting`, `Code`, `CreatedAt`, `CreatedBy`, `DeletedAt`, `DeletedBy`, `ExternalCode`, `IsActive`, `IsHeader`, `Level`, `Name`, `NormalBalance`, `ParentId`, `ReportMapping`, `UpdatedAt`, `UpdatedBy`)
VALUES (@p288, @p289, @p290, @p291, @p292, @p293, @p294, @p295, @p296, @p297, @p298, @p299, @p300, @p301, @p302, @p303, @p304, @p305);
SELECT `RowVersion`
FROM `accounts`
WHERE ROW_COUNT() = 1 AND `Id` = @p288;

INSERT INTO `accounts` (`Id`, `AccountType`, `AllowPosting`, `Code`, `CreatedAt`, `CreatedBy`, `DeletedAt`, `DeletedBy`, `ExternalCode`, `IsActive`, `IsHeader`, `Level`, `Name`, `NormalBalance`, `ParentId`, `ReportMapping`, `UpdatedAt`, `UpdatedBy`)
VALUES (@p306, @p307, @p308, @p309, @p310, @p311, @p312, @p313, @p314, @p315, @p316, @p317, @p318, @p319, @p320, @p321, @p322, @p323);
SELECT `RowVersion`
FROM `accounts`
WHERE ROW_COUNT() = 1 AND `Id` = @p306;

INSERT INTO `accounts` (`Id`, `AccountType`, `AllowPosting`, `Code`, `CreatedAt`, `CreatedBy`, `DeletedAt`, `DeletedBy`, `ExternalCode`, `IsActive`, `IsHeader`, `Level`, `Name`, `NormalBalance`, `ParentId`, `ReportMapping`, `UpdatedAt`, `UpdatedBy`)
VALUES (@p324, @p325, @p326, @p327, @p328, @p329, @p330, @p331, @p332, @p333, @p334, @p335, @p336, @p337, @p338, @p339, @p340, @p341);
SELECT `RowVersion`
FROM `accounts`
WHERE ROW_COUNT() = 1 AND `Id` = @p324;

INSERT INTO `accounts` (`Id`, `AccountType`, `AllowPosting`, `Code`, `CreatedAt`, `CreatedBy`, `DeletedAt`, `DeletedBy`, `ExternalCode`, `IsActive`, `IsHeader`, `Level`, `Name`, `NormalBalance`, `ParentId`, `ReportMapping`, `UpdatedAt`, `UpdatedBy`)
VALUES (@p342, @p343, @p344, @p345, @p346, @p347, @p348, @p349, @p350, @p351, @p352, @p353, @p354, @p355, @p356, @p357, @p358, @p359);
SELECT `RowVersion`
FROM `accounts`
WHERE ROW_COUNT() = 1 AND `Id` = @p342;

INSERT INTO `cost_centers` (`Id`, `Code`, `CostCenterType`, `CreatedAt`, `CreatedBy`, `DeletedAt`, `DeletedBy`, `Description`, `IsActive`, `Name`, `OrganizationId`, `ParentId`, `UpdatedAt`, `UpdatedBy`)
VALUES (@p360, @p361, @p362, @p363, @p364, @p365, @p366, @p367, @p368, @p369, @p370, @p371, @p372, @p373),
(@p374, @p375, @p376, @p377, @p378, @p379, @p380, @p381, @p382, @p383, @p384, @p385, @p386, @p387),
(@p388, @p389, @p390, @p391, @p392, @p393, @p394, @p395, @p396, @p397, @p398, @p399, @p400, @p401),
(@p402, @p403, @p404, @p405, @p406, @p407, @p408, @p409, @p410, @p411, @p412, @p413, @p414, @p415),
(@p416, @p417, @p418, @p419, @p420, @p421, @p422, @p423, @p424, @p425, @p426, @p427, @p428, @p429),
(@p430, @p431, @p432, @p433, @p434, @p435, @p436, @p437, @p438, @p439, @p440, @p441, @p442, @p443),
(@p444, @p445, @p446, @p447, @p448, @p449, @p450, @p451, @p452, @p453, @p454, @p455, @p456, @p457);
INSERT INTO `fund_sources` (`Id`, `Code`, `CreatedAt`, `CreatedBy`, `DeletedAt`, `DeletedBy`, `Description`, `FundCategory`, `IsActive`, `Name`, `ParentId`, `UpdatedAt`, `UpdatedBy`)
VALUES (@p458, @p459, @p460, @p461, @p462, @p463, @p464, @p465, @p466, @p467, @p468, @p469, @p470),
(@p471, @p472, @p473, @p474, @p475, @p476, @p477, @p478, @p479, @p480, @p481, @p482, @p483),
(@p484, @p485, @p486, @p487, @p488, @p489, @p490, @p491, @p492, @p493, @p494, @p495, @p496),
(@p497, @p498, @p499, @p500, @p501, @p502, @p503, @p504, @p505, @p506, @p507, @p508, @p509),
(@p510, @p511, @p512, @p513, @p514, @p515, @p516, @p517, @p518, @p519, @p520, @p521, @p522);
INSERT INTO `organizations` (`Id`, `Code`, `CreatedAt`, `CreatedBy`, `DeletedAt`, `DeletedBy`, `HeadName`, `IsActive`, `Level`, `Name`, `OrganizationType`, `ParentId`, `UpdatedAt`, `UpdatedBy`)
VALUES (@p523, @p524, @p525, @p526, @p527, @p528, @p529, @p530, @p531, @p532, @p533, @p534, @p535, @p536);
INSERT INTO `accounts` (`Id`, `AccountType`, `AllowPosting`, `Code`, `CreatedAt`, `CreatedBy`, `DeletedAt`, `DeletedBy`, `ExternalCode`, `IsActive`, `IsHeader`, `Level`, `Name`, `NormalBalance`, `ParentId`, `ReportMapping`, `UpdatedAt`, `UpdatedBy`)
VALUES (@p537, @p538, @p539, @p540, @p541, @p542, @p543, @p544, @p545, @p546, @p547, @p548, @p549, @p550, @p551, @p552, @p553, @p554);
SELECT `RowVersion`
FROM `accounts`
WHERE ROW_COUNT() = 1 AND `Id` = @p537;

INSERT INTO `accounts` (`Id`, `AccountType`, `AllowPosting`, `Code`, `CreatedAt`, `CreatedBy`, `DeletedAt`, `DeletedBy`, `ExternalCode`, `IsActive`, `IsHeader`, `Level`, `Name`, `NormalBalance`, `ParentId`, `ReportMapping`, `UpdatedAt`, `UpdatedBy`)
VALUES (@p555, @p556, @p557, @p558, @p559, @p560, @p561, @p562, @p563, @p564, @p565, @p566, @p567, @p568, @p569, @p570, @p571, @p572);
SELECT `RowVersion`
FROM `accounts`
WHERE ROW_COUNT() = 1 AND `Id` = @p555;

INSERT INTO `accounts` (`Id`, `AccountType`, `AllowPosting`, `Code`, `CreatedAt`, `CreatedBy`, `DeletedAt`, `DeletedBy`, `ExternalCode`, `IsActive`, `IsHeader`, `Level`, `Name`, `NormalBalance`, `ParentId`, `ReportMapping`, `UpdatedAt`, `UpdatedBy`)
VALUES (@p573, @p574, @p575, @p576, @p577, @p578, @p579, @p580, @p581, @p582, @p583, @p584, @p585, @p586, @p587, @p588, @p589, @p590);
SELECT `RowVersion`
FROM `accounts`
WHERE ROW_COUNT() = 1 AND `Id` = @p573;

INSERT INTO `accounts` (`Id`, `AccountType`, `AllowPosting`, `Code`, `CreatedAt`, `CreatedBy`, `DeletedAt`, `DeletedBy`, `ExternalCode`, `IsActive`, `IsHeader`, `Level`, `Name`, `NormalBalance`, `ParentId`, `ReportMapping`, `UpdatedAt`, `UpdatedBy`)
VALUES (@p591, @p592, @p593, @p594, @p595, @p596, @p597, @p598, @p599, @p600, @p601, @p602, @p603, @p604, @p605, @p606, @p607, @p608);
SELECT `RowVersion`
FROM `accounts`
WHERE ROW_COUNT() = 1 AND `Id` = @p591;

INSERT INTO `accounts` (`Id`, `AccountType`, `AllowPosting`, `Code`, `CreatedAt`, `CreatedBy`, `DeletedAt`, `DeletedBy`, `ExternalCode`, `IsActive`, `IsHeader`, `Level`, `Name`, `NormalBalance`, `ParentId`, `ReportMapping`, `UpdatedAt`, `UpdatedBy`)
VALUES (@p609, @p610, @p611, @p612, @p613, @p614, @p615, @p616, @p617, @p618, @p619, @p620, @p621, @p622, @p623, @p624, @p625, @p626);
SELECT `RowVersion`
FROM `accounts`
WHERE ROW_COUNT() = 1 AND `Id` = @p609;

INSERT INTO `accounts` (`Id`, `AccountType`, `AllowPosting`, `Code`, `CreatedAt`, `CreatedBy`, `DeletedAt`, `DeletedBy`, `ExternalCode`, `IsActive`, `IsHeader`, `Level`, `Name`, `NormalBalance`, `ParentId`, `ReportMapping`, `UpdatedAt`, `UpdatedBy`)
VALUES (@p627, @p628, @p629, @p630, @p631, @p632, @p633, @p634, @p635, @p636, @p637, @p638, @p639, @p640, @p641, @p642, @p643, @p644);
SELECT `RowVersion`
FROM `accounts`
WHERE ROW_COUNT() = 1 AND `Id` = @p627;

INSERT INTO `accounts` (`Id`, `AccountType`, `AllowPosting`, `Code`, `CreatedAt`, `CreatedBy`, `DeletedAt`, `DeletedBy`, `ExternalCode`, `IsActive`, `IsHeader`, `Level`, `Name`, `NormalBalance`, `ParentId`, `ReportMapping`, `UpdatedAt`, `UpdatedBy`)
VALUES (@p645, @p646, @p647, @p648, @p649, @p650, @p651, @p652, @p653, @p654, @p655, @p656, @p657, @p658, @p659, @p660, @p661, @p662);
SELECT `RowVersion`
FROM `accounts`
WHERE ROW_COUNT() = 1 AND `Id` = @p645;

INSERT INTO `accounts` (`Id`, `AccountType`, `AllowPosting`, `Code`, `CreatedAt`, `CreatedBy`, `DeletedAt`, `DeletedBy`, `ExternalCode`, `IsActive`, `IsHeader`, `Level`, `Name`, `NormalBalance`, `ParentId`, `ReportMapping`, `UpdatedAt`, `UpdatedBy`)
VALUES (@p663, @p664, @p665, @p666, @p667, @p668, @p669, @p670, @p671, @p672, @p673, @p674, @p675, @p676, @p677, @p678, @p679, @p680);
SELECT `RowVersion`
FROM `accounts`
WHERE ROW_COUNT() = 1 AND `Id` = @p663;

INSERT INTO `accounts` (`Id`, `AccountType`, `AllowPosting`, `Code`, `CreatedAt`, `CreatedBy`, `DeletedAt`, `DeletedBy`, `ExternalCode`, `IsActive`, `IsHeader`, `Level`, `Name`, `NormalBalance`, `ParentId`, `ReportMapping`, `UpdatedAt`, `UpdatedBy`)
VALUES (@p681, @p682, @p683, @p684, @p685, @p686, @p687, @p688, @p689, @p690, @p691, @p692, @p693, @p694, @p695, @p696, @p697, @p698);
SELECT `RowVersion`
FROM `accounts`
WHERE ROW_COUNT() = 1 AND `Id` = @p681;
2026-08-26 10:11:17.219 +07:00 [ERR] An exception occurred in the database while saving changes for context type 'BLUDRSUD.Infrastructure.Persistence.BludRsudDbContext'.
Microsoft.EntityFrameworkCore.DbUpdateException: An error occurred while saving the entity changes. See the inner exception for details.
 ---> MySqlConnector.MySqlException (0x80004005): Field 'RowVersion' doesn't have a default value
   at MySqlConnector.Core.ServerSession.ReceiveReplyAsync(IOBehavior ioBehavior, CancellationToken cancellationToken) in /_/src/MySqlConnector/Core/ServerSession.cs:line 1081
   at MySqlConnector.Core.ResultSet.ReadResultSetHeaderAsync(IOBehavior ioBehavior) in /_/src/MySqlConnector/Core/ResultSet.cs:line 37
   at MySqlConnector.MySqlDataReader.ActivateResultSet(CancellationToken cancellationToken) in /_/src/MySqlConnector/MySqlDataReader.cs:line 131
   at MySqlConnector.MySqlDataReader.InitAsync(CommandListPosition commandListPosition, ICommandPayloadCreator payloadCreator, IDictionary`2 cachedProcedures, IMySqlCommand command, CommandBehavior behavior, Activity activity, IOBehavior ioBehavior, CancellationToken cancellationToken) in /_/src/MySqlConnector/MySqlDataReader.cs:line 487
   at MySqlConnector.Core.CommandExecutor.ExecuteReaderAsync(CommandListPosition commandListPosition, ICommandPayloadCreator payloadCreator, CommandBehavior behavior, Activity activity, IOBehavior ioBehavior, CancellationToken cancellationToken) in /_/src/MySqlConnector/Core/CommandExecutor.cs:line 56
   at MySqlConnector.MySqlCommand.ExecuteReaderAsync(CommandBehavior behavior, IOBehavior ioBehavior, CancellationToken cancellationToken) in /_/src/MySqlConnector/MySqlCommand.cs:line 357
   at MySqlConnector.MySqlCommand.ExecuteDbDataReaderAsync(CommandBehavior behavior, CancellationToken cancellationToken) in /_/src/MySqlConnector/MySqlCommand.cs:line 350
   at Microsoft.EntityFrameworkCore.Storage.RelationalCommand.ExecuteReaderAsync(RelationalCommandParameterObject parameterObject, CancellationToken cancellationToken)
   at Microsoft.EntityFrameworkCore.Storage.RelationalCommand.ExecuteReaderAsync(RelationalCommandParameterObject parameterObject, CancellationToken cancellationToken)
   at Microsoft.EntityFrameworkCore.Update.ReaderModificationCommandBatch.ExecuteAsync(IRelationalConnection connection, CancellationToken cancellationToken)
   --- End of inner exception stack trace ---
   at Microsoft.EntityFrameworkCore.Update.ReaderModificationCommandBatch.ExecuteAsync(IRelationalConnection connection, CancellationToken cancellationToken)
   at Microsoft.EntityFrameworkCore.Update.Internal.BatchExecutor.ExecuteAsync(IEnumerable`1 commandBatches, IRelationalConnection connection, CancellationToken cancellationToken)
   at Microsoft.EntityFrameworkCore.Update.Internal.BatchExecutor.ExecuteAsync(IEnumerable`1 commandBatches, IRelationalConnection connection, CancellationToken cancellationToken)
   at Microsoft.EntityFrameworkCore.Update.Internal.BatchExecutor.ExecuteAsync(IEnumerable`1 commandBatches, IRelationalConnection connection, CancellationToken cancellationToken)
   at Microsoft.EntityFrameworkCore.Storage.RelationalDatabase.SaveChangesAsync(IList`1 entries, CancellationToken cancellationToken)
   at Microsoft.EntityFrameworkCore.ChangeTracking.Internal.StateManager.SaveChangesAsync(IList`1 entriesToSave, CancellationToken cancellationToken)
   at Microsoft.EntityFrameworkCore.ChangeTracking.Internal.StateManager.SaveChangesAsync(StateManager stateManager, Boolean acceptAllChangesOnSuccess, CancellationToken cancellationToken)
   at Pomelo.EntityFrameworkCore.MySql.Storage.Internal.MySqlExecutionStrategy.ExecuteAsync[TState,TResult](TState state, Func`4 operation, Func`4 verifySucceeded, CancellationToken cancellationToken)
   at Microsoft.EntityFrameworkCore.DbContext.SaveChangesAsync(Boolean acceptAllChangesOnSuccess, CancellationToken cancellationToken)
Microsoft.EntityFrameworkCore.DbUpdateException: An error occurred while saving the entity changes. See the inner exception for details.
 ---> MySqlConnector.MySqlException (0x80004005): Field 'RowVersion' doesn't have a default value
   at MySqlConnector.Core.ServerSession.ReceiveReplyAsync(IOBehavior ioBehavior, CancellationToken cancellationToken) in /_/src/MySqlConnector/Core/ServerSession.cs:line 1081
   at MySqlConnector.Core.ResultSet.ReadResultSetHeaderAsync(IOBehavior ioBehavior) in /_/src/MySqlConnector/Core/ResultSet.cs:line 37
   at MySqlConnector.MySqlDataReader.ActivateResultSet(CancellationToken cancellationToken) in /_/src/MySqlConnector/MySqlDataReader.cs:line 131
   at MySqlConnector.MySqlDataReader.InitAsync(CommandListPosition commandListPosition, ICommandPayloadCreator payloadCreator, IDictionary`2 cachedProcedures, IMySqlCommand command, CommandBehavior behavior, Activity activity, IOBehavior ioBehavior, CancellationToken cancellationToken) in /_/src/MySqlConnector/MySqlDataReader.cs:line 487
   at MySqlConnector.Core.CommandExecutor.ExecuteReaderAsync(CommandListPosition commandListPosition, ICommandPayloadCreator payloadCreator, CommandBehavior behavior, Activity activity, IOBehavior ioBehavior, CancellationToken cancellationToken) in /_/src/MySqlConnector/Core/CommandExecutor.cs:line 56
   at MySqlConnector.MySqlCommand.ExecuteReaderAsync(CommandBehavior behavior, IOBehavior ioBehavior, CancellationToken cancellationToken) in /_/src/MySqlConnector/MySqlCommand.cs:line 357
   at MySqlConnector.MySqlCommand.ExecuteDbDataReaderAsync(CommandBehavior behavior, CancellationToken cancellationToken) in /_/src/MySqlConnector/MySqlCommand.cs:line 350
   at Microsoft.EntityFrameworkCore.Storage.RelationalCommand.ExecuteReaderAsync(RelationalCommandParameterObject parameterObject, CancellationToken cancellationToken)
   at Microsoft.EntityFrameworkCore.Storage.RelationalCommand.ExecuteReaderAsync(RelationalCommandParameterObject parameterObject, CancellationToken cancellationToken)
   at Microsoft.EntityFrameworkCore.Update.ReaderModificationCommandBatch.ExecuteAsync(IRelationalConnection connection, CancellationToken cancellationToken)
   --- End of inner exception stack trace ---
   at Microsoft.EntityFrameworkCore.Update.ReaderModificationCommandBatch.ExecuteAsync(IRelationalConnection connection, CancellationToken cancellationToken)
   at Microsoft.EntityFrameworkCore.Update.Internal.BatchExecutor.ExecuteAsync(IEnumerable`1 commandBatches, IRelationalConnection connection, CancellationToken cancellationToken)
   at Microsoft.EntityFrameworkCore.Update.Internal.BatchExecutor.ExecuteAsync(IEnumerable`1 commandBatches, IRelationalConnection connection, CancellationToken cancellationToken)
   at Microsoft.EntityFrameworkCore.Update.Internal.BatchExecutor.ExecuteAsync(IEnumerable`1 commandBatches, IRelationalConnection connection, CancellationToken cancellationToken)
   at Microsoft.EntityFrameworkCore.Storage.RelationalDatabase.SaveChangesAsync(IList`1 entries, CancellationToken cancellationToken)
   at Microsoft.EntityFrameworkCore.ChangeTracking.Internal.StateManager.SaveChangesAsync(IList`1 entriesToSave, CancellationToken cancellationToken)
   at Microsoft.EntityFrameworkCore.ChangeTracking.Internal.StateManager.SaveChangesAsync(StateManager stateManager, Boolean acceptAllChangesOnSuccess, CancellationToken cancellationToken)
   at Pomelo.EntityFrameworkCore.MySql.Storage.Internal.MySqlExecutionStrategy.ExecuteAsync[TState,TResult](TState state, Func`4 operation, Func`4 verifySucceeded, CancellationToken cancellationToken)
   at Microsoft.EntityFrameworkCore.DbContext.SaveChangesAsync(Boolean acceptAllChangesOnSuccess, CancellationToken cancellationToken)
2026-08-26 10:11:17.235 +07:00 [FTL] Host terminated unexpectedly.
Microsoft.EntityFrameworkCore.DbUpdateException: An error occurred while saving the entity changes. See the inner exception for details.
 ---> MySqlConnector.MySqlException (0x80004005): Field 'RowVersion' doesn't have a default value
   at MySqlConnector.Core.ServerSession.ReceiveReplyAsync(IOBehavior ioBehavior, CancellationToken cancellationToken) in /_/src/MySqlConnector/Core/ServerSession.cs:line 1081
   at MySqlConnector.Core.ResultSet.ReadResultSetHeaderAsync(IOBehavior ioBehavior) in /_/src/MySqlConnector/Core/ResultSet.cs:line 37
   at MySqlConnector.MySqlDataReader.ActivateResultSet(CancellationToken cancellationToken) in /_/src/MySqlConnector/MySqlDataReader.cs:line 131
   at MySqlConnector.MySqlDataReader.InitAsync(CommandListPosition commandListPosition, ICommandPayloadCreator payloadCreator, IDictionary`2 cachedProcedures, IMySqlCommand command, CommandBehavior behavior, Activity activity, IOBehavior ioBehavior, CancellationToken cancellationToken) in /_/src/MySqlConnector/MySqlDataReader.cs:line 487
   at MySqlConnector.Core.CommandExecutor.ExecuteReaderAsync(CommandListPosition commandListPosition, ICommandPayloadCreator payloadCreator, CommandBehavior behavior, Activity activity, IOBehavior ioBehavior, CancellationToken cancellationToken) in /_/src/MySqlConnector/Core/CommandExecutor.cs:line 56
   at MySqlConnector.MySqlCommand.ExecuteReaderAsync(CommandBehavior behavior, IOBehavior ioBehavior, CancellationToken cancellationToken) in /_/src/MySqlConnector/MySqlCommand.cs:line 357
   at MySqlConnector.MySqlCommand.ExecuteDbDataReaderAsync(CommandBehavior behavior, CancellationToken cancellationToken) in /_/src/MySqlConnector/MySqlCommand.cs:line 350
   at Microsoft.EntityFrameworkCore.Storage.RelationalCommand.ExecuteReaderAsync(RelationalCommandParameterObject parameterObject, CancellationToken cancellationToken)
   at Microsoft.EntityFrameworkCore.Storage.RelationalCommand.ExecuteReaderAsync(RelationalCommandParameterObject parameterObject, CancellationToken cancellationToken)
   at Microsoft.EntityFrameworkCore.Update.ReaderModificationCommandBatch.ExecuteAsync(IRelationalConnection connection, CancellationToken cancellationToken)
   --- End of inner exception stack trace ---
   at Microsoft.EntityFrameworkCore.Update.ReaderModificationCommandBatch.ExecuteAsync(IRelationalConnection connection, CancellationToken cancellationToken)
   at Microsoft.EntityFrameworkCore.Update.Internal.BatchExecutor.ExecuteAsync(IEnumerable`1 commandBatches, IRelationalConnection connection, CancellationToken cancellationToken)
   at Microsoft.EntityFrameworkCore.Update.Internal.BatchExecutor.ExecuteAsync(IEnumerable`1 commandBatches, IRelationalConnection connection, CancellationToken cancellationToken)
   at Microsoft.EntityFrameworkCore.Update.Internal.BatchExecutor.ExecuteAsync(IEnumerable`1 commandBatches, IRelationalConnection connection, CancellationToken cancellationToken)
   at Microsoft.EntityFrameworkCore.Storage.RelationalDatabase.SaveChangesAsync(IList`1 entries, CancellationToken cancellationToken)
   at Microsoft.EntityFrameworkCore.ChangeTracking.Internal.StateManager.SaveChangesAsync(IList`1 entriesToSave, CancellationToken cancellationToken)
   at Microsoft.EntityFrameworkCore.ChangeTracking.Internal.StateManager.SaveChangesAsync(StateManager stateManager, Boolean acceptAllChangesOnSuccess, CancellationToken cancellationToken)
   at Pomelo.EntityFrameworkCore.MySql.Storage.Internal.MySqlExecutionStrategy.ExecuteAsync[TState,TResult](TState state, Func`4 operation, Func`4 verifySucceeded, CancellationToken cancellationToken)
   at Microsoft.EntityFrameworkCore.DbContext.SaveChangesAsync(Boolean acceptAllChangesOnSuccess, CancellationToken cancellationToken)
   at Microsoft.EntityFrameworkCore.DbContext.SaveChangesAsync(Boolean acceptAllChangesOnSuccess, CancellationToken cancellationToken)
   at BLUDRSUD.Infrastructure.Persistence.DbSeeder.SeedAsync(BludRsudDbContext db, UserManager`1 userManager, RoleManager`1 roleManager, ILoggerFactory loggerFactory, CancellationToken ct) in D:\sandi\BLUD\src\BLUDRSUD.Infrastructure\Persistence\DbSeeder.cs:line 41
   at Program.<Main>$(String[] args) in D:\sandi\BLUD\src\bludrsud.web\Program.cs:line 120
2026-08-26 10:14:45.021 +07:00 [INF] Seeded 49 chart-of-accounts entries.
2026-08-26 10:14:45.082 +07:00 [INF] Seeded organization tree.
2026-08-26 10:14:45.126 +07:00 [INF] Seeded cost centers.
2026-08-26 10:14:45.158 +07:00 [INF] Seeded fund sources.
2026-08-26 10:14:45.202 +07:00 [INF] Seeded 2026 accounting periods.
2026-08-26 10:14:45.359 +07:00 [ERR] Failed executing DbCommand (18ms) [Parameters=[@p0='?' (DbType = Guid), @p1='?' (DbType = DateTime), @p2='?' (Size = 100), @p3='?' (Size = 20), @p4='?' (DbType = DateTime), @p5='?' (Size = 100), @p6='?' (DbType = DateTime), @p7='?' (Size = 100), @p8='?' (DbType = DateTime), @p9='?' (DbType = Int32), @p10='?' (DbType = Boolean), @p11='?' (Size = 100), @p12='?' (DbType = Int32), @p13='?' (Size = 20), @p14='?' (DbType = DateTime), @p15='?' (Size = 20), @p16='?' (DbType = DateTime), @p17='?' (Size = 100), @p18='?' (DbType = Guid), @p19='?' (DbType = DateTime), @p20='?' (Size = 100), @p21='?' (Size = 20), @p22='?' (DbType = DateTime), @p23='?' (Size = 100), @p24='?' (DbType = DateTime), @p25='?' (Size = 100), @p26='?' (DbType = DateTime), @p27='?' (DbType = Int32), @p28='?' (DbType = Boolean), @p29='?' (Size = 100), @p30='?' (DbType = Int32), @p31='?' (Size = 20), @p32='?' (DbType = DateTime), @p33='?' (Size = 20), @p34='?' (DbType = DateTime), @p35='?' (Size = 100), @p36='?' (DbType = Guid), @p37='?' (DbType = DateTime), @p38='?' (Size = 100), @p39='?' (Size = 20), @p40='?' (DbType = DateTime), @p41='?' (Size = 100), @p42='?' (DbType = DateTime), @p43='?' (Size = 100), @p44='?' (DbType = DateTime), @p45='?' (DbType = Int32), @p46='?' (DbType = Boolean), @p47='?' (Size = 100), @p48='?' (DbType = Int32), @p49='?' (Size = 20), @p50='?' (DbType = DateTime), @p51='?' (Size = 20), @p52='?' (DbType = DateTime), @p53='?' (Size = 100), @p54='?' (DbType = Guid), @p55='?' (DbType = DateTime), @p56='?' (Size = 100), @p57='?' (Size = 20), @p58='?' (DbType = DateTime), @p59='?' (Size = 100), @p60='?' (DbType = DateTime), @p61='?' (Size = 100), @p62='?' (DbType = DateTime), @p63='?' (DbType = Int32), @p64='?' (DbType = Boolean), @p65='?' (Size = 100), @p66='?' (DbType = Int32), @p67='?' (Size = 20), @p68='?' (DbType = DateTime), @p69='?' (Size = 20), @p70='?' (DbType = DateTime), @p71='?' (Size = 100), @p72='?' (DbType = Guid), @p73='?' (DbType = DateTime), @p74='?' (Size = 100), @p75='?' (Size = 20), @p76='?' (DbType = DateTime), @p77='?' (Size = 100), @p78='?' (DbType = DateTime), @p79='?' (Size = 100), @p80='?' (DbType = DateTime), @p81='?' (DbType = Int32), @p82='?' (DbType = Boolean), @p83='?' (Size = 100), @p84='?' (DbType = Int32), @p85='?' (Size = 20), @p86='?' (DbType = DateTime), @p87='?' (Size = 20), @p88='?' (DbType = DateTime), @p89='?' (Size = 100), @p90='?' (DbType = Guid), @p91='?' (DbType = DateTime), @p92='?' (Size = 100), @p93='?' (Size = 20), @p94='?' (DbType = DateTime), @p95='?' (Size = 100), @p96='?' (DbType = DateTime), @p97='?' (Size = 100), @p98='?' (DbType = DateTime), @p99='?' (DbType = Int32), @p100='?' (DbType = Boolean), @p101='?' (Size = 100), @p102='?' (DbType = Int32), @p103='?' (Size = 20), @p104='?' (DbType = DateTime), @p105='?' (Size = 20), @p106='?' (DbType = DateTime), @p107='?' (Size = 100), @p108='?' (DbType = Guid), @p109='?' (DbType = DateTime), @p110='?' (Size = 100), @p111='?' (Size = 20), @p112='?' (DbType = DateTime), @p113='?' (Size = 100), @p114='?' (DbType = DateTime), @p115='?' (Size = 100), @p116='?' (DbType = DateTime), @p117='?' (DbType = Int32), @p118='?' (DbType = Boolean), @p119='?' (Size = 100), @p120='?' (DbType = Int32), @p121='?' (Size = 20), @p122='?' (DbType = DateTime), @p123='?' (Size = 20), @p124='?' (DbType = DateTime), @p125='?' (Size = 100), @p126='?' (DbType = Guid), @p127='?' (DbType = DateTime), @p128='?' (Size = 100), @p129='?' (Size = 20), @p130='?' (DbType = DateTime), @p131='?' (Size = 100), @p132='?' (DbType = DateTime), @p133='?' (Size = 100), @p134='?' (DbType = DateTime), @p135='?' (DbType = Int32), @p136='?' (DbType = Boolean), @p137='?' (Size = 100), @p138='?' (DbType = Int32), @p139='?' (Size = 20), @p140='?' (DbType = DateTime), @p141='?' (Size = 20), @p142='?' (DbType = DateTime), @p143='?' (Size = 100), @p144='?' (DbType = Guid), @p145='?' (DbType = DateTime), @p146='?' (Size = 100), @p147='?' (Size = 20), @p148='?' (DbType = DateTime), @p149='?' (Size = 100), @p150='?' (DbType = DateTime), @p151='?' (Size = 100), @p152='?' (DbType = DateTime), @p153='?' (DbType = Int32), @p154='?' (DbType = Boolean), @p155='?' (Size = 100), @p156='?' (DbType = Int32), @p157='?' (Size = 20), @p158='?' (DbType = DateTime), @p159='?' (Size = 20), @p160='?' (DbType = DateTime), @p161='?' (Size = 100), @p162='?' (DbType = Guid), @p163='?' (DbType = DateTime), @p164='?' (Size = 100), @p165='?' (Size = 20), @p166='?' (DbType = DateTime), @p167='?' (Size = 100), @p168='?' (DbType = DateTime), @p169='?' (Size = 100), @p170='?' (DbType = DateTime), @p171='?' (DbType = Int32), @p172='?' (DbType = Boolean), @p173='?' (Size = 100), @p174='?' (DbType = Int32), @p175='?' (Size = 20), @p176='?' (DbType = DateTime), @p177='?' (Size = 20), @p178='?' (DbType = DateTime), @p179='?' (Size = 100), @p180='?' (DbType = Guid), @p181='?' (DbType = DateTime), @p182='?' (Size = 100), @p183='?' (Size = 20), @p184='?' (DbType = DateTime), @p185='?' (Size = 100), @p186='?' (DbType = DateTime), @p187='?' (Size = 100), @p188='?' (DbType = DateTime), @p189='?' (DbType = Int32), @p190='?' (DbType = Boolean), @p191='?' (Size = 100), @p192='?' (DbType = Int32), @p193='?' (Size = 20), @p194='?' (DbType = DateTime), @p195='?' (Size = 20), @p196='?' (DbType = DateTime), @p197='?' (Size = 100), @p198='?' (DbType = Guid), @p199='?' (DbType = DateTime), @p200='?' (Size = 100), @p201='?' (Size = 20), @p202='?' (DbType = DateTime), @p203='?' (Size = 100), @p204='?' (DbType = DateTime), @p205='?' (Size = 100), @p206='?' (DbType = DateTime), @p207='?' (DbType = Int32), @p208='?' (DbType = Boolean), @p209='?' (Size = 100), @p210='?' (DbType = Int32), @p211='?' (Size = 20), @p212='?' (DbType = DateTime), @p213='?' (Size = 20), @p214='?' (DbType = DateTime), @p215='?' (Size = 100), @p216='?' (DbType = Guid), @p217='?' (DbType = DateTime), @p218='?' (Size = 100), @p219='?' (Size = 20), @p220='?' (DbType = DateTime), @p221='?' (Size = 100), @p222='?' (DbType = DateTime), @p223='?' (Size = 100), @p224='?' (DbType = DateTime), @p225='?' (DbType = Int32), @p226='?' (DbType = Boolean), @p227='?' (Size = 100), @p228='?' (DbType = Int32), @p229='?' (Size = 20), @p230='?' (DbType = DateTime), @p231='?' (Size = 20), @p232='?' (DbType = DateTime), @p233='?' (Size = 100), @p234='?' (DbType = Guid), @p235='?' (Size = 30), @p236='?' (DbType = Boolean), @p237='?' (Size = 50), @p238='?' (DbType = DateTime), @p239='?' (Size = 100), @p240='?' (DbType = DateTime), @p241='?' (Size = 100), @p242='?' (Size = 50), @p243='?' (DbType = Boolean), @p244='?' (DbType = Boolean), @p245='?' (DbType = Int32), @p246='?' (Size = 255), @p247='?' (Size = 10), @p248='?' (DbType = Guid), @p249='?' (Size = 40), @p250='?' (DbType = DateTime), @p251='?' (Size = 100), @p252='?' (DbType = Guid), @p253='?' (Size = 30), @p254='?' (DbType = Boolean), @p255='?' (Size = 50), @p256='?' (DbType = DateTime), @p257='?' (Size = 100), @p258='?' (DbType = DateTime), @p259='?' (Size = 100), @p260='?' (Size = 50), @p261='?' (DbType = Boolean), @p262='?' (DbType = Boolean), @p263='?' (DbType = Int32), @p264='?' (Size = 255), @p265='?' (Size = 10), @p266='?' (DbType = Guid), @p267='?' (Size = 40), @p268='?' (DbType = DateTime), @p269='?' (Size = 100), @p270='?' (DbType = Guid), @p271='?' (Size = 30), @p272='?' (DbType = Boolean), @p273='?' (Size = 50), @p274='?' (DbType = DateTime), @p275='?' (Size = 100), @p276='?' (DbType = DateTime), @p277='?' (Size = 100), @p278='?' (Size = 50), @p279='?' (DbType = Boolean), @p280='?' (DbType = Boolean), @p281='?' (DbType = Int32), @p282='?' (Size = 255), @p283='?' (Size = 10), @p284='?' (DbType = Guid), @p285='?' (Size = 40), @p286='?' (DbType = DateTime), @p287='?' (Size = 100), @p288='?' (DbType = Guid), @p289='?' (Size = 30), @p290='?' (DbType = Boolean), @p291='?' (Size = 50), @p292='?' (DbType = DateTime), @p293='?' (Size = 100), @p294='?' (DbType = DateTime), @p295='?' (Size = 100), @p296='?' (Size = 50), @p297='?' (DbType = Boolean), @p298='?' (DbType = Boolean), @p299='?' (DbType = Int32), @p300='?' (Size = 255), @p301='?' (Size = 10), @p302='?' (DbType = Guid), @p303='?' (Size = 40), @p304='?' (DbType = DateTime), @p305='?' (Size = 100), @p306='?' (DbType = Guid), @p307='?' (Size = 30), @p308='?' (DbType = Boolean), @p309='?' (Size = 50), @p310='?' (DbType = DateTime), @p311='?' (Size = 100), @p312='?' (DbType = DateTime), @p313='?' (Size = 100), @p314='?' (Size = 50), @p315='?' (DbType = Boolean), @p316='?' (DbType = Boolean), @p317='?' (DbType = Int32), @p318='?' (Size = 255), @p319='?' (Size = 10), @p320='?' (DbType = Guid), @p321='?' (Size = 40), @p322='?' (DbType = DateTime), @p323='?' (Size = 100), @p324='?' (DbType = Guid), @p325='?' (Size = 30), @p326='?' (DbType = Boolean), @p327='?' (Size = 50), @p328='?' (DbType = DateTime), @p329='?' (Size = 100), @p330='?' (DbType = DateTime), @p331='?' (Size = 100), @p332='?' (Size = 50), @p333='?' (DbType = Boolean), @p334='?' (DbType = Boolean), @p335='?' (DbType = Int32), @p336='?' (Size = 255), @p337='?' (Size = 10), @p338='?' (DbType = Guid), @p339='?' (Size = 40), @p340='?' (DbType = DateTime), @p341='?' (Size = 100), @p342='?' (DbType = Guid), @p343='?' (Size = 30), @p344='?' (DbType = Boolean), @p345='?' (Size = 50), @p346='?' (DbType = DateTime), @p347='?' (Size = 100), @p348='?' (DbType = DateTime), @p349='?' (Size = 100), @p350='?' (Size = 50), @p351='?' (DbType = Boolean), @p352='?' (DbType = Boolean), @p353='?' (DbType = Int32), @p354='?' (Size = 255), @p355='?' (Size = 10), @p356='?' (DbType = Guid), @p357='?' (Size = 40), @p358='?' (DbType = DateTime), @p359='?' (Size = 100), @p360='?' (DbType = Guid), @p361='?' (Size = 50), @p362='?' (Size = 50), @p363='?' (DbType = DateTime), @p364='?' (Size = 100), @p365='?' (DbType = DateTime), @p366='?' (Size = 100), @p367='?' (Size = 500), @p368='?' (DbType = Boolean), @p369='?' (Size = 255), @p370='?' (DbType = Guid), @p371='?' (DbType = Guid), @p372='?' (DbType = DateTime), @p373='?' (Size = 100), @p374='?' (DbType = Guid), @p375='?' (Size = 50), @p376='?' (Size = 50), @p377='?' (DbType = DateTime), @p378='?' (Size = 100), @p379='?' (DbType = DateTime), @p380='?' (Size = 100), @p381='?' (Size = 500), @p382='?' (DbType = Boolean), @p383='?' (Size = 255), @p384='?' (DbType = Guid), @p385='?' (DbType = Guid), @p386='?' (DbType = DateTime), @p387='?' (Size = 100), @p388='?' (DbType = Guid), @p389='?' (Size = 50), @p390='?' (Size = 50), @p391='?' (DbType = DateTime), @p392='?' (Size = 100), @p393='?' (DbType = DateTime), @p394='?' (Size = 100), @p395='?' (Size = 500), @p396='?' (DbType = Boolean), @p397='?' (Size = 255), @p398='?' (DbType = Guid), @p399='?' (DbType = Guid), @p400='?' (DbType = DateTime), @p401='?' (Size = 100), @p402='?' (DbType = Guid), @p403='?' (Size = 50), @p404='?' (Size = 50), @p405='?' (DbType = DateTime), @p406='?' (Size = 100), @p407='?' (DbType = DateTime), @p408='?' (Size = 100), @p409='?' (Size = 500), @p410='?' (DbType = Boolean), @p411='?' (Size = 255), @p412='?' (DbType = Guid), @p413='?' (DbType = Guid), @p414='?' (DbType = DateTime), @p415='?' (Size = 100), @p416='?' (DbType = Guid), @p417='?' (Size = 50), @p418='?' (Size = 50), @p419='?' (DbType = DateTime), @p420='?' (Size = 100), @p421='?' (DbType = DateTime), @p422='?' (Size = 100), @p423='?' (Size = 500), @p424='?' (DbType = Boolean), @p425='?' (Size = 255), @p426='?' (DbType = Guid), @p427='?' (DbType = Guid), @p428='?' (DbType = DateTime), @p429='?' (Size = 100), @p430='?' (DbType = Guid), @p431='?' (Size = 50), @p432='?' (Size = 50), @p433='?' (DbType = DateTime), @p434='?' (Size = 100), @p435='?' (DbType = DateTime), @p436='?' (Size = 100), @p437='?' (Size = 500), @p438='?' (DbType = Boolean), @p439='?' (Size = 255), @p440='?' (DbType = Guid), @p441='?' (DbType = Guid), @p442='?' (DbType = DateTime), @p443='?' (Size = 100), @p444='?' (DbType = Guid), @p445='?' (Size = 50), @p446='?' (Size = 50), @p447='?' (DbType = DateTime), @p448='?' (Size = 100), @p449='?' (DbType = DateTime), @p450='?' (Size = 100), @p451='?' (Size = 500), @p452='?' (DbType = Boolean), @p453='?' (Size = 255), @p454='?' (DbType = Guid), @p455='?' (DbType = Guid), @p456='?' (DbType = DateTime), @p457='?' (Size = 100), @p458='?' (DbType = Guid), @p459='?' (Size = 50), @p460='?' (DbType = DateTime), @p461='?' (Size = 100), @p462='?' (DbType = DateTime), @p463='?' (Size = 100), @p464='?' (Size = 500), @p465='?' (Size = 50), @p466='?' (DbType = Boolean), @p467='?' (Size = 255), @p468='?' (DbType = Guid), @p469='?' (DbType = DateTime), @p470='?' (Size = 100), @p471='?' (DbType = Guid), @p472='?' (Size = 50), @p473='?' (DbType = DateTime), @p474='?' (Size = 100), @p475='?' (DbType = DateTime), @p476='?' (Size = 100), @p477='?' (Size = 500), @p478='?' (Size = 50), @p479='?' (DbType = Boolean), @p480='?' (Size = 255), @p481='?' (DbType = Guid), @p482='?' (DbType = DateTime), @p483='?' (Size = 100), @p484='?' (DbType = Guid), @p485='?' (Size = 50), @p486='?' (DbType = DateTime), @p487='?' (Size = 100), @p488='?' (DbType = DateTime), @p489='?' (Size = 100), @p490='?' (Size = 500), @p491='?' (Size = 50), @p492='?' (DbType = Boolean), @p493='?' (Size = 255), @p494='?' (DbType = Guid), @p495='?' (DbType = DateTime), @p496='?' (Size = 100), @p497='?' (DbType = Guid), @p498='?' (Size = 50), @p499='?' (DbType = DateTime), @p500='?' (Size = 100), @p501='?' (DbType = DateTime), @p502='?' (Size = 100), @p503='?' (Size = 500), @p504='?' (Size = 50), @p505='?' (DbType = Boolean), @p506='?' (Size = 255), @p507='?' (DbType = Guid), @p508='?' (DbType = DateTime), @p509='?' (Size = 100), @p510='?' (DbType = Guid), @p511='?' (Size = 50), @p512='?' (DbType = DateTime), @p513='?' (Size = 100), @p514='?' (DbType = DateTime), @p515='?' (Size = 100), @p516='?' (Size = 500), @p517='?' (Size = 50), @p518='?' (DbType = Boolean), @p519='?' (Size = 255), @p520='?' (DbType = Guid), @p521='?' (DbType = DateTime), @p522='?' (Size = 100), @p523='?' (DbType = Guid), @p524='?' (Size = 50), @p525='?' (DbType = DateTime), @p526='?' (Size = 100), @p527='?' (DbType = DateTime), @p528='?' (Size = 100), @p529='?' (Size = 200), @p530='?' (DbType = Boolean), @p531='?' (DbType = Int32), @p532='?' (Size = 255), @p533='?' (Size = 50), @p534='?' (DbType = Guid), @p535='?' (DbType = DateTime), @p536='?' (Size = 100), @p537='?' (DbType = Guid), @p538='?' (Size = 30), @p539='?' (DbType = Boolean), @p540='?' (Size = 50), @p541='?' (DbType = DateTime), @p542='?' (Size = 100), @p543='?' (DbType = DateTime), @p544='?' (Size = 100), @p545='?' (Size = 50), @p546='?' (DbType = Boolean), @p547='?' (DbType = Boolean), @p548='?' (DbType = Int32), @p549='?' (Size = 255), @p550='?' (Size = 10), @p551='?' (DbType = Guid), @p552='?' (Size = 40), @p553='?' (DbType = DateTime), @p554='?' (Size = 100), @p555='?' (DbType = Guid), @p556='?' (Size = 30), @p557='?' (DbType = Boolean), @p558='?' (Size = 50), @p559='?' (DbType = DateTime), @p560='?' (Size = 100), @p561='?' (DbType = DateTime), @p562='?' (Size = 100), @p563='?' (Size = 50), @p564='?' (DbType = Boolean), @p565='?' (DbType = Boolean), @p566='?' (DbType = Int32), @p567='?' (Size = 255), @p568='?' (Size = 10), @p569='?' (DbType = Guid), @p570='?' (Size = 40), @p571='?' (DbType = DateTime), @p572='?' (Size = 100), @p573='?' (DbType = Guid), @p574='?' (Size = 30), @p575='?' (DbType = Boolean), @p576='?' (Size = 50), @p577='?' (DbType = DateTime), @p578='?' (Size = 100), @p579='?' (DbType = DateTime), @p580='?' (Size = 100), @p581='?' (Size = 50), @p582='?' (DbType = Boolean), @p583='?' (DbType = Boolean), @p584='?' (DbType = Int32), @p585='?' (Size = 255), @p586='?' (Size = 10), @p587='?' (DbType = Guid), @p588='?' (Size = 40), @p589='?' (DbType = DateTime), @p590='?' (Size = 100), @p591='?' (DbType = Guid), @p592='?' (Size = 30), @p593='?' (DbType = Boolean), @p594='?' (Size = 50), @p595='?' (DbType = DateTime), @p596='?' (Size = 100), @p597='?' (DbType = DateTime), @p598='?' (Size = 100), @p599='?' (Size = 50), @p600='?' (DbType = Boolean), @p601='?' (DbType = Boolean), @p602='?' (DbType = Int32), @p603='?' (Size = 255), @p604='?' (Size = 10), @p605='?' (DbType = Guid), @p606='?' (Size = 40), @p607='?' (DbType = DateTime), @p608='?' (Size = 100), @p609='?' (DbType = Guid), @p610='?' (Size = 30), @p611='?' (DbType = Boolean), @p612='?' (Size = 50), @p613='?' (DbType = DateTime), @p614='?' (Size = 100), @p615='?' (DbType = DateTime), @p616='?' (Size = 100), @p617='?' (Size = 50), @p618='?' (DbType = Boolean), @p619='?' (DbType = Boolean), @p620='?' (DbType = Int32), @p621='?' (Size = 255), @p622='?' (Size = 10), @p623='?' (DbType = Guid), @p624='?' (Size = 40), @p625='?' (DbType = DateTime), @p626='?' (Size = 100), @p627='?' (DbType = Guid), @p628='?' (Size = 30), @p629='?' (DbType = Boolean), @p630='?' (Size = 50), @p631='?' (DbType = DateTime), @p632='?' (Size = 100), @p633='?' (DbType = DateTime), @p634='?' (Size = 100), @p635='?' (Size = 50), @p636='?' (DbType = Boolean), @p637='?' (DbType = Boolean), @p638='?' (DbType = Int32), @p639='?' (Size = 255), @p640='?' (Size = 10), @p641='?' (DbType = Guid), @p642='?' (Size = 40), @p643='?' (DbType = DateTime), @p644='?' (Size = 100), @p645='?' (DbType = Guid), @p646='?' (Size = 30), @p647='?' (DbType = Boolean), @p648='?' (Size = 50), @p649='?' (DbType = DateTime), @p650='?' (Size = 100), @p651='?' (DbType = DateTime), @p652='?' (Size = 100), @p653='?' (Size = 50), @p654='?' (DbType = Boolean), @p655='?' (DbType = Boolean), @p656='?' (DbType = Int32), @p657='?' (Size = 255), @p658='?' (Size = 10), @p659='?' (DbType = Guid), @p660='?' (Size = 40), @p661='?' (DbType = DateTime), @p662='?' (Size = 100), @p663='?' (DbType = Guid), @p664='?' (Size = 30), @p665='?' (DbType = Boolean), @p666='?' (Size = 50), @p667='?' (DbType = DateTime), @p668='?' (Size = 100), @p669='?' (DbType = DateTime), @p670='?' (Size = 100), @p671='?' (Size = 50), @p672='?' (DbType = Boolean), @p673='?' (DbType = Boolean), @p674='?' (DbType = Int32), @p675='?' (Size = 255), @p676='?' (Size = 10), @p677='?' (DbType = Guid), @p678='?' (Size = 40), @p679='?' (DbType = DateTime), @p680='?' (Size = 100), @p681='?' (DbType = Guid), @p682='?' (Size = 30), @p683='?' (DbType = Boolean), @p684='?' (Size = 50), @p685='?' (DbType = DateTime), @p686='?' (Size = 100), @p687='?' (DbType = DateTime), @p688='?' (Size = 100), @p689='?' (Size = 50), @p690='?' (DbType = Boolean), @p691='?' (DbType = Boolean), @p692='?' (DbType = Int32), @p693='?' (Size = 255), @p694='?' (Size = 10), @p695='?' (DbType = Guid), @p696='?' (Size = 40), @p697='?' (DbType = DateTime), @p698='?' (Size = 100)], CommandType='"Text"', CommandTimeout='30']
INSERT INTO `accounting_periods` (`Id`, `ClosedAt`, `ClosedBy`, `Code`, `CreatedAt`, `CreatedBy`, `DeletedAt`, `DeletedBy`, `EndDate`, `FiscalYear`, `IsCurrent`, `Name`, `PeriodNumber`, `PeriodType`, `StartDate`, `Status`, `UpdatedAt`, `UpdatedBy`)
VALUES (@p0, @p1, @p2, @p3, @p4, @p5, @p6, @p7, @p8, @p9, @p10, @p11, @p12, @p13, @p14, @p15, @p16, @p17);
SELECT `RowVersion`
FROM `accounting_periods`
WHERE ROW_COUNT() = 1 AND `Id` = @p0;

INSERT INTO `accounting_periods` (`Id`, `ClosedAt`, `ClosedBy`, `Code`, `CreatedAt`, `CreatedBy`, `DeletedAt`, `DeletedBy`, `EndDate`, `FiscalYear`, `IsCurrent`, `Name`, `PeriodNumber`, `PeriodType`, `StartDate`, `Status`, `UpdatedAt`, `UpdatedBy`)
VALUES (@p18, @p19, @p20, @p21, @p22, @p23, @p24, @p25, @p26, @p27, @p28, @p29, @p30, @p31, @p32, @p33, @p34, @p35);
SELECT `RowVersion`
FROM `accounting_periods`
WHERE ROW_COUNT() = 1 AND `Id` = @p18;

INSERT INTO `accounting_periods` (`Id`, `ClosedAt`, `ClosedBy`, `Code`, `CreatedAt`, `CreatedBy`, `DeletedAt`, `DeletedBy`, `EndDate`, `FiscalYear`, `IsCurrent`, `Name`, `PeriodNumber`, `PeriodType`, `StartDate`, `Status`, `UpdatedAt`, `UpdatedBy`)
VALUES (@p36, @p37, @p38, @p39, @p40, @p41, @p42, @p43, @p44, @p45, @p46, @p47, @p48, @p49, @p50, @p51, @p52, @p53);
SELECT `RowVersion`
FROM `accounting_periods`
WHERE ROW_COUNT() = 1 AND `Id` = @p36;

INSERT INTO `accounting_periods` (`Id`, `ClosedAt`, `ClosedBy`, `Code`, `CreatedAt`, `CreatedBy`, `DeletedAt`, `DeletedBy`, `EndDate`, `FiscalYear`, `IsCurrent`, `Name`, `PeriodNumber`, `PeriodType`, `StartDate`, `Status`, `UpdatedAt`, `UpdatedBy`)
VALUES (@p54, @p55, @p56, @p57, @p58, @p59, @p60, @p61, @p62, @p63, @p64, @p65, @p66, @p67, @p68, @p69, @p70, @p71);
SELECT `RowVersion`
FROM `accounting_periods`
WHERE ROW_COUNT() = 1 AND `Id` = @p54;

INSERT INTO `accounting_periods` (`Id`, `ClosedAt`, `ClosedBy`, `Code`, `CreatedAt`, `CreatedBy`, `DeletedAt`, `DeletedBy`, `EndDate`, `FiscalYear`, `IsCurrent`, `Name`, `PeriodNumber`, `PeriodType`, `StartDate`, `Status`, `UpdatedAt`, `UpdatedBy`)
VALUES (@p72, @p73, @p74, @p75, @p76, @p77, @p78, @p79, @p80, @p81, @p82, @p83, @p84, @p85, @p86, @p87, @p88, @p89);
SELECT `RowVersion`
FROM `accounting_periods`
WHERE ROW_COUNT() = 1 AND `Id` = @p72;

INSERT INTO `accounting_periods` (`Id`, `ClosedAt`, `ClosedBy`, `Code`, `CreatedAt`, `CreatedBy`, `DeletedAt`, `DeletedBy`, `EndDate`, `FiscalYear`, `IsCurrent`, `Name`, `PeriodNumber`, `PeriodType`, `StartDate`, `Status`, `UpdatedAt`, `UpdatedBy`)
VALUES (@p90, @p91, @p92, @p93, @p94, @p95, @p96, @p97, @p98, @p99, @p100, @p101, @p102, @p103, @p104, @p105, @p106, @p107);
SELECT `RowVersion`
FROM `accounting_periods`
WHERE ROW_COUNT() = 1 AND `Id` = @p90;

INSERT INTO `accounting_periods` (`Id`, `ClosedAt`, `ClosedBy`, `Code`, `CreatedAt`, `CreatedBy`, `DeletedAt`, `DeletedBy`, `EndDate`, `FiscalYear`, `IsCurrent`, `Name`, `PeriodNumber`, `PeriodType`, `StartDate`, `Status`, `UpdatedAt`, `UpdatedBy`)
VALUES (@p108, @p109, @p110, @p111, @p112, @p113, @p114, @p115, @p116, @p117, @p118, @p119, @p120, @p121, @p122, @p123, @p124, @p125);
SELECT `RowVersion`
FROM `accounting_periods`
WHERE ROW_COUNT() = 1 AND `Id` = @p108;

INSERT INTO `accounting_periods` (`Id`, `ClosedAt`, `ClosedBy`, `Code`, `CreatedAt`, `CreatedBy`, `DeletedAt`, `DeletedBy`, `EndDate`, `FiscalYear`, `IsCurrent`, `Name`, `PeriodNumber`, `PeriodType`, `StartDate`, `Status`, `UpdatedAt`, `UpdatedBy`)
VALUES (@p126, @p127, @p128, @p129, @p130, @p131, @p132, @p133, @p134, @p135, @p136, @p137, @p138, @p139, @p140, @p141, @p142, @p143);
SELECT `RowVersion`
FROM `accounting_periods`
WHERE ROW_COUNT() = 1 AND `Id` = @p126;

INSERT INTO `accounting_periods` (`Id`, `ClosedAt`, `ClosedBy`, `Code`, `CreatedAt`, `CreatedBy`, `DeletedAt`, `DeletedBy`, `EndDate`, `FiscalYear`, `IsCurrent`, `Name`, `PeriodNumber`, `PeriodType`, `StartDate`, `Status`, `UpdatedAt`, `UpdatedBy`)
VALUES (@p144, @p145, @p146, @p147, @p148, @p149, @p150, @p151, @p152, @p153, @p154, @p155, @p156, @p157, @p158, @p159, @p160, @p161);
SELECT `RowVersion`
FROM `accounting_periods`
WHERE ROW_COUNT() = 1 AND `Id` = @p144;

INSERT INTO `accounting_periods` (`Id`, `ClosedAt`, `ClosedBy`, `Code`, `CreatedAt`, `CreatedBy`, `DeletedAt`, `DeletedBy`, `EndDate`, `FiscalYear`, `IsCurrent`, `Name`, `PeriodNumber`, `PeriodType`, `StartDate`, `Status`, `UpdatedAt`, `UpdatedBy`)
VALUES (@p162, @p163, @p164, @p165, @p166, @p167, @p168, @p169, @p170, @p171, @p172, @p173, @p174, @p175, @p176, @p177, @p178, @p179);
SELECT `RowVersion`
FROM `accounting_periods`
WHERE ROW_COUNT() = 1 AND `Id` = @p162;

INSERT INTO `accounting_periods` (`Id`, `ClosedAt`, `ClosedBy`, `Code`, `CreatedAt`, `CreatedBy`, `DeletedAt`, `DeletedBy`, `EndDate`, `FiscalYear`, `IsCurrent`, `Name`, `PeriodNumber`, `PeriodType`, `StartDate`, `Status`, `UpdatedAt`, `UpdatedBy`)
VALUES (@p180, @p181, @p182, @p183, @p184, @p185, @p186, @p187, @p188, @p189, @p190, @p191, @p192, @p193, @p194, @p195, @p196, @p197);
SELECT `RowVersion`
FROM `accounting_periods`
WHERE ROW_COUNT() = 1 AND `Id` = @p180;

INSERT INTO `accounting_periods` (`Id`, `ClosedAt`, `ClosedBy`, `Code`, `CreatedAt`, `CreatedBy`, `DeletedAt`, `DeletedBy`, `EndDate`, `FiscalYear`, `IsCurrent`, `Name`, `PeriodNumber`, `PeriodType`, `StartDate`, `Status`, `UpdatedAt`, `UpdatedBy`)
VALUES (@p198, @p199, @p200, @p201, @p202, @p203, @p204, @p205, @p206, @p207, @p208, @p209, @p210, @p211, @p212, @p213, @p214, @p215);
SELECT `RowVersion`
FROM `accounting_periods`
WHERE ROW_COUNT() = 1 AND `Id` = @p198;

INSERT INTO `accounting_periods` (`Id`, `ClosedAt`, `ClosedBy`, `Code`, `CreatedAt`, `CreatedBy`, `DeletedAt`, `DeletedBy`, `EndDate`, `FiscalYear`, `IsCurrent`, `Name`, `PeriodNumber`, `PeriodType`, `StartDate`, `Status`, `UpdatedAt`, `UpdatedBy`)
VALUES (@p216, @p217, @p218, @p219, @p220, @p221, @p222, @p223, @p224, @p225, @p226, @p227, @p228, @p229, @p230, @p231, @p232, @p233);
SELECT `RowVersion`
FROM `accounting_periods`
WHERE ROW_COUNT() = 1 AND `Id` = @p216;

INSERT INTO `accounts` (`Id`, `AccountType`, `AllowPosting`, `Code`, `CreatedAt`, `CreatedBy`, `DeletedAt`, `DeletedBy`, `ExternalCode`, `IsActive`, `IsHeader`, `Level`, `Name`, `NormalBalance`, `ParentId`, `ReportMapping`, `UpdatedAt`, `UpdatedBy`)
VALUES (@p234, @p235, @p236, @p237, @p238, @p239, @p240, @p241, @p242, @p243, @p244, @p245, @p246, @p247, @p248, @p249, @p250, @p251);
SELECT `RowVersion`
FROM `accounts`
WHERE ROW_COUNT() = 1 AND `Id` = @p234;

INSERT INTO `accounts` (`Id`, `AccountType`, `AllowPosting`, `Code`, `CreatedAt`, `CreatedBy`, `DeletedAt`, `DeletedBy`, `ExternalCode`, `IsActive`, `IsHeader`, `Level`, `Name`, `NormalBalance`, `ParentId`, `ReportMapping`, `UpdatedAt`, `UpdatedBy`)
VALUES (@p252, @p253, @p254, @p255, @p256, @p257, @p258, @p259, @p260, @p261, @p262, @p263, @p264, @p265, @p266, @p267, @p268, @p269);
SELECT `RowVersion`
FROM `accounts`
WHERE ROW_COUNT() = 1 AND `Id` = @p252;

INSERT INTO `accounts` (`Id`, `AccountType`, `AllowPosting`, `Code`, `CreatedAt`, `CreatedBy`, `DeletedAt`, `DeletedBy`, `ExternalCode`, `IsActive`, `IsHeader`, `Level`, `Name`, `NormalBalance`, `ParentId`, `ReportMapping`, `UpdatedAt`, `UpdatedBy`)
VALUES (@p270, @p271, @p272, @p273, @p274, @p275, @p276, @p277, @p278, @p279, @p280, @p281, @p282, @p283, @p284, @p285, @p286, @p287);
SELECT `RowVersion`
FROM `accounts`
WHERE ROW_COUNT() = 1 AND `Id` = @p270;

INSERT INTO `accounts` (`Id`, `AccountType`, `AllowPosting`, `Code`, `CreatedAt`, `CreatedBy`, `DeletedAt`, `DeletedBy`, `ExternalCode`, `IsActive`, `IsHeader`, `Level`, `Name`, `NormalBalance`, `ParentId`, `ReportMapping`, `UpdatedAt`, `UpdatedBy`)
VALUES (@p288, @p289, @p290, @p291, @p292, @p293, @p294, @p295, @p296, @p297, @p298, @p299, @p300, @p301, @p302, @p303, @p304, @p305);
SELECT `RowVersion`
FROM `accounts`
WHERE ROW_COUNT() = 1 AND `Id` = @p288;

INSERT INTO `accounts` (`Id`, `AccountType`, `AllowPosting`, `Code`, `CreatedAt`, `CreatedBy`, `DeletedAt`, `DeletedBy`, `ExternalCode`, `IsActive`, `IsHeader`, `Level`, `Name`, `NormalBalance`, `ParentId`, `ReportMapping`, `UpdatedAt`, `UpdatedBy`)
VALUES (@p306, @p307, @p308, @p309, @p310, @p311, @p312, @p313, @p314, @p315, @p316, @p317, @p318, @p319, @p320, @p321, @p322, @p323);
SELECT `RowVersion`
FROM `accounts`
WHERE ROW_COUNT() = 1 AND `Id` = @p306;

INSERT INTO `accounts` (`Id`, `AccountType`, `AllowPosting`, `Code`, `CreatedAt`, `CreatedBy`, `DeletedAt`, `DeletedBy`, `ExternalCode`, `IsActive`, `IsHeader`, `Level`, `Name`, `NormalBalance`, `ParentId`, `ReportMapping`, `UpdatedAt`, `UpdatedBy`)
VALUES (@p324, @p325, @p326, @p327, @p328, @p329, @p330, @p331, @p332, @p333, @p334, @p335, @p336, @p337, @p338, @p339, @p340, @p341);
SELECT `RowVersion`
FROM `accounts`
WHERE ROW_COUNT() = 1 AND `Id` = @p324;

INSERT INTO `accounts` (`Id`, `AccountType`, `AllowPosting`, `Code`, `CreatedAt`, `CreatedBy`, `DeletedAt`, `DeletedBy`, `ExternalCode`, `IsActive`, `IsHeader`, `Level`, `Name`, `NormalBalance`, `ParentId`, `ReportMapping`, `UpdatedAt`, `UpdatedBy`)
VALUES (@p342, @p343, @p344, @p345, @p346, @p347, @p348, @p349, @p350, @p351, @p352, @p353, @p354, @p355, @p356, @p357, @p358, @p359);
SELECT `RowVersion`
FROM `accounts`
WHERE ROW_COUNT() = 1 AND `Id` = @p342;

INSERT INTO `cost_centers` (`Id`, `Code`, `CostCenterType`, `CreatedAt`, `CreatedBy`, `DeletedAt`, `DeletedBy`, `Description`, `IsActive`, `Name`, `OrganizationId`, `ParentId`, `UpdatedAt`, `UpdatedBy`)
VALUES (@p360, @p361, @p362, @p363, @p364, @p365, @p366, @p367, @p368, @p369, @p370, @p371, @p372, @p373),
(@p374, @p375, @p376, @p377, @p378, @p379, @p380, @p381, @p382, @p383, @p384, @p385, @p386, @p387),
(@p388, @p389, @p390, @p391, @p392, @p393, @p394, @p395, @p396, @p397, @p398, @p399, @p400, @p401),
(@p402, @p403, @p404, @p405, @p406, @p407, @p408, @p409, @p410, @p411, @p412, @p413, @p414, @p415),
(@p416, @p417, @p418, @p419, @p420, @p421, @p422, @p423, @p424, @p425, @p426, @p427, @p428, @p429),
(@p430, @p431, @p432, @p433, @p434, @p435, @p436, @p437, @p438, @p439, @p440, @p441, @p442, @p443),
(@p444, @p445, @p446, @p447, @p448, @p449, @p450, @p451, @p452, @p453, @p454, @p455, @p456, @p457);
INSERT INTO `fund_sources` (`Id`, `Code`, `CreatedAt`, `CreatedBy`, `DeletedAt`, `DeletedBy`, `Description`, `FundCategory`, `IsActive`, `Name`, `ParentId`, `UpdatedAt`, `UpdatedBy`)
VALUES (@p458, @p459, @p460, @p461, @p462, @p463, @p464, @p465, @p466, @p467, @p468, @p469, @p470),
(@p471, @p472, @p473, @p474, @p475, @p476, @p477, @p478, @p479, @p480, @p481, @p482, @p483),
(@p484, @p485, @p486, @p487, @p488, @p489, @p490, @p491, @p492, @p493, @p494, @p495, @p496),
(@p497, @p498, @p499, @p500, @p501, @p502, @p503, @p504, @p505, @p506, @p507, @p508, @p509),
(@p510, @p511, @p512, @p513, @p514, @p515, @p516, @p517, @p518, @p519, @p520, @p521, @p522);
INSERT INTO `organizations` (`Id`, `Code`, `CreatedAt`, `CreatedBy`, `DeletedAt`, `DeletedBy`, `HeadName`, `IsActive`, `Level`, `Name`, `OrganizationType`, `ParentId`, `UpdatedAt`, `UpdatedBy`)
VALUES (@p523, @p524, @p525, @p526, @p527, @p528, @p529, @p530, @p531, @p532, @p533, @p534, @p535, @p536);
INSERT INTO `accounts` (`Id`, `AccountType`, `AllowPosting`, `Code`, `CreatedAt`, `CreatedBy`, `DeletedAt`, `DeletedBy`, `ExternalCode`, `IsActive`, `IsHeader`, `Level`, `Name`, `NormalBalance`, `ParentId`, `ReportMapping`, `UpdatedAt`, `UpdatedBy`)
VALUES (@p537, @p538, @p539, @p540, @p541, @p542, @p543, @p544, @p545, @p546, @p547, @p548, @p549, @p550, @p551, @p552, @p553, @p554);
SELECT `RowVersion`
FROM `accounts`
WHERE ROW_COUNT() = 1 AND `Id` = @p537;

INSERT INTO `accounts` (`Id`, `AccountType`, `AllowPosting`, `Code`, `CreatedAt`, `CreatedBy`, `DeletedAt`, `DeletedBy`, `ExternalCode`, `IsActive`, `IsHeader`, `Level`, `Name`, `NormalBalance`, `ParentId`, `ReportMapping`, `UpdatedAt`, `UpdatedBy`)
VALUES (@p555, @p556, @p557, @p558, @p559, @p560, @p561, @p562, @p563, @p564, @p565, @p566, @p567, @p568, @p569, @p570, @p571, @p572);
SELECT `RowVersion`
FROM `accounts`
WHERE ROW_COUNT() = 1 AND `Id` = @p555;

INSERT INTO `accounts` (`Id`, `AccountType`, `AllowPosting`, `Code`, `CreatedAt`, `CreatedBy`, `DeletedAt`, `DeletedBy`, `ExternalCode`, `IsActive`, `IsHeader`, `Level`, `Name`, `NormalBalance`, `ParentId`, `ReportMapping`, `UpdatedAt`, `UpdatedBy`)
VALUES (@p573, @p574, @p575, @p576, @p577, @p578, @p579, @p580, @p581, @p582, @p583, @p584, @p585, @p586, @p587, @p588, @p589, @p590);
SELECT `RowVersion`
FROM `accounts`
WHERE ROW_COUNT() = 1 AND `Id` = @p573;

INSERT INTO `accounts` (`Id`, `AccountType`, `AllowPosting`, `Code`, `CreatedAt`, `CreatedBy`, `DeletedAt`, `DeletedBy`, `ExternalCode`, `IsActive`, `IsHeader`, `Level`, `Name`, `NormalBalance`, `ParentId`, `ReportMapping`, `UpdatedAt`, `UpdatedBy`)
VALUES (@p591, @p592, @p593, @p594, @p595, @p596, @p597, @p598, @p599, @p600, @p601, @p602, @p603, @p604, @p605, @p606, @p607, @p608);
SELECT `RowVersion`
FROM `accounts`
WHERE ROW_COUNT() = 1 AND `Id` = @p591;

INSERT INTO `accounts` (`Id`, `AccountType`, `AllowPosting`, `Code`, `CreatedAt`, `CreatedBy`, `DeletedAt`, `DeletedBy`, `ExternalCode`, `IsActive`, `IsHeader`, `Level`, `Name`, `NormalBalance`, `ParentId`, `ReportMapping`, `UpdatedAt`, `UpdatedBy`)
VALUES (@p609, @p610, @p611, @p612, @p613, @p614, @p615, @p616, @p617, @p618, @p619, @p620, @p621, @p622, @p623, @p624, @p625, @p626);
SELECT `RowVersion`
FROM `accounts`
WHERE ROW_COUNT() = 1 AND `Id` = @p609;

INSERT INTO `accounts` (`Id`, `AccountType`, `AllowPosting`, `Code`, `CreatedAt`, `CreatedBy`, `DeletedAt`, `DeletedBy`, `ExternalCode`, `IsActive`, `IsHeader`, `Level`, `Name`, `NormalBalance`, `ParentId`, `ReportMapping`, `UpdatedAt`, `UpdatedBy`)
VALUES (@p627, @p628, @p629, @p630, @p631, @p632, @p633, @p634, @p635, @p636, @p637, @p638, @p639, @p640, @p641, @p642, @p643, @p644);
SELECT `RowVersion`
FROM `accounts`
WHERE ROW_COUNT() = 1 AND `Id` = @p627;

INSERT INTO `accounts` (`Id`, `AccountType`, `AllowPosting`, `Code`, `CreatedAt`, `CreatedBy`, `DeletedAt`, `DeletedBy`, `ExternalCode`, `IsActive`, `IsHeader`, `Level`, `Name`, `NormalBalance`, `ParentId`, `ReportMapping`, `UpdatedAt`, `UpdatedBy`)
VALUES (@p645, @p646, @p647, @p648, @p649, @p650, @p651, @p652, @p653, @p654, @p655, @p656, @p657, @p658, @p659, @p660, @p661, @p662);
SELECT `RowVersion`
FROM `accounts`
WHERE ROW_COUNT() = 1 AND `Id` = @p645;

INSERT INTO `accounts` (`Id`, `AccountType`, `AllowPosting`, `Code`, `CreatedAt`, `CreatedBy`, `DeletedAt`, `DeletedBy`, `ExternalCode`, `IsActive`, `IsHeader`, `Level`, `Name`, `NormalBalance`, `ParentId`, `ReportMapping`, `UpdatedAt`, `UpdatedBy`)
VALUES (@p663, @p664, @p665, @p666, @p667, @p668, @p669, @p670, @p671, @p672, @p673, @p674, @p675, @p676, @p677, @p678, @p679, @p680);
SELECT `RowVersion`
FROM `accounts`
WHERE ROW_COUNT() = 1 AND `Id` = @p663;

INSERT INTO `accounts` (`Id`, `AccountType`, `AllowPosting`, `Code`, `CreatedAt`, `CreatedBy`, `DeletedAt`, `DeletedBy`, `ExternalCode`, `IsActive`, `IsHeader`, `Level`, `Name`, `NormalBalance`, `ParentId`, `ReportMapping`, `UpdatedAt`, `UpdatedBy`)
VALUES (@p681, @p682, @p683, @p684, @p685, @p686, @p687, @p688, @p689, @p690, @p691, @p692, @p693, @p694, @p695, @p696, @p697, @p698);
SELECT `RowVersion`
FROM `accounts`
WHERE ROW_COUNT() = 1 AND `Id` = @p681;
2026-08-26 10:14:45.401 +07:00 [ERR] An exception occurred in the database while saving changes for context type 'BLUDRSUD.Infrastructure.Persistence.BludRsudDbContext'.
Microsoft.EntityFrameworkCore.DbUpdateException: An error occurred while saving the entity changes. See the inner exception for details.
 ---> MySqlConnector.MySqlException (0x80004005): Field 'RowVersion' doesn't have a default value
   at MySqlConnector.Core.ServerSession.ReceiveReplyAsync(IOBehavior ioBehavior, CancellationToken cancellationToken) in /_/src/MySqlConnector/Core/ServerSession.cs:line 1081
   at MySqlConnector.Core.ResultSet.ReadResultSetHeaderAsync(IOBehavior ioBehavior) in /_/src/MySqlConnector/Core/ResultSet.cs:line 37
   at MySqlConnector.MySqlDataReader.ActivateResultSet(CancellationToken cancellationToken) in /_/src/MySqlConnector/MySqlDataReader.cs:line 131
   at MySqlConnector.MySqlDataReader.InitAsync(CommandListPosition commandListPosition, ICommandPayloadCreator payloadCreator, IDictionary`2 cachedProcedures, IMySqlCommand command, CommandBehavior behavior, Activity activity, IOBehavior ioBehavior, CancellationToken cancellationToken) in /_/src/MySqlConnector/MySqlDataReader.cs:line 487
   at MySqlConnector.Core.CommandExecutor.ExecuteReaderAsync(CommandListPosition commandListPosition, ICommandPayloadCreator payloadCreator, CommandBehavior behavior, Activity activity, IOBehavior ioBehavior, CancellationToken cancellationToken) in /_/src/MySqlConnector/Core/CommandExecutor.cs:line 56
   at MySqlConnector.MySqlCommand.ExecuteReaderAsync(CommandBehavior behavior, IOBehavior ioBehavior, CancellationToken cancellationToken) in /_/src/MySqlConnector/MySqlCommand.cs:line 357
   at MySqlConnector.MySqlCommand.ExecuteDbDataReaderAsync(CommandBehavior behavior, CancellationToken cancellationToken) in /_/src/MySqlConnector/MySqlCommand.cs:line 350
   at Microsoft.EntityFrameworkCore.Storage.RelationalCommand.ExecuteReaderAsync(RelationalCommandParameterObject parameterObject, CancellationToken cancellationToken)
   at Microsoft.EntityFrameworkCore.Storage.RelationalCommand.ExecuteReaderAsync(RelationalCommandParameterObject parameterObject, CancellationToken cancellationToken)
   at Microsoft.EntityFrameworkCore.Update.ReaderModificationCommandBatch.ExecuteAsync(IRelationalConnection connection, CancellationToken cancellationToken)
   --- End of inner exception stack trace ---
   at Microsoft.EntityFrameworkCore.Update.ReaderModificationCommandBatch.ExecuteAsync(IRelationalConnection connection, CancellationToken cancellationToken)
   at Microsoft.EntityFrameworkCore.Update.Internal.BatchExecutor.ExecuteAsync(IEnumerable`1 commandBatches, IRelationalConnection connection, CancellationToken cancellationToken)
   at Microsoft.EntityFrameworkCore.Update.Internal.BatchExecutor.ExecuteAsync(IEnumerable`1 commandBatches, IRelationalConnection connection, CancellationToken cancellationToken)
   at Microsoft.EntityFrameworkCore.Update.Internal.BatchExecutor.ExecuteAsync(IEnumerable`1 commandBatches, IRelationalConnection connection, CancellationToken cancellationToken)
   at Microsoft.EntityFrameworkCore.Storage.RelationalDatabase.SaveChangesAsync(IList`1 entries, CancellationToken cancellationToken)
   at Microsoft.EntityFrameworkCore.ChangeTracking.Internal.StateManager.SaveChangesAsync(IList`1 entriesToSave, CancellationToken cancellationToken)
   at Microsoft.EntityFrameworkCore.ChangeTracking.Internal.StateManager.SaveChangesAsync(StateManager stateManager, Boolean acceptAllChangesOnSuccess, CancellationToken cancellationToken)
   at Pomelo.EntityFrameworkCore.MySql.Storage.Internal.MySqlExecutionStrategy.ExecuteAsync[TState,TResult](TState state, Func`4 operation, Func`4 verifySucceeded, CancellationToken cancellationToken)
   at Microsoft.EntityFrameworkCore.DbContext.SaveChangesAsync(Boolean acceptAllChangesOnSuccess, CancellationToken cancellationToken)
Microsoft.EntityFrameworkCore.DbUpdateException: An error occurred while saving the entity changes. See the inner exception for details.
 ---> MySqlConnector.MySqlException (0x80004005): Field 'RowVersion' doesn't have a default value
   at MySqlConnector.Core.ServerSession.ReceiveReplyAsync(IOBehavior ioBehavior, CancellationToken cancellationToken) in /_/src/MySqlConnector/Core/ServerSession.cs:line 1081
   at MySqlConnector.Core.ResultSet.ReadResultSetHeaderAsync(IOBehavior ioBehavior) in /_/src/MySqlConnector/Core/ResultSet.cs:line 37
   at MySqlConnector.MySqlDataReader.ActivateResultSet(CancellationToken cancellationToken) in /_/src/MySqlConnector/MySqlDataReader.cs:line 131
   at MySqlConnector.MySqlDataReader.InitAsync(CommandListPosition commandListPosition, ICommandPayloadCreator payloadCreator, IDictionary`2 cachedProcedures, IMySqlCommand command, CommandBehavior behavior, Activity activity, IOBehavior ioBehavior, CancellationToken cancellationToken) in /_/src/MySqlConnector/MySqlDataReader.cs:line 487
   at MySqlConnector.Core.CommandExecutor.ExecuteReaderAsync(CommandListPosition commandListPosition, ICommandPayloadCreator payloadCreator, CommandBehavior behavior, Activity activity, IOBehavior ioBehavior, CancellationToken cancellationToken) in /_/src/MySqlConnector/Core/CommandExecutor.cs:line 56
   at MySqlConnector.MySqlCommand.ExecuteReaderAsync(CommandBehavior behavior, IOBehavior ioBehavior, CancellationToken cancellationToken) in /_/src/MySqlConnector/MySqlCommand.cs:line 357
   at MySqlConnector.MySqlCommand.ExecuteDbDataReaderAsync(CommandBehavior behavior, CancellationToken cancellationToken) in /_/src/MySqlConnector/MySqlCommand.cs:line 350
   at Microsoft.EntityFrameworkCore.Storage.RelationalCommand.ExecuteReaderAsync(RelationalCommandParameterObject parameterObject, CancellationToken cancellationToken)
   at Microsoft.EntityFrameworkCore.Storage.RelationalCommand.ExecuteReaderAsync(RelationalCommandParameterObject parameterObject, CancellationToken cancellationToken)
   at Microsoft.EntityFrameworkCore.Update.ReaderModificationCommandBatch.ExecuteAsync(IRelationalConnection connection, CancellationToken cancellationToken)
   --- End of inner exception stack trace ---
   at Microsoft.EntityFrameworkCore.Update.ReaderModificationCommandBatch.ExecuteAsync(IRelationalConnection connection, CancellationToken cancellationToken)
   at Microsoft.EntityFrameworkCore.Update.Internal.BatchExecutor.ExecuteAsync(IEnumerable`1 commandBatches, IRelationalConnection connection, CancellationToken cancellationToken)
   at Microsoft.EntityFrameworkCore.Update.Internal.BatchExecutor.ExecuteAsync(IEnumerable`1 commandBatches, IRelationalConnection connection, CancellationToken cancellationToken)
   at Microsoft.EntityFrameworkCore.Update.Internal.BatchExecutor.ExecuteAsync(IEnumerable`1 commandBatches, IRelationalConnection connection, CancellationToken cancellationToken)
   at Microsoft.EntityFrameworkCore.Storage.RelationalDatabase.SaveChangesAsync(IList`1 entries, CancellationToken cancellationToken)
   at Microsoft.EntityFrameworkCore.ChangeTracking.Internal.StateManager.SaveChangesAsync(IList`1 entriesToSave, CancellationToken cancellationToken)
   at Microsoft.EntityFrameworkCore.ChangeTracking.Internal.StateManager.SaveChangesAsync(StateManager stateManager, Boolean acceptAllChangesOnSuccess, CancellationToken cancellationToken)
   at Pomelo.EntityFrameworkCore.MySql.Storage.Internal.MySqlExecutionStrategy.ExecuteAsync[TState,TResult](TState state, Func`4 operation, Func`4 verifySucceeded, CancellationToken cancellationToken)
   at Microsoft.EntityFrameworkCore.DbContext.SaveChangesAsync(Boolean acceptAllChangesOnSuccess, CancellationToken cancellationToken)
2026-08-26 10:14:45.417 +07:00 [FTL] Host terminated unexpectedly.
Microsoft.EntityFrameworkCore.DbUpdateException: An error occurred while saving the entity changes. See the inner exception for details.
 ---> MySqlConnector.MySqlException (0x80004005): Field 'RowVersion' doesn't have a default value
   at MySqlConnector.Core.ServerSession.ReceiveReplyAsync(IOBehavior ioBehavior, CancellationToken cancellationToken) in /_/src/MySqlConnector/Core/ServerSession.cs:line 1081
   at MySqlConnector.Core.ResultSet.ReadResultSetHeaderAsync(IOBehavior ioBehavior) in /_/src/MySqlConnector/Core/ResultSet.cs:line 37
   at MySqlConnector.MySqlDataReader.ActivateResultSet(CancellationToken cancellationToken) in /_/src/MySqlConnector/MySqlDataReader.cs:line 131
   at MySqlConnector.MySqlDataReader.InitAsync(CommandListPosition commandListPosition, ICommandPayloadCreator payloadCreator, IDictionary`2 cachedProcedures, IMySqlCommand command, CommandBehavior behavior, Activity activity, IOBehavior ioBehavior, CancellationToken cancellationToken) in /_/src/MySqlConnector/MySqlDataReader.cs:line 487
   at MySqlConnector.Core.CommandExecutor.ExecuteReaderAsync(CommandListPosition commandListPosition, ICommandPayloadCreator payloadCreator, CommandBehavior behavior, Activity activity, IOBehavior ioBehavior, CancellationToken cancellationToken) in /_/src/MySqlConnector/Core/CommandExecutor.cs:line 56
   at MySqlConnector.MySqlCommand.ExecuteReaderAsync(CommandBehavior behavior, IOBehavior ioBehavior, CancellationToken cancellationToken) in /_/src/MySqlConnector/MySqlCommand.cs:line 357
   at MySqlConnector.MySqlCommand.ExecuteDbDataReaderAsync(CommandBehavior behavior, CancellationToken cancellationToken) in /_/src/MySqlConnector/MySqlCommand.cs:line 350
   at Microsoft.EntityFrameworkCore.Storage.RelationalCommand.ExecuteReaderAsync(RelationalCommandParameterObject parameterObject, CancellationToken cancellationToken)
   at Microsoft.EntityFrameworkCore.Storage.RelationalCommand.ExecuteReaderAsync(RelationalCommandParameterObject parameterObject, CancellationToken cancellationToken)
   at Microsoft.EntityFrameworkCore.Update.ReaderModificationCommandBatch.ExecuteAsync(IRelationalConnection connection, CancellationToken cancellationToken)
   --- End of inner exception stack trace ---
   at Microsoft.EntityFrameworkCore.Update.ReaderModificationCommandBatch.ExecuteAsync(IRelationalConnection connection, CancellationToken cancellationToken)
   at Microsoft.EntityFrameworkCore.Update.Internal.BatchExecutor.ExecuteAsync(IEnumerable`1 commandBatches, IRelationalConnection connection, CancellationToken cancellationToken)
   at Microsoft.EntityFrameworkCore.Update.Internal.BatchExecutor.ExecuteAsync(IEnumerable`1 commandBatches, IRelationalConnection connection, CancellationToken cancellationToken)
   at Microsoft.EntityFrameworkCore.Update.Internal.BatchExecutor.ExecuteAsync(IEnumerable`1 commandBatches, IRelationalConnection connection, CancellationToken cancellationToken)
   at Microsoft.EntityFrameworkCore.Storage.RelationalDatabase.SaveChangesAsync(IList`1 entries, CancellationToken cancellationToken)
   at Microsoft.EntityFrameworkCore.ChangeTracking.Internal.StateManager.SaveChangesAsync(IList`1 entriesToSave, CancellationToken cancellationToken)
   at Microsoft.EntityFrameworkCore.ChangeTracking.Internal.StateManager.SaveChangesAsync(StateManager stateManager, Boolean acceptAllChangesOnSuccess, CancellationToken cancellationToken)
   at Pomelo.EntityFrameworkCore.MySql.Storage.Internal.MySqlExecutionStrategy.ExecuteAsync[TState,TResult](TState state, Func`4 operation, Func`4 verifySucceeded, CancellationToken cancellationToken)
   at Microsoft.EntityFrameworkCore.DbContext.SaveChangesAsync(Boolean acceptAllChangesOnSuccess, CancellationToken cancellationToken)
   at Microsoft.EntityFrameworkCore.DbContext.SaveChangesAsync(Boolean acceptAllChangesOnSuccess, CancellationToken cancellationToken)
   at BLUDRSUD.Infrastructure.Persistence.DbSeeder.SeedAsync(BludRsudDbContext db, UserManager`1 userManager, RoleManager`1 roleManager, ILoggerFactory loggerFactory, CancellationToken ct) in D:\sandi\BLUD\src\BLUDRSUD.Infrastructure\Persistence\DbSeeder.cs:line 41
   at Program.<Main>$(String[] args) in D:\sandi\BLUD\src\bludrsud.web\Program.cs:line 120
2026-08-26 10:15:04.547 +07:00 [INF] Seeded 49 chart-of-accounts entries.
2026-08-26 10:15:04.611 +07:00 [INF] Seeded organization tree.
2026-08-26 10:15:04.657 +07:00 [INF] Seeded cost centers.
2026-08-26 10:15:04.692 +07:00 [INF] Seeded fund sources.
2026-08-26 10:15:04.739 +07:00 [INF] Seeded 2026 accounting periods.
2026-08-26 10:15:04.896 +07:00 [ERR] Failed executing DbCommand (16ms) [Parameters=[@p0='?' (DbType = Guid), @p1='?' (DbType = DateTime), @p2='?' (Size = 100), @p3='?' (Size = 20), @p4='?' (DbType = DateTime), @p5='?' (Size = 100), @p6='?' (DbType = DateTime), @p7='?' (Size = 100), @p8='?' (DbType = DateTime), @p9='?' (DbType = Int32), @p10='?' (DbType = Boolean), @p11='?' (Size = 100), @p12='?' (DbType = Int32), @p13='?' (Size = 20), @p14='?' (DbType = DateTime), @p15='?' (Size = 20), @p16='?' (DbType = DateTime), @p17='?' (Size = 100), @p18='?' (DbType = Guid), @p19='?' (DbType = DateTime), @p20='?' (Size = 100), @p21='?' (Size = 20), @p22='?' (DbType = DateTime), @p23='?' (Size = 100), @p24='?' (DbType = DateTime), @p25='?' (Size = 100), @p26='?' (DbType = DateTime), @p27='?' (DbType = Int32), @p28='?' (DbType = Boolean), @p29='?' (Size = 100), @p30='?' (DbType = Int32), @p31='?' (Size = 20), @p32='?' (DbType = DateTime), @p33='?' (Size = 20), @p34='?' (DbType = DateTime), @p35='?' (Size = 100), @p36='?' (DbType = Guid), @p37='?' (DbType = DateTime), @p38='?' (Size = 100), @p39='?' (Size = 20), @p40='?' (DbType = DateTime), @p41='?' (Size = 100), @p42='?' (DbType = DateTime), @p43='?' (Size = 100), @p44='?' (DbType = DateTime), @p45='?' (DbType = Int32), @p46='?' (DbType = Boolean), @p47='?' (Size = 100), @p48='?' (DbType = Int32), @p49='?' (Size = 20), @p50='?' (DbType = DateTime), @p51='?' (Size = 20), @p52='?' (DbType = DateTime), @p53='?' (Size = 100), @p54='?' (DbType = Guid), @p55='?' (DbType = DateTime), @p56='?' (Size = 100), @p57='?' (Size = 20), @p58='?' (DbType = DateTime), @p59='?' (Size = 100), @p60='?' (DbType = DateTime), @p61='?' (Size = 100), @p62='?' (DbType = DateTime), @p63='?' (DbType = Int32), @p64='?' (DbType = Boolean), @p65='?' (Size = 100), @p66='?' (DbType = Int32), @p67='?' (Size = 20), @p68='?' (DbType = DateTime), @p69='?' (Size = 20), @p70='?' (DbType = DateTime), @p71='?' (Size = 100), @p72='?' (DbType = Guid), @p73='?' (DbType = DateTime), @p74='?' (Size = 100), @p75='?' (Size = 20), @p76='?' (DbType = DateTime), @p77='?' (Size = 100), @p78='?' (DbType = DateTime), @p79='?' (Size = 100), @p80='?' (DbType = DateTime), @p81='?' (DbType = Int32), @p82='?' (DbType = Boolean), @p83='?' (Size = 100), @p84='?' (DbType = Int32), @p85='?' (Size = 20), @p86='?' (DbType = DateTime), @p87='?' (Size = 20), @p88='?' (DbType = DateTime), @p89='?' (Size = 100), @p90='?' (DbType = Guid), @p91='?' (DbType = DateTime), @p92='?' (Size = 100), @p93='?' (Size = 20), @p94='?' (DbType = DateTime), @p95='?' (Size = 100), @p96='?' (DbType = DateTime), @p97='?' (Size = 100), @p98='?' (DbType = DateTime), @p99='?' (DbType = Int32), @p100='?' (DbType = Boolean), @p101='?' (Size = 100), @p102='?' (DbType = Int32), @p103='?' (Size = 20), @p104='?' (DbType = DateTime), @p105='?' (Size = 20), @p106='?' (DbType = DateTime), @p107='?' (Size = 100), @p108='?' (DbType = Guid), @p109='?' (DbType = DateTime), @p110='?' (Size = 100), @p111='?' (Size = 20), @p112='?' (DbType = DateTime), @p113='?' (Size = 100), @p114='?' (DbType = DateTime), @p115='?' (Size = 100), @p116='?' (DbType = DateTime), @p117='?' (DbType = Int32), @p118='?' (DbType = Boolean), @p119='?' (Size = 100), @p120='?' (DbType = Int32), @p121='?' (Size = 20), @p122='?' (DbType = DateTime), @p123='?' (Size = 20), @p124='?' (DbType = DateTime), @p125='?' (Size = 100), @p126='?' (DbType = Guid), @p127='?' (DbType = DateTime), @p128='?' (Size = 100), @p129='?' (Size = 20), @p130='?' (DbType = DateTime), @p131='?' (Size = 100), @p132='?' (DbType = DateTime), @p133='?' (Size = 100), @p134='?' (DbType = DateTime), @p135='?' (DbType = Int32), @p136='?' (DbType = Boolean), @p137='?' (Size = 100), @p138='?' (DbType = Int32), @p139='?' (Size = 20), @p140='?' (DbType = DateTime), @p141='?' (Size = 20), @p142='?' (DbType = DateTime), @p143='?' (Size = 100), @p144='?' (DbType = Guid), @p145='?' (DbType = DateTime), @p146='?' (Size = 100), @p147='?' (Size = 20), @p148='?' (DbType = DateTime), @p149='?' (Size = 100), @p150='?' (DbType = DateTime), @p151='?' (Size = 100), @p152='?' (DbType = DateTime), @p153='?' (DbType = Int32), @p154='?' (DbType = Boolean), @p155='?' (Size = 100), @p156='?' (DbType = Int32), @p157='?' (Size = 20), @p158='?' (DbType = DateTime), @p159='?' (Size = 20), @p160='?' (DbType = DateTime), @p161='?' (Size = 100), @p162='?' (DbType = Guid), @p163='?' (DbType = DateTime), @p164='?' (Size = 100), @p165='?' (Size = 20), @p166='?' (DbType = DateTime), @p167='?' (Size = 100), @p168='?' (DbType = DateTime), @p169='?' (Size = 100), @p170='?' (DbType = DateTime), @p171='?' (DbType = Int32), @p172='?' (DbType = Boolean), @p173='?' (Size = 100), @p174='?' (DbType = Int32), @p175='?' (Size = 20), @p176='?' (DbType = DateTime), @p177='?' (Size = 20), @p178='?' (DbType = DateTime), @p179='?' (Size = 100), @p180='?' (DbType = Guid), @p181='?' (DbType = DateTime), @p182='?' (Size = 100), @p183='?' (Size = 20), @p184='?' (DbType = DateTime), @p185='?' (Size = 100), @p186='?' (DbType = DateTime), @p187='?' (Size = 100), @p188='?' (DbType = DateTime), @p189='?' (DbType = Int32), @p190='?' (DbType = Boolean), @p191='?' (Size = 100), @p192='?' (DbType = Int32), @p193='?' (Size = 20), @p194='?' (DbType = DateTime), @p195='?' (Size = 20), @p196='?' (DbType = DateTime), @p197='?' (Size = 100), @p198='?' (DbType = Guid), @p199='?' (DbType = DateTime), @p200='?' (Size = 100), @p201='?' (Size = 20), @p202='?' (DbType = DateTime), @p203='?' (Size = 100), @p204='?' (DbType = DateTime), @p205='?' (Size = 100), @p206='?' (DbType = DateTime), @p207='?' (DbType = Int32), @p208='?' (DbType = Boolean), @p209='?' (Size = 100), @p210='?' (DbType = Int32), @p211='?' (Size = 20), @p212='?' (DbType = DateTime), @p213='?' (Size = 20), @p214='?' (DbType = DateTime), @p215='?' (Size = 100), @p216='?' (DbType = Guid), @p217='?' (DbType = DateTime), @p218='?' (Size = 100), @p219='?' (Size = 20), @p220='?' (DbType = DateTime), @p221='?' (Size = 100), @p222='?' (DbType = DateTime), @p223='?' (Size = 100), @p224='?' (DbType = DateTime), @p225='?' (DbType = Int32), @p226='?' (DbType = Boolean), @p227='?' (Size = 100), @p228='?' (DbType = Int32), @p229='?' (Size = 20), @p230='?' (DbType = DateTime), @p231='?' (Size = 20), @p232='?' (DbType = DateTime), @p233='?' (Size = 100), @p234='?' (DbType = Guid), @p235='?' (Size = 30), @p236='?' (DbType = Boolean), @p237='?' (Size = 50), @p238='?' (DbType = DateTime), @p239='?' (Size = 100), @p240='?' (DbType = DateTime), @p241='?' (Size = 100), @p242='?' (Size = 50), @p243='?' (DbType = Boolean), @p244='?' (DbType = Boolean), @p245='?' (DbType = Int32), @p246='?' (Size = 255), @p247='?' (Size = 10), @p248='?' (DbType = Guid), @p249='?' (Size = 40), @p250='?' (DbType = DateTime), @p251='?' (Size = 100), @p252='?' (DbType = Guid), @p253='?' (Size = 30), @p254='?' (DbType = Boolean), @p255='?' (Size = 50), @p256='?' (DbType = DateTime), @p257='?' (Size = 100), @p258='?' (DbType = DateTime), @p259='?' (Size = 100), @p260='?' (Size = 50), @p261='?' (DbType = Boolean), @p262='?' (DbType = Boolean), @p263='?' (DbType = Int32), @p264='?' (Size = 255), @p265='?' (Size = 10), @p266='?' (DbType = Guid), @p267='?' (Size = 40), @p268='?' (DbType = DateTime), @p269='?' (Size = 100), @p270='?' (DbType = Guid), @p271='?' (Size = 30), @p272='?' (DbType = Boolean), @p273='?' (Size = 50), @p274='?' (DbType = DateTime), @p275='?' (Size = 100), @p276='?' (DbType = DateTime), @p277='?' (Size = 100), @p278='?' (Size = 50), @p279='?' (DbType = Boolean), @p280='?' (DbType = Boolean), @p281='?' (DbType = Int32), @p282='?' (Size = 255), @p283='?' (Size = 10), @p284='?' (DbType = Guid), @p285='?' (Size = 40), @p286='?' (DbType = DateTime), @p287='?' (Size = 100), @p288='?' (DbType = Guid), @p289='?' (Size = 30), @p290='?' (DbType = Boolean), @p291='?' (Size = 50), @p292='?' (DbType = DateTime), @p293='?' (Size = 100), @p294='?' (DbType = DateTime), @p295='?' (Size = 100), @p296='?' (Size = 50), @p297='?' (DbType = Boolean), @p298='?' (DbType = Boolean), @p299='?' (DbType = Int32), @p300='?' (Size = 255), @p301='?' (Size = 10), @p302='?' (DbType = Guid), @p303='?' (Size = 40), @p304='?' (DbType = DateTime), @p305='?' (Size = 100), @p306='?' (DbType = Guid), @p307='?' (Size = 30), @p308='?' (DbType = Boolean), @p309='?' (Size = 50), @p310='?' (DbType = DateTime), @p311='?' (Size = 100), @p312='?' (DbType = DateTime), @p313='?' (Size = 100), @p314='?' (Size = 50), @p315='?' (DbType = Boolean), @p316='?' (DbType = Boolean), @p317='?' (DbType = Int32), @p318='?' (Size = 255), @p319='?' (Size = 10), @p320='?' (DbType = Guid), @p321='?' (Size = 40), @p322='?' (DbType = DateTime), @p323='?' (Size = 100), @p324='?' (DbType = Guid), @p325='?' (Size = 30), @p326='?' (DbType = Boolean), @p327='?' (Size = 50), @p328='?' (DbType = DateTime), @p329='?' (Size = 100), @p330='?' (DbType = DateTime), @p331='?' (Size = 100), @p332='?' (Size = 50), @p333='?' (DbType = Boolean), @p334='?' (DbType = Boolean), @p335='?' (DbType = Int32), @p336='?' (Size = 255), @p337='?' (Size = 10), @p338='?' (DbType = Guid), @p339='?' (Size = 40), @p340='?' (DbType = DateTime), @p341='?' (Size = 100), @p342='?' (DbType = Guid), @p343='?' (Size = 30), @p344='?' (DbType = Boolean), @p345='?' (Size = 50), @p346='?' (DbType = DateTime), @p347='?' (Size = 100), @p348='?' (DbType = DateTime), @p349='?' (Size = 100), @p350='?' (Size = 50), @p351='?' (DbType = Boolean), @p352='?' (DbType = Boolean), @p353='?' (DbType = Int32), @p354='?' (Size = 255), @p355='?' (Size = 10), @p356='?' (DbType = Guid), @p357='?' (Size = 40), @p358='?' (DbType = DateTime), @p359='?' (Size = 100), @p360='?' (DbType = Guid), @p361='?' (Size = 50), @p362='?' (Size = 50), @p363='?' (DbType = DateTime), @p364='?' (Size = 100), @p365='?' (DbType = DateTime), @p366='?' (Size = 100), @p367='?' (Size = 500), @p368='?' (DbType = Boolean), @p369='?' (Size = 255), @p370='?' (DbType = Guid), @p371='?' (DbType = Guid), @p372='?' (DbType = DateTime), @p373='?' (Size = 100), @p374='?' (DbType = Guid), @p375='?' (Size = 50), @p376='?' (Size = 50), @p377='?' (DbType = DateTime), @p378='?' (Size = 100), @p379='?' (DbType = DateTime), @p380='?' (Size = 100), @p381='?' (Size = 500), @p382='?' (DbType = Boolean), @p383='?' (Size = 255), @p384='?' (DbType = Guid), @p385='?' (DbType = Guid), @p386='?' (DbType = DateTime), @p387='?' (Size = 100), @p388='?' (DbType = Guid), @p389='?' (Size = 50), @p390='?' (Size = 50), @p391='?' (DbType = DateTime), @p392='?' (Size = 100), @p393='?' (DbType = DateTime), @p394='?' (Size = 100), @p395='?' (Size = 500), @p396='?' (DbType = Boolean), @p397='?' (Size = 255), @p398='?' (DbType = Guid), @p399='?' (DbType = Guid), @p400='?' (DbType = DateTime), @p401='?' (Size = 100), @p402='?' (DbType = Guid), @p403='?' (Size = 50), @p404='?' (Size = 50), @p405='?' (DbType = DateTime), @p406='?' (Size = 100), @p407='?' (DbType = DateTime), @p408='?' (Size = 100), @p409='?' (Size = 500), @p410='?' (DbType = Boolean), @p411='?' (Size = 255), @p412='?' (DbType = Guid), @p413='?' (DbType = Guid), @p414='?' (DbType = DateTime), @p415='?' (Size = 100), @p416='?' (DbType = Guid), @p417='?' (Size = 50), @p418='?' (Size = 50), @p419='?' (DbType = DateTime), @p420='?' (Size = 100), @p421='?' (DbType = DateTime), @p422='?' (Size = 100), @p423='?' (Size = 500), @p424='?' (DbType = Boolean), @p425='?' (Size = 255), @p426='?' (DbType = Guid), @p427='?' (DbType = Guid), @p428='?' (DbType = DateTime), @p429='?' (Size = 100), @p430='?' (DbType = Guid), @p431='?' (Size = 50), @p432='?' (Size = 50), @p433='?' (DbType = DateTime), @p434='?' (Size = 100), @p435='?' (DbType = DateTime), @p436='?' (Size = 100), @p437='?' (Size = 500), @p438='?' (DbType = Boolean), @p439='?' (Size = 255), @p440='?' (DbType = Guid), @p441='?' (DbType = Guid), @p442='?' (DbType = DateTime), @p443='?' (Size = 100), @p444='?' (DbType = Guid), @p445='?' (Size = 50), @p446='?' (Size = 50), @p447='?' (DbType = DateTime), @p448='?' (Size = 100), @p449='?' (DbType = DateTime), @p450='?' (Size = 100), @p451='?' (Size = 500), @p452='?' (DbType = Boolean), @p453='?' (Size = 255), @p454='?' (DbType = Guid), @p455='?' (DbType = Guid), @p456='?' (DbType = DateTime), @p457='?' (Size = 100), @p458='?' (DbType = Guid), @p459='?' (Size = 50), @p460='?' (DbType = DateTime), @p461='?' (Size = 100), @p462='?' (DbType = DateTime), @p463='?' (Size = 100), @p464='?' (Size = 500), @p465='?' (Size = 50), @p466='?' (DbType = Boolean), @p467='?' (Size = 255), @p468='?' (DbType = Guid), @p469='?' (DbType = DateTime), @p470='?' (Size = 100), @p471='?' (DbType = Guid), @p472='?' (Size = 50), @p473='?' (DbType = DateTime), @p474='?' (Size = 100), @p475='?' (DbType = DateTime), @p476='?' (Size = 100), @p477='?' (Size = 500), @p478='?' (Size = 50), @p479='?' (DbType = Boolean), @p480='?' (Size = 255), @p481='?' (DbType = Guid), @p482='?' (DbType = DateTime), @p483='?' (Size = 100), @p484='?' (DbType = Guid), @p485='?' (Size = 50), @p486='?' (DbType = DateTime), @p487='?' (Size = 100), @p488='?' (DbType = DateTime), @p489='?' (Size = 100), @p490='?' (Size = 500), @p491='?' (Size = 50), @p492='?' (DbType = Boolean), @p493='?' (Size = 255), @p494='?' (DbType = Guid), @p495='?' (DbType = DateTime), @p496='?' (Size = 100), @p497='?' (DbType = Guid), @p498='?' (Size = 50), @p499='?' (DbType = DateTime), @p500='?' (Size = 100), @p501='?' (DbType = DateTime), @p502='?' (Size = 100), @p503='?' (Size = 500), @p504='?' (Size = 50), @p505='?' (DbType = Boolean), @p506='?' (Size = 255), @p507='?' (DbType = Guid), @p508='?' (DbType = DateTime), @p509='?' (Size = 100), @p510='?' (DbType = Guid), @p511='?' (Size = 50), @p512='?' (DbType = DateTime), @p513='?' (Size = 100), @p514='?' (DbType = DateTime), @p515='?' (Size = 100), @p516='?' (Size = 500), @p517='?' (Size = 50), @p518='?' (DbType = Boolean), @p519='?' (Size = 255), @p520='?' (DbType = Guid), @p521='?' (DbType = DateTime), @p522='?' (Size = 100), @p523='?' (DbType = Guid), @p524='?' (Size = 50), @p525='?' (DbType = DateTime), @p526='?' (Size = 100), @p527='?' (DbType = DateTime), @p528='?' (Size = 100), @p529='?' (Size = 200), @p530='?' (DbType = Boolean), @p531='?' (DbType = Int32), @p532='?' (Size = 255), @p533='?' (Size = 50), @p534='?' (DbType = Guid), @p535='?' (DbType = DateTime), @p536='?' (Size = 100), @p537='?' (DbType = Guid), @p538='?' (Size = 30), @p539='?' (DbType = Boolean), @p540='?' (Size = 50), @p541='?' (DbType = DateTime), @p542='?' (Size = 100), @p543='?' (DbType = DateTime), @p544='?' (Size = 100), @p545='?' (Size = 50), @p546='?' (DbType = Boolean), @p547='?' (DbType = Boolean), @p548='?' (DbType = Int32), @p549='?' (Size = 255), @p550='?' (Size = 10), @p551='?' (DbType = Guid), @p552='?' (Size = 40), @p553='?' (DbType = DateTime), @p554='?' (Size = 100), @p555='?' (DbType = Guid), @p556='?' (Size = 30), @p557='?' (DbType = Boolean), @p558='?' (Size = 50), @p559='?' (DbType = DateTime), @p560='?' (Size = 100), @p561='?' (DbType = DateTime), @p562='?' (Size = 100), @p563='?' (Size = 50), @p564='?' (DbType = Boolean), @p565='?' (DbType = Boolean), @p566='?' (DbType = Int32), @p567='?' (Size = 255), @p568='?' (Size = 10), @p569='?' (DbType = Guid), @p570='?' (Size = 40), @p571='?' (DbType = DateTime), @p572='?' (Size = 100), @p573='?' (DbType = Guid), @p574='?' (Size = 30), @p575='?' (DbType = Boolean), @p576='?' (Size = 50), @p577='?' (DbType = DateTime), @p578='?' (Size = 100), @p579='?' (DbType = DateTime), @p580='?' (Size = 100), @p581='?' (Size = 50), @p582='?' (DbType = Boolean), @p583='?' (DbType = Boolean), @p584='?' (DbType = Int32), @p585='?' (Size = 255), @p586='?' (Size = 10), @p587='?' (DbType = Guid), @p588='?' (Size = 40), @p589='?' (DbType = DateTime), @p590='?' (Size = 100), @p591='?' (DbType = Guid), @p592='?' (Size = 30), @p593='?' (DbType = Boolean), @p594='?' (Size = 50), @p595='?' (DbType = DateTime), @p596='?' (Size = 100), @p597='?' (DbType = DateTime), @p598='?' (Size = 100), @p599='?' (Size = 50), @p600='?' (DbType = Boolean), @p601='?' (DbType = Boolean), @p602='?' (DbType = Int32), @p603='?' (Size = 255), @p604='?' (Size = 10), @p605='?' (DbType = Guid), @p606='?' (Size = 40), @p607='?' (DbType = DateTime), @p608='?' (Size = 100), @p609='?' (DbType = Guid), @p610='?' (Size = 30), @p611='?' (DbType = Boolean), @p612='?' (Size = 50), @p613='?' (DbType = DateTime), @p614='?' (Size = 100), @p615='?' (DbType = DateTime), @p616='?' (Size = 100), @p617='?' (Size = 50), @p618='?' (DbType = Boolean), @p619='?' (DbType = Boolean), @p620='?' (DbType = Int32), @p621='?' (Size = 255), @p622='?' (Size = 10), @p623='?' (DbType = Guid), @p624='?' (Size = 40), @p625='?' (DbType = DateTime), @p626='?' (Size = 100), @p627='?' (DbType = Guid), @p628='?' (Size = 30), @p629='?' (DbType = Boolean), @p630='?' (Size = 50), @p631='?' (DbType = DateTime), @p632='?' (Size = 100), @p633='?' (DbType = DateTime), @p634='?' (Size = 100), @p635='?' (Size = 50), @p636='?' (DbType = Boolean), @p637='?' (DbType = Boolean), @p638='?' (DbType = Int32), @p639='?' (Size = 255), @p640='?' (Size = 10), @p641='?' (DbType = Guid), @p642='?' (Size = 40), @p643='?' (DbType = DateTime), @p644='?' (Size = 100), @p645='?' (DbType = Guid), @p646='?' (Size = 30), @p647='?' (DbType = Boolean), @p648='?' (Size = 50), @p649='?' (DbType = DateTime), @p650='?' (Size = 100), @p651='?' (DbType = DateTime), @p652='?' (Size = 100), @p653='?' (Size = 50), @p654='?' (DbType = Boolean), @p655='?' (DbType = Boolean), @p656='?' (DbType = Int32), @p657='?' (Size = 255), @p658='?' (Size = 10), @p659='?' (DbType = Guid), @p660='?' (Size = 40), @p661='?' (DbType = DateTime), @p662='?' (Size = 100), @p663='?' (DbType = Guid), @p664='?' (Size = 30), @p665='?' (DbType = Boolean), @p666='?' (Size = 50), @p667='?' (DbType = DateTime), @p668='?' (Size = 100), @p669='?' (DbType = DateTime), @p670='?' (Size = 100), @p671='?' (Size = 50), @p672='?' (DbType = Boolean), @p673='?' (DbType = Boolean), @p674='?' (DbType = Int32), @p675='?' (Size = 255), @p676='?' (Size = 10), @p677='?' (DbType = Guid), @p678='?' (Size = 40), @p679='?' (DbType = DateTime), @p680='?' (Size = 100), @p681='?' (DbType = Guid), @p682='?' (Size = 30), @p683='?' (DbType = Boolean), @p684='?' (Size = 50), @p685='?' (DbType = DateTime), @p686='?' (Size = 100), @p687='?' (DbType = DateTime), @p688='?' (Size = 100), @p689='?' (Size = 50), @p690='?' (DbType = Boolean), @p691='?' (DbType = Boolean), @p692='?' (DbType = Int32), @p693='?' (Size = 255), @p694='?' (Size = 10), @p695='?' (DbType = Guid), @p696='?' (Size = 40), @p697='?' (DbType = DateTime), @p698='?' (Size = 100)], CommandType='"Text"', CommandTimeout='30']
INSERT INTO `accounting_periods` (`Id`, `ClosedAt`, `ClosedBy`, `Code`, `CreatedAt`, `CreatedBy`, `DeletedAt`, `DeletedBy`, `EndDate`, `FiscalYear`, `IsCurrent`, `Name`, `PeriodNumber`, `PeriodType`, `StartDate`, `Status`, `UpdatedAt`, `UpdatedBy`)
VALUES (@p0, @p1, @p2, @p3, @p4, @p5, @p6, @p7, @p8, @p9, @p10, @p11, @p12, @p13, @p14, @p15, @p16, @p17);
SELECT `RowVersion`
FROM `accounting_periods`
WHERE ROW_COUNT() = 1 AND `Id` = @p0;

INSERT INTO `accounting_periods` (`Id`, `ClosedAt`, `ClosedBy`, `Code`, `CreatedAt`, `CreatedBy`, `DeletedAt`, `DeletedBy`, `EndDate`, `FiscalYear`, `IsCurrent`, `Name`, `PeriodNumber`, `PeriodType`, `StartDate`, `Status`, `UpdatedAt`, `UpdatedBy`)
VALUES (@p18, @p19, @p20, @p21, @p22, @p23, @p24, @p25, @p26, @p27, @p28, @p29, @p30, @p31, @p32, @p33, @p34, @p35);
SELECT `RowVersion`
FROM `accounting_periods`
WHERE ROW_COUNT() = 1 AND `Id` = @p18;

INSERT INTO `accounting_periods` (`Id`, `ClosedAt`, `ClosedBy`, `Code`, `CreatedAt`, `CreatedBy`, `DeletedAt`, `DeletedBy`, `EndDate`, `FiscalYear`, `IsCurrent`, `Name`, `PeriodNumber`, `PeriodType`, `StartDate`, `Status`, `UpdatedAt`, `UpdatedBy`)
VALUES (@p36, @p37, @p38, @p39, @p40, @p41, @p42, @p43, @p44, @p45, @p46, @p47, @p48, @p49, @p50, @p51, @p52, @p53);
SELECT `RowVersion`
FROM `accounting_periods`
WHERE ROW_COUNT() = 1 AND `Id` = @p36;

INSERT INTO `accounting_periods` (`Id`, `ClosedAt`, `ClosedBy`, `Code`, `CreatedAt`, `CreatedBy`, `DeletedAt`, `DeletedBy`, `EndDate`, `FiscalYear`, `IsCurrent`, `Name`, `PeriodNumber`, `PeriodType`, `StartDate`, `Status`, `UpdatedAt`, `UpdatedBy`)
VALUES (@p54, @p55, @p56, @p57, @p58, @p59, @p60, @p61, @p62, @p63, @p64, @p65, @p66, @p67, @p68, @p69, @p70, @p71);
SELECT `RowVersion`
FROM `accounting_periods`
WHERE ROW_COUNT() = 1 AND `Id` = @p54;

INSERT INTO `accounting_periods` (`Id`, `ClosedAt`, `ClosedBy`, `Code`, `CreatedAt`, `CreatedBy`, `DeletedAt`, `DeletedBy`, `EndDate`, `FiscalYear`, `IsCurrent`, `Name`, `PeriodNumber`, `PeriodType`, `StartDate`, `Status`, `UpdatedAt`, `UpdatedBy`)
VALUES (@p72, @p73, @p74, @p75, @p76, @p77, @p78, @p79, @p80, @p81, @p82, @p83, @p84, @p85, @p86, @p87, @p88, @p89);
SELECT `RowVersion`
FROM `accounting_periods`
WHERE ROW_COUNT() = 1 AND `Id` = @p72;

INSERT INTO `accounting_periods` (`Id`, `ClosedAt`, `ClosedBy`, `Code`, `CreatedAt`, `CreatedBy`, `DeletedAt`, `DeletedBy`, `EndDate`, `FiscalYear`, `IsCurrent`, `Name`, `PeriodNumber`, `PeriodType`, `StartDate`, `Status`, `UpdatedAt`, `UpdatedBy`)
VALUES (@p90, @p91, @p92, @p93, @p94, @p95, @p96, @p97, @p98, @p99, @p100, @p101, @p102, @p103, @p104, @p105, @p106, @p107);
SELECT `RowVersion`
FROM `accounting_periods`
WHERE ROW_COUNT() = 1 AND `Id` = @p90;

INSERT INTO `accounting_periods` (`Id`, `ClosedAt`, `ClosedBy`, `Code`, `CreatedAt`, `CreatedBy`, `DeletedAt`, `DeletedBy`, `EndDate`, `FiscalYear`, `IsCurrent`, `Name`, `PeriodNumber`, `PeriodType`, `StartDate`, `Status`, `UpdatedAt`, `UpdatedBy`)
VALUES (@p108, @p109, @p110, @p111, @p112, @p113, @p114, @p115, @p116, @p117, @p118, @p119, @p120, @p121, @p122, @p123, @p124, @p125);
SELECT `RowVersion`
FROM `accounting_periods`
WHERE ROW_COUNT() = 1 AND `Id` = @p108;

INSERT INTO `accounting_periods` (`Id`, `ClosedAt`, `ClosedBy`, `Code`, `CreatedAt`, `CreatedBy`, `DeletedAt`, `DeletedBy`, `EndDate`, `FiscalYear`, `IsCurrent`, `Name`, `PeriodNumber`, `PeriodType`, `StartDate`, `Status`, `UpdatedAt`, `UpdatedBy`)
VALUES (@p126, @p127, @p128, @p129, @p130, @p131, @p132, @p133, @p134, @p135, @p136, @p137, @p138, @p139, @p140, @p141, @p142, @p143);
SELECT `RowVersion`
FROM `accounting_periods`
WHERE ROW_COUNT() = 1 AND `Id` = @p126;

INSERT INTO `accounting_periods` (`Id`, `ClosedAt`, `ClosedBy`, `Code`, `CreatedAt`, `CreatedBy`, `DeletedAt`, `DeletedBy`, `EndDate`, `FiscalYear`, `IsCurrent`, `Name`, `PeriodNumber`, `PeriodType`, `StartDate`, `Status`, `UpdatedAt`, `UpdatedBy`)
VALUES (@p144, @p145, @p146, @p147, @p148, @p149, @p150, @p151, @p152, @p153, @p154, @p155, @p156, @p157, @p158, @p159, @p160, @p161);
SELECT `RowVersion`
FROM `accounting_periods`
WHERE ROW_COUNT() = 1 AND `Id` = @p144;

INSERT INTO `accounting_periods` (`Id`, `ClosedAt`, `ClosedBy`, `Code`, `CreatedAt`, `CreatedBy`, `DeletedAt`, `DeletedBy`, `EndDate`, `FiscalYear`, `IsCurrent`, `Name`, `PeriodNumber`, `PeriodType`, `StartDate`, `Status`, `UpdatedAt`, `UpdatedBy`)
VALUES (@p162, @p163, @p164, @p165, @p166, @p167, @p168, @p169, @p170, @p171, @p172, @p173, @p174, @p175, @p176, @p177, @p178, @p179);
SELECT `RowVersion`
FROM `accounting_periods`
WHERE ROW_COUNT() = 1 AND `Id` = @p162;

INSERT INTO `accounting_periods` (`Id`, `ClosedAt`, `ClosedBy`, `Code`, `CreatedAt`, `CreatedBy`, `DeletedAt`, `DeletedBy`, `EndDate`, `FiscalYear`, `IsCurrent`, `Name`, `PeriodNumber`, `PeriodType`, `StartDate`, `Status`, `UpdatedAt`, `UpdatedBy`)
VALUES (@p180, @p181, @p182, @p183, @p184, @p185, @p186, @p187, @p188, @p189, @p190, @p191, @p192, @p193, @p194, @p195, @p196, @p197);
SELECT `RowVersion`
FROM `accounting_periods`
WHERE ROW_COUNT() = 1 AND `Id` = @p180;

INSERT INTO `accounting_periods` (`Id`, `ClosedAt`, `ClosedBy`, `Code`, `CreatedAt`, `CreatedBy`, `DeletedAt`, `DeletedBy`, `EndDate`, `FiscalYear`, `IsCurrent`, `Name`, `PeriodNumber`, `PeriodType`, `StartDate`, `Status`, `UpdatedAt`, `UpdatedBy`)
VALUES (@p198, @p199, @p200, @p201, @p202, @p203, @p204, @p205, @p206, @p207, @p208, @p209, @p210, @p211, @p212, @p213, @p214, @p215);
SELECT `RowVersion`
FROM `accounting_periods`
WHERE ROW_COUNT() = 1 AND `Id` = @p198;

INSERT INTO `accounting_periods` (`Id`, `ClosedAt`, `ClosedBy`, `Code`, `CreatedAt`, `CreatedBy`, `DeletedAt`, `DeletedBy`, `EndDate`, `FiscalYear`, `IsCurrent`, `Name`, `PeriodNumber`, `PeriodType`, `StartDate`, `Status`, `UpdatedAt`, `UpdatedBy`)
VALUES (@p216, @p217, @p218, @p219, @p220, @p221, @p222, @p223, @p224, @p225, @p226, @p227, @p228, @p229, @p230, @p231, @p232, @p233);
SELECT `RowVersion`
FROM `accounting_periods`
WHERE ROW_COUNT() = 1 AND `Id` = @p216;

INSERT INTO `accounts` (`Id`, `AccountType`, `AllowPosting`, `Code`, `CreatedAt`, `CreatedBy`, `DeletedAt`, `DeletedBy`, `ExternalCode`, `IsActive`, `IsHeader`, `Level`, `Name`, `NormalBalance`, `ParentId`, `ReportMapping`, `UpdatedAt`, `UpdatedBy`)
VALUES (@p234, @p235, @p236, @p237, @p238, @p239, @p240, @p241, @p242, @p243, @p244, @p245, @p246, @p247, @p248, @p249, @p250, @p251);
SELECT `RowVersion`
FROM `accounts`
WHERE ROW_COUNT() = 1 AND `Id` = @p234;

INSERT INTO `accounts` (`Id`, `AccountType`, `AllowPosting`, `Code`, `CreatedAt`, `CreatedBy`, `DeletedAt`, `DeletedBy`, `ExternalCode`, `IsActive`, `IsHeader`, `Level`, `Name`, `NormalBalance`, `ParentId`, `ReportMapping`, `UpdatedAt`, `UpdatedBy`)
VALUES (@p252, @p253, @p254, @p255, @p256, @p257, @p258, @p259, @p260, @p261, @p262, @p263, @p264, @p265, @p266, @p267, @p268, @p269);
SELECT `RowVersion`
FROM `accounts`
WHERE ROW_COUNT() = 1 AND `Id` = @p252;

INSERT INTO `accounts` (`Id`, `AccountType`, `AllowPosting`, `Code`, `CreatedAt`, `CreatedBy`, `DeletedAt`, `DeletedBy`, `ExternalCode`, `IsActive`, `IsHeader`, `Level`, `Name`, `NormalBalance`, `ParentId`, `ReportMapping`, `UpdatedAt`, `UpdatedBy`)
VALUES (@p270, @p271, @p272, @p273, @p274, @p275, @p276, @p277, @p278, @p279, @p280, @p281, @p282, @p283, @p284, @p285, @p286, @p287);
SELECT `RowVersion`
FROM `accounts`
WHERE ROW_COUNT() = 1 AND `Id` = @p270;

INSERT INTO `accounts` (`Id`, `AccountType`, `AllowPosting`, `Code`, `CreatedAt`, `CreatedBy`, `DeletedAt`, `DeletedBy`, `ExternalCode`, `IsActive`, `IsHeader`, `Level`, `Name`, `NormalBalance`, `ParentId`, `ReportMapping`, `UpdatedAt`, `UpdatedBy`)
VALUES (@p288, @p289, @p290, @p291, @p292, @p293, @p294, @p295, @p296, @p297, @p298, @p299, @p300, @p301, @p302, @p303, @p304, @p305);
SELECT `RowVersion`
FROM `accounts`
WHERE ROW_COUNT() = 1 AND `Id` = @p288;

INSERT INTO `accounts` (`Id`, `AccountType`, `AllowPosting`, `Code`, `CreatedAt`, `CreatedBy`, `DeletedAt`, `DeletedBy`, `ExternalCode`, `IsActive`, `IsHeader`, `Level`, `Name`, `NormalBalance`, `ParentId`, `ReportMapping`, `UpdatedAt`, `UpdatedBy`)
VALUES (@p306, @p307, @p308, @p309, @p310, @p311, @p312, @p313, @p314, @p315, @p316, @p317, @p318, @p319, @p320, @p321, @p322, @p323);
SELECT `RowVersion`
FROM `accounts`
WHERE ROW_COUNT() = 1 AND `Id` = @p306;

INSERT INTO `accounts` (`Id`, `AccountType`, `AllowPosting`, `Code`, `CreatedAt`, `CreatedBy`, `DeletedAt`, `DeletedBy`, `ExternalCode`, `IsActive`, `IsHeader`, `Level`, `Name`, `NormalBalance`, `ParentId`, `ReportMapping`, `UpdatedAt`, `UpdatedBy`)
VALUES (@p324, @p325, @p326, @p327, @p328, @p329, @p330, @p331, @p332, @p333, @p334, @p335, @p336, @p337, @p338, @p339, @p340, @p341);
SELECT `RowVersion`
FROM `accounts`
WHERE ROW_COUNT() = 1 AND `Id` = @p324;

INSERT INTO `accounts` (`Id`, `AccountType`, `AllowPosting`, `Code`, `CreatedAt`, `CreatedBy`, `DeletedAt`, `DeletedBy`, `ExternalCode`, `IsActive`, `IsHeader`, `Level`, `Name`, `NormalBalance`, `ParentId`, `ReportMapping`, `UpdatedAt`, `UpdatedBy`)
VALUES (@p342, @p343, @p344, @p345, @p346, @p347, @p348, @p349, @p350, @p351, @p352, @p353, @p354, @p355, @p356, @p357, @p358, @p359);
SELECT `RowVersion`
FROM `accounts`
WHERE ROW_COUNT() = 1 AND `Id` = @p342;

INSERT INTO `cost_centers` (`Id`, `Code`, `CostCenterType`, `CreatedAt`, `CreatedBy`, `DeletedAt`, `DeletedBy`, `Description`, `IsActive`, `Name`, `OrganizationId`, `ParentId`, `UpdatedAt`, `UpdatedBy`)
VALUES (@p360, @p361, @p362, @p363, @p364, @p365, @p366, @p367, @p368, @p369, @p370, @p371, @p372, @p373),
(@p374, @p375, @p376, @p377, @p378, @p379, @p380, @p381, @p382, @p383, @p384, @p385, @p386, @p387),
(@p388, @p389, @p390, @p391, @p392, @p393, @p394, @p395, @p396, @p397, @p398, @p399, @p400, @p401),
(@p402, @p403, @p404, @p405, @p406, @p407, @p408, @p409, @p410, @p411, @p412, @p413, @p414, @p415),
(@p416, @p417, @p418, @p419, @p420, @p421, @p422, @p423, @p424, @p425, @p426, @p427, @p428, @p429),
(@p430, @p431, @p432, @p433, @p434, @p435, @p436, @p437, @p438, @p439, @p440, @p441, @p442, @p443),
(@p444, @p445, @p446, @p447, @p448, @p449, @p450, @p451, @p452, @p453, @p454, @p455, @p456, @p457);
INSERT INTO `fund_sources` (`Id`, `Code`, `CreatedAt`, `CreatedBy`, `DeletedAt`, `DeletedBy`, `Description`, `FundCategory`, `IsActive`, `Name`, `ParentId`, `UpdatedAt`, `UpdatedBy`)
VALUES (@p458, @p459, @p460, @p461, @p462, @p463, @p464, @p465, @p466, @p467, @p468, @p469, @p470),
(@p471, @p472, @p473, @p474, @p475, @p476, @p477, @p478, @p479, @p480, @p481, @p482, @p483),
(@p484, @p485, @p486, @p487, @p488, @p489, @p490, @p491, @p492, @p493, @p494, @p495, @p496),
(@p497, @p498, @p499, @p500, @p501, @p502, @p503, @p504, @p505, @p506, @p507, @p508, @p509),
(@p510, @p511, @p512, @p513, @p514, @p515, @p516, @p517, @p518, @p519, @p520, @p521, @p522);
INSERT INTO `organizations` (`Id`, `Code`, `CreatedAt`, `CreatedBy`, `DeletedAt`, `DeletedBy`, `HeadName`, `IsActive`, `Level`, `Name`, `OrganizationType`, `ParentId`, `UpdatedAt`, `UpdatedBy`)
VALUES (@p523, @p524, @p525, @p526, @p527, @p528, @p529, @p530, @p531, @p532, @p533, @p534, @p535, @p536);
INSERT INTO `accounts` (`Id`, `AccountType`, `AllowPosting`, `Code`, `CreatedAt`, `CreatedBy`, `DeletedAt`, `DeletedBy`, `ExternalCode`, `IsActive`, `IsHeader`, `Level`, `Name`, `NormalBalance`, `ParentId`, `ReportMapping`, `UpdatedAt`, `UpdatedBy`)
VALUES (@p537, @p538, @p539, @p540, @p541, @p542, @p543, @p544, @p545, @p546, @p547, @p548, @p549, @p550, @p551, @p552, @p553, @p554);
SELECT `RowVersion`
FROM `accounts`
WHERE ROW_COUNT() = 1 AND `Id` = @p537;

INSERT INTO `accounts` (`Id`, `AccountType`, `AllowPosting`, `Code`, `CreatedAt`, `CreatedBy`, `DeletedAt`, `DeletedBy`, `ExternalCode`, `IsActive`, `IsHeader`, `Level`, `Name`, `NormalBalance`, `ParentId`, `ReportMapping`, `UpdatedAt`, `UpdatedBy`)
VALUES (@p555, @p556, @p557, @p558, @p559, @p560, @p561, @p562, @p563, @p564, @p565, @p566, @p567, @p568, @p569, @p570, @p571, @p572);
SELECT `RowVersion`
FROM `accounts`
WHERE ROW_COUNT() = 1 AND `Id` = @p555;

INSERT INTO `accounts` (`Id`, `AccountType`, `AllowPosting`, `Code`, `CreatedAt`, `CreatedBy`, `DeletedAt`, `DeletedBy`, `ExternalCode`, `IsActive`, `IsHeader`, `Level`, `Name`, `NormalBalance`, `ParentId`, `ReportMapping`, `UpdatedAt`, `UpdatedBy`)
VALUES (@p573, @p574, @p575, @p576, @p577, @p578, @p579, @p580, @p581, @p582, @p583, @p584, @p585, @p586, @p587, @p588, @p589, @p590);
SELECT `RowVersion`
FROM `accounts`
WHERE ROW_COUNT() = 1 AND `Id` = @p573;

INSERT INTO `accounts` (`Id`, `AccountType`, `AllowPosting`, `Code`, `CreatedAt`, `CreatedBy`, `DeletedAt`, `DeletedBy`, `ExternalCode`, `IsActive`, `IsHeader`, `Level`, `Name`, `NormalBalance`, `ParentId`, `ReportMapping`, `UpdatedAt`, `UpdatedBy`)
VALUES (@p591, @p592, @p593, @p594, @p595, @p596, @p597, @p598, @p599, @p600, @p601, @p602, @p603, @p604, @p605, @p606, @p607, @p608);
SELECT `RowVersion`
FROM `accounts`
WHERE ROW_COUNT() = 1 AND `Id` = @p591;

INSERT INTO `accounts` (`Id`, `AccountType`, `AllowPosting`, `Code`, `CreatedAt`, `CreatedBy`, `DeletedAt`, `DeletedBy`, `ExternalCode`, `IsActive`, `IsHeader`, `Level`, `Name`, `NormalBalance`, `ParentId`, `ReportMapping`, `UpdatedAt`, `UpdatedBy`)
VALUES (@p609, @p610, @p611, @p612, @p613, @p614, @p615, @p616, @p617, @p618, @p619, @p620, @p621, @p622, @p623, @p624, @p625, @p626);
SELECT `RowVersion`
FROM `accounts`
WHERE ROW_COUNT() = 1 AND `Id` = @p609;

INSERT INTO `accounts` (`Id`, `AccountType`, `AllowPosting`, `Code`, `CreatedAt`, `CreatedBy`, `DeletedAt`, `DeletedBy`, `ExternalCode`, `IsActive`, `IsHeader`, `Level`, `Name`, `NormalBalance`, `ParentId`, `ReportMapping`, `UpdatedAt`, `UpdatedBy`)
VALUES (@p627, @p628, @p629, @p630, @p631, @p632, @p633, @p634, @p635, @p636, @p637, @p638, @p639, @p640, @p641, @p642, @p643, @p644);
SELECT `RowVersion`
FROM `accounts`
WHERE ROW_COUNT() = 1 AND `Id` = @p627;

INSERT INTO `accounts` (`Id`, `AccountType`, `AllowPosting`, `Code`, `CreatedAt`, `CreatedBy`, `DeletedAt`, `DeletedBy`, `ExternalCode`, `IsActive`, `IsHeader`, `Level`, `Name`, `NormalBalance`, `ParentId`, `ReportMapping`, `UpdatedAt`, `UpdatedBy`)
VALUES (@p645, @p646, @p647, @p648, @p649, @p650, @p651, @p652, @p653, @p654, @p655, @p656, @p657, @p658, @p659, @p660, @p661, @p662);
SELECT `RowVersion`
FROM `accounts`
WHERE ROW_COUNT() = 1 AND `Id` = @p645;

INSERT INTO `accounts` (`Id`, `AccountType`, `AllowPosting`, `Code`, `CreatedAt`, `CreatedBy`, `DeletedAt`, `DeletedBy`, `ExternalCode`, `IsActive`, `IsHeader`, `Level`, `Name`, `NormalBalance`, `ParentId`, `ReportMapping`, `UpdatedAt`, `UpdatedBy`)
VALUES (@p663, @p664, @p665, @p666, @p667, @p668, @p669, @p670, @p671, @p672, @p673, @p674, @p675, @p676, @p677, @p678, @p679, @p680);
SELECT `RowVersion`
FROM `accounts`
WHERE ROW_COUNT() = 1 AND `Id` = @p663;

INSERT INTO `accounts` (`Id`, `AccountType`, `AllowPosting`, `Code`, `CreatedAt`, `CreatedBy`, `DeletedAt`, `DeletedBy`, `ExternalCode`, `IsActive`, `IsHeader`, `Level`, `Name`, `NormalBalance`, `ParentId`, `ReportMapping`, `UpdatedAt`, `UpdatedBy`)
VALUES (@p681, @p682, @p683, @p684, @p685, @p686, @p687, @p688, @p689, @p690, @p691, @p692, @p693, @p694, @p695, @p696, @p697, @p698);
SELECT `RowVersion`
FROM `accounts`
WHERE ROW_COUNT() = 1 AND `Id` = @p681;
2026-08-26 10:15:04.936 +07:00 [ERR] An exception occurred in the database while saving changes for context type 'BLUDRSUD.Infrastructure.Persistence.BludRsudDbContext'.
Microsoft.EntityFrameworkCore.DbUpdateException: An error occurred while saving the entity changes. See the inner exception for details.
 ---> MySqlConnector.MySqlException (0x80004005): Field 'RowVersion' doesn't have a default value
   at MySqlConnector.Core.ServerSession.ReceiveReplyAsync(IOBehavior ioBehavior, CancellationToken cancellationToken) in /_/src/MySqlConnector/Core/ServerSession.cs:line 1081
   at MySqlConnector.Core.ResultSet.ReadResultSetHeaderAsync(IOBehavior ioBehavior) in /_/src/MySqlConnector/Core/ResultSet.cs:line 37
   at MySqlConnector.MySqlDataReader.ActivateResultSet(CancellationToken cancellationToken) in /_/src/MySqlConnector/MySqlDataReader.cs:line 131
   at MySqlConnector.MySqlDataReader.InitAsync(CommandListPosition commandListPosition, ICommandPayloadCreator payloadCreator, IDictionary`2 cachedProcedures, IMySqlCommand command, CommandBehavior behavior, Activity activity, IOBehavior ioBehavior, CancellationToken cancellationToken) in /_/src/MySqlConnector/MySqlDataReader.cs:line 487
   at MySqlConnector.Core.CommandExecutor.ExecuteReaderAsync(CommandListPosition commandListPosition, ICommandPayloadCreator payloadCreator, CommandBehavior behavior, Activity activity, IOBehavior ioBehavior, CancellationToken cancellationToken) in /_/src/MySqlConnector/Core/CommandExecutor.cs:line 56
   at MySqlConnector.MySqlCommand.ExecuteReaderAsync(CommandBehavior behavior, IOBehavior ioBehavior, CancellationToken cancellationToken) in /_/src/MySqlConnector/MySqlCommand.cs:line 357
   at MySqlConnector.MySqlCommand.ExecuteDbDataReaderAsync(CommandBehavior behavior, CancellationToken cancellationToken) in /_/src/MySqlConnector/MySqlCommand.cs:line 350
   at Microsoft.EntityFrameworkCore.Storage.RelationalCommand.ExecuteReaderAsync(RelationalCommandParameterObject parameterObject, CancellationToken cancellationToken)
   at Microsoft.EntityFrameworkCore.Storage.RelationalCommand.ExecuteReaderAsync(RelationalCommandParameterObject parameterObject, CancellationToken cancellationToken)
   at Microsoft.EntityFrameworkCore.Update.ReaderModificationCommandBatch.ExecuteAsync(IRelationalConnection connection, CancellationToken cancellationToken)
   --- End of inner exception stack trace ---
   at Microsoft.EntityFrameworkCore.Update.ReaderModificationCommandBatch.ExecuteAsync(IRelationalConnection connection, CancellationToken cancellationToken)
   at Microsoft.EntityFrameworkCore.Update.Internal.BatchExecutor.ExecuteAsync(IEnumerable`1 commandBatches, IRelationalConnection connection, CancellationToken cancellationToken)
   at Microsoft.EntityFrameworkCore.Update.Internal.BatchExecutor.ExecuteAsync(IEnumerable`1 commandBatches, IRelationalConnection connection, CancellationToken cancellationToken)
   at Microsoft.EntityFrameworkCore.Update.Internal.BatchExecutor.ExecuteAsync(IEnumerable`1 commandBatches, IRelationalConnection connection, CancellationToken cancellationToken)
   at Microsoft.EntityFrameworkCore.Storage.RelationalDatabase.SaveChangesAsync(IList`1 entries, CancellationToken cancellationToken)
   at Microsoft.EntityFrameworkCore.ChangeTracking.Internal.StateManager.SaveChangesAsync(IList`1 entriesToSave, CancellationToken cancellationToken)
   at Microsoft.EntityFrameworkCore.ChangeTracking.Internal.StateManager.SaveChangesAsync(StateManager stateManager, Boolean acceptAllChangesOnSuccess, CancellationToken cancellationToken)
   at Pomelo.EntityFrameworkCore.MySql.Storage.Internal.MySqlExecutionStrategy.ExecuteAsync[TState,TResult](TState state, Func`4 operation, Func`4 verifySucceeded, CancellationToken cancellationToken)
   at Microsoft.EntityFrameworkCore.DbContext.SaveChangesAsync(Boolean acceptAllChangesOnSuccess, CancellationToken cancellationToken)
Microsoft.EntityFrameworkCore.DbUpdateException: An error occurred while saving the entity changes. See the inner exception for details.
 ---> MySqlConnector.MySqlException (0x80004005): Field 'RowVersion' doesn't have a default value
   at MySqlConnector.Core.ServerSession.ReceiveReplyAsync(IOBehavior ioBehavior, CancellationToken cancellationToken) in /_/src/MySqlConnector/Core/ServerSession.cs:line 1081
   at MySqlConnector.Core.ResultSet.ReadResultSetHeaderAsync(IOBehavior ioBehavior) in /_/src/MySqlConnector/Core/ResultSet.cs:line 37
   at MySqlConnector.MySqlDataReader.ActivateResultSet(CancellationToken cancellationToken) in /_/src/MySqlConnector/MySqlDataReader.cs:line 131
   at MySqlConnector.MySqlDataReader.InitAsync(CommandListPosition commandListPosition, ICommandPayloadCreator payloadCreator, IDictionary`2 cachedProcedures, IMySqlCommand command, CommandBehavior behavior, Activity activity, IOBehavior ioBehavior, CancellationToken cancellationToken) in /_/src/MySqlConnector/MySqlDataReader.cs:line 487
   at MySqlConnector.Core.CommandExecutor.ExecuteReaderAsync(CommandListPosition commandListPosition, ICommandPayloadCreator payloadCreator, CommandBehavior behavior, Activity activity, IOBehavior ioBehavior, CancellationToken cancellationToken) in /_/src/MySqlConnector/Core/CommandExecutor.cs:line 56
   at MySqlConnector.MySqlCommand.ExecuteReaderAsync(CommandBehavior behavior, IOBehavior ioBehavior, CancellationToken cancellationToken) in /_/src/MySqlConnector/MySqlCommand.cs:line 357
   at MySqlConnector.MySqlCommand.ExecuteDbDataReaderAsync(CommandBehavior behavior, CancellationToken cancellationToken) in /_/src/MySqlConnector/MySqlCommand.cs:line 350
   at Microsoft.EntityFrameworkCore.Storage.RelationalCommand.ExecuteReaderAsync(RelationalCommandParameterObject parameterObject, CancellationToken cancellationToken)
   at Microsoft.EntityFrameworkCore.Storage.RelationalCommand.ExecuteReaderAsync(RelationalCommandParameterObject parameterObject, CancellationToken cancellationToken)
   at Microsoft.EntityFrameworkCore.Update.ReaderModificationCommandBatch.ExecuteAsync(IRelationalConnection connection, CancellationToken cancellationToken)
   --- End of inner exception stack trace ---
   at Microsoft.EntityFrameworkCore.Update.ReaderModificationCommandBatch.ExecuteAsync(IRelationalConnection connection, CancellationToken cancellationToken)
   at Microsoft.EntityFrameworkCore.Update.Internal.BatchExecutor.ExecuteAsync(IEnumerable`1 commandBatches, IRelationalConnection connection, CancellationToken cancellationToken)
   at Microsoft.EntityFrameworkCore.Update.Internal.BatchExecutor.ExecuteAsync(IEnumerable`1 commandBatches, IRelationalConnection connection, CancellationToken cancellationToken)
   at Microsoft.EntityFrameworkCore.Update.Internal.BatchExecutor.ExecuteAsync(IEnumerable`1 commandBatches, IRelationalConnection connection, CancellationToken cancellationToken)
   at Microsoft.EntityFrameworkCore.Storage.RelationalDatabase.SaveChangesAsync(IList`1 entries, CancellationToken cancellationToken)
   at Microsoft.EntityFrameworkCore.ChangeTracking.Internal.StateManager.SaveChangesAsync(IList`1 entriesToSave, CancellationToken cancellationToken)
   at Microsoft.EntityFrameworkCore.ChangeTracking.Internal.StateManager.SaveChangesAsync(StateManager stateManager, Boolean acceptAllChangesOnSuccess, CancellationToken cancellationToken)
   at Pomelo.EntityFrameworkCore.MySql.Storage.Internal.MySqlExecutionStrategy.ExecuteAsync[TState,TResult](TState state, Func`4 operation, Func`4 verifySucceeded, CancellationToken cancellationToken)
   at Microsoft.EntityFrameworkCore.DbContext.SaveChangesAsync(Boolean acceptAllChangesOnSuccess, CancellationToken cancellationToken)
2026-08-26 10:15:04.961 +07:00 [FTL] Host terminated unexpectedly.
Microsoft.EntityFrameworkCore.DbUpdateException: An error occurred while saving the entity changes. See the inner exception for details.
 ---> MySqlConnector.MySqlException (0x80004005): Field 'RowVersion' doesn't have a default value
   at MySqlConnector.Core.ServerSession.ReceiveReplyAsync(IOBehavior ioBehavior, CancellationToken cancellationToken) in /_/src/MySqlConnector/Core/ServerSession.cs:line 1081
   at MySqlConnector.Core.ResultSet.ReadResultSetHeaderAsync(IOBehavior ioBehavior) in /_/src/MySqlConnector/Core/ResultSet.cs:line 37
   at MySqlConnector.MySqlDataReader.ActivateResultSet(CancellationToken cancellationToken) in /_/src/MySqlConnector/MySqlDataReader.cs:line 131
   at MySqlConnector.MySqlDataReader.InitAsync(CommandListPosition commandListPosition, ICommandPayloadCreator payloadCreator, IDictionary`2 cachedProcedures, IMySqlCommand command, CommandBehavior behavior, Activity activity, IOBehavior ioBehavior, CancellationToken cancellationToken) in /_/src/MySqlConnector/MySqlDataReader.cs:line 487
   at MySqlConnector.Core.CommandExecutor.ExecuteReaderAsync(CommandListPosition commandListPosition, ICommandPayloadCreator payloadCreator, CommandBehavior behavior, Activity activity, IOBehavior ioBehavior, CancellationToken cancellationToken) in /_/src/MySqlConnector/Core/CommandExecutor.cs:line 56
   at MySqlConnector.MySqlCommand.ExecuteReaderAsync(CommandBehavior behavior, IOBehavior ioBehavior, CancellationToken cancellationToken) in /_/src/MySqlConnector/MySqlCommand.cs:line 357
   at MySqlConnector.MySqlCommand.ExecuteDbDataReaderAsync(CommandBehavior behavior, CancellationToken cancellationToken) in /_/src/MySqlConnector/MySqlCommand.cs:line 350
   at Microsoft.EntityFrameworkCore.Storage.RelationalCommand.ExecuteReaderAsync(RelationalCommandParameterObject parameterObject, CancellationToken cancellationToken)
   at Microsoft.EntityFrameworkCore.Storage.RelationalCommand.ExecuteReaderAsync(RelationalCommandParameterObject parameterObject, CancellationToken cancellationToken)
   at Microsoft.EntityFrameworkCore.Update.ReaderModificationCommandBatch.ExecuteAsync(IRelationalConnection connection, CancellationToken cancellationToken)
   --- End of inner exception stack trace ---
   at Microsoft.EntityFrameworkCore.Update.ReaderModificationCommandBatch.ExecuteAsync(IRelationalConnection connection, CancellationToken cancellationToken)
   at Microsoft.EntityFrameworkCore.Update.Internal.BatchExecutor.ExecuteAsync(IEnumerable`1 commandBatches, IRelationalConnection connection, CancellationToken cancellationToken)
   at Microsoft.EntityFrameworkCore.Update.Internal.BatchExecutor.ExecuteAsync(IEnumerable`1 commandBatches, IRelationalConnection connection, CancellationToken cancellationToken)
   at Microsoft.EntityFrameworkCore.Update.Internal.BatchExecutor.ExecuteAsync(IEnumerable`1 commandBatches, IRelationalConnection connection, CancellationToken cancellationToken)
   at Microsoft.EntityFrameworkCore.Storage.RelationalDatabase.SaveChangesAsync(IList`1 entries, CancellationToken cancellationToken)
   at Microsoft.EntityFrameworkCore.ChangeTracking.Internal.StateManager.SaveChangesAsync(IList`1 entriesToSave, CancellationToken cancellationToken)
   at Microsoft.EntityFrameworkCore.ChangeTracking.Internal.StateManager.SaveChangesAsync(StateManager stateManager, Boolean acceptAllChangesOnSuccess, CancellationToken cancellationToken)
   at Pomelo.EntityFrameworkCore.MySql.Storage.Internal.MySqlExecutionStrategy.ExecuteAsync[TState,TResult](TState state, Func`4 operation, Func`4 verifySucceeded, CancellationToken cancellationToken)
   at Microsoft.EntityFrameworkCore.DbContext.SaveChangesAsync(Boolean acceptAllChangesOnSuccess, CancellationToken cancellationToken)
   at Microsoft.EntityFrameworkCore.DbContext.SaveChangesAsync(Boolean acceptAllChangesOnSuccess, CancellationToken cancellationToken)
   at BLUDRSUD.Infrastructure.Persistence.DbSeeder.SeedAsync(BludRsudDbContext db, UserManager`1 userManager, RoleManager`1 roleManager, ILoggerFactory loggerFactory, CancellationToken ct) in D:\sandi\BLUD\src\BLUDRSUD.Infrastructure\Persistence\DbSeeder.cs:line 41
   at Program.<Main>$(String[] args) in D:\sandi\BLUD\src\BLUDRSUD.Web\Program.cs:line 120
2026-08-26 10:16:40.242 +07:00 [INF] Seeded 49 chart-of-accounts entries.
2026-08-26 10:16:40.306 +07:00 [INF] Seeded organization tree.
2026-08-26 10:16:40.352 +07:00 [INF] Seeded cost centers.
2026-08-26 10:16:40.388 +07:00 [INF] Seeded fund sources.
2026-08-26 10:16:40.439 +07:00 [INF] Seeded 2026 accounting periods.
2026-08-26 10:16:40.602 +07:00 [ERR] Failed executing DbCommand (18ms) [Parameters=[@p0='?' (DbType = Guid), @p1='?' (DbType = DateTime), @p2='?' (Size = 100), @p3='?' (Size = 20), @p4='?' (DbType = DateTime), @p5='?' (Size = 100), @p6='?' (DbType = DateTime), @p7='?' (Size = 100), @p8='?' (DbType = DateTime), @p9='?' (DbType = Int32), @p10='?' (DbType = Boolean), @p11='?' (Size = 100), @p12='?' (DbType = Int32), @p13='?' (Size = 20), @p14='?' (DbType = DateTime), @p15='?' (Size = 20), @p16='?' (DbType = DateTime), @p17='?' (Size = 100), @p18='?' (DbType = Guid), @p19='?' (DbType = DateTime), @p20='?' (Size = 100), @p21='?' (Size = 20), @p22='?' (DbType = DateTime), @p23='?' (Size = 100), @p24='?' (DbType = DateTime), @p25='?' (Size = 100), @p26='?' (DbType = DateTime), @p27='?' (DbType = Int32), @p28='?' (DbType = Boolean), @p29='?' (Size = 100), @p30='?' (DbType = Int32), @p31='?' (Size = 20), @p32='?' (DbType = DateTime), @p33='?' (Size = 20), @p34='?' (DbType = DateTime), @p35='?' (Size = 100), @p36='?' (DbType = Guid), @p37='?' (DbType = DateTime), @p38='?' (Size = 100), @p39='?' (Size = 20), @p40='?' (DbType = DateTime), @p41='?' (Size = 100), @p42='?' (DbType = DateTime), @p43='?' (Size = 100), @p44='?' (DbType = DateTime), @p45='?' (DbType = Int32), @p46='?' (DbType = Boolean), @p47='?' (Size = 100), @p48='?' (DbType = Int32), @p49='?' (Size = 20), @p50='?' (DbType = DateTime), @p51='?' (Size = 20), @p52='?' (DbType = DateTime), @p53='?' (Size = 100), @p54='?' (DbType = Guid), @p55='?' (DbType = DateTime), @p56='?' (Size = 100), @p57='?' (Size = 20), @p58='?' (DbType = DateTime), @p59='?' (Size = 100), @p60='?' (DbType = DateTime), @p61='?' (Size = 100), @p62='?' (DbType = DateTime), @p63='?' (DbType = Int32), @p64='?' (DbType = Boolean), @p65='?' (Size = 100), @p66='?' (DbType = Int32), @p67='?' (Size = 20), @p68='?' (DbType = DateTime), @p69='?' (Size = 20), @p70='?' (DbType = DateTime), @p71='?' (Size = 100), @p72='?' (DbType = Guid), @p73='?' (DbType = DateTime), @p74='?' (Size = 100), @p75='?' (Size = 20), @p76='?' (DbType = DateTime), @p77='?' (Size = 100), @p78='?' (DbType = DateTime), @p79='?' (Size = 100), @p80='?' (DbType = DateTime), @p81='?' (DbType = Int32), @p82='?' (DbType = Boolean), @p83='?' (Size = 100), @p84='?' (DbType = Int32), @p85='?' (Size = 20), @p86='?' (DbType = DateTime), @p87='?' (Size = 20), @p88='?' (DbType = DateTime), @p89='?' (Size = 100), @p90='?' (DbType = Guid), @p91='?' (DbType = DateTime), @p92='?' (Size = 100), @p93='?' (Size = 20), @p94='?' (DbType = DateTime), @p95='?' (Size = 100), @p96='?' (DbType = DateTime), @p97='?' (Size = 100), @p98='?' (DbType = DateTime), @p99='?' (DbType = Int32), @p100='?' (DbType = Boolean), @p101='?' (Size = 100), @p102='?' (DbType = Int32), @p103='?' (Size = 20), @p104='?' (DbType = DateTime), @p105='?' (Size = 20), @p106='?' (DbType = DateTime), @p107='?' (Size = 100), @p108='?' (DbType = Guid), @p109='?' (DbType = DateTime), @p110='?' (Size = 100), @p111='?' (Size = 20), @p112='?' (DbType = DateTime), @p113='?' (Size = 100), @p114='?' (DbType = DateTime), @p115='?' (Size = 100), @p116='?' (DbType = DateTime), @p117='?' (DbType = Int32), @p118='?' (DbType = Boolean), @p119='?' (Size = 100), @p120='?' (DbType = Int32), @p121='?' (Size = 20), @p122='?' (DbType = DateTime), @p123='?' (Size = 20), @p124='?' (DbType = DateTime), @p125='?' (Size = 100), @p126='?' (DbType = Guid), @p127='?' (DbType = DateTime), @p128='?' (Size = 100), @p129='?' (Size = 20), @p130='?' (DbType = DateTime), @p131='?' (Size = 100), @p132='?' (DbType = DateTime), @p133='?' (Size = 100), @p134='?' (DbType = DateTime), @p135='?' (DbType = Int32), @p136='?' (DbType = Boolean), @p137='?' (Size = 100), @p138='?' (DbType = Int32), @p139='?' (Size = 20), @p140='?' (DbType = DateTime), @p141='?' (Size = 20), @p142='?' (DbType = DateTime), @p143='?' (Size = 100), @p144='?' (DbType = Guid), @p145='?' (DbType = DateTime), @p146='?' (Size = 100), @p147='?' (Size = 20), @p148='?' (DbType = DateTime), @p149='?' (Size = 100), @p150='?' (DbType = DateTime), @p151='?' (Size = 100), @p152='?' (DbType = DateTime), @p153='?' (DbType = Int32), @p154='?' (DbType = Boolean), @p155='?' (Size = 100), @p156='?' (DbType = Int32), @p157='?' (Size = 20), @p158='?' (DbType = DateTime), @p159='?' (Size = 20), @p160='?' (DbType = DateTime), @p161='?' (Size = 100), @p162='?' (DbType = Guid), @p163='?' (DbType = DateTime), @p164='?' (Size = 100), @p165='?' (Size = 20), @p166='?' (DbType = DateTime), @p167='?' (Size = 100), @p168='?' (DbType = DateTime), @p169='?' (Size = 100), @p170='?' (DbType = DateTime), @p171='?' (DbType = Int32), @p172='?' (DbType = Boolean), @p173='?' (Size = 100), @p174='?' (DbType = Int32), @p175='?' (Size = 20), @p176='?' (DbType = DateTime), @p177='?' (Size = 20), @p178='?' (DbType = DateTime), @p179='?' (Size = 100), @p180='?' (DbType = Guid), @p181='?' (DbType = DateTime), @p182='?' (Size = 100), @p183='?' (Size = 20), @p184='?' (DbType = DateTime), @p185='?' (Size = 100), @p186='?' (DbType = DateTime), @p187='?' (Size = 100), @p188='?' (DbType = DateTime), @p189='?' (DbType = Int32), @p190='?' (DbType = Boolean), @p191='?' (Size = 100), @p192='?' (DbType = Int32), @p193='?' (Size = 20), @p194='?' (DbType = DateTime), @p195='?' (Size = 20), @p196='?' (DbType = DateTime), @p197='?' (Size = 100), @p198='?' (DbType = Guid), @p199='?' (DbType = DateTime), @p200='?' (Size = 100), @p201='?' (Size = 20), @p202='?' (DbType = DateTime), @p203='?' (Size = 100), @p204='?' (DbType = DateTime), @p205='?' (Size = 100), @p206='?' (DbType = DateTime), @p207='?' (DbType = Int32), @p208='?' (DbType = Boolean), @p209='?' (Size = 100), @p210='?' (DbType = Int32), @p211='?' (Size = 20), @p212='?' (DbType = DateTime), @p213='?' (Size = 20), @p214='?' (DbType = DateTime), @p215='?' (Size = 100), @p216='?' (DbType = Guid), @p217='?' (DbType = DateTime), @p218='?' (Size = 100), @p219='?' (Size = 20), @p220='?' (DbType = DateTime), @p221='?' (Size = 100), @p222='?' (DbType = DateTime), @p223='?' (Size = 100), @p224='?' (DbType = DateTime), @p225='?' (DbType = Int32), @p226='?' (DbType = Boolean), @p227='?' (Size = 100), @p228='?' (DbType = Int32), @p229='?' (Size = 20), @p230='?' (DbType = DateTime), @p231='?' (Size = 20), @p232='?' (DbType = DateTime), @p233='?' (Size = 100), @p234='?' (DbType = Guid), @p235='?' (Size = 30), @p236='?' (DbType = Boolean), @p237='?' (Size = 50), @p238='?' (DbType = DateTime), @p239='?' (Size = 100), @p240='?' (DbType = DateTime), @p241='?' (Size = 100), @p242='?' (Size = 50), @p243='?' (DbType = Boolean), @p244='?' (DbType = Boolean), @p245='?' (DbType = Int32), @p246='?' (Size = 255), @p247='?' (Size = 10), @p248='?' (DbType = Guid), @p249='?' (Size = 40), @p250='?' (DbType = DateTime), @p251='?' (Size = 100), @p252='?' (DbType = Guid), @p253='?' (Size = 30), @p254='?' (DbType = Boolean), @p255='?' (Size = 50), @p256='?' (DbType = DateTime), @p257='?' (Size = 100), @p258='?' (DbType = DateTime), @p259='?' (Size = 100), @p260='?' (Size = 50), @p261='?' (DbType = Boolean), @p262='?' (DbType = Boolean), @p263='?' (DbType = Int32), @p264='?' (Size = 255), @p265='?' (Size = 10), @p266='?' (DbType = Guid), @p267='?' (Size = 40), @p268='?' (DbType = DateTime), @p269='?' (Size = 100), @p270='?' (DbType = Guid), @p271='?' (Size = 30), @p272='?' (DbType = Boolean), @p273='?' (Size = 50), @p274='?' (DbType = DateTime), @p275='?' (Size = 100), @p276='?' (DbType = DateTime), @p277='?' (Size = 100), @p278='?' (Size = 50), @p279='?' (DbType = Boolean), @p280='?' (DbType = Boolean), @p281='?' (DbType = Int32), @p282='?' (Size = 255), @p283='?' (Size = 10), @p284='?' (DbType = Guid), @p285='?' (Size = 40), @p286='?' (DbType = DateTime), @p287='?' (Size = 100), @p288='?' (DbType = Guid), @p289='?' (Size = 30), @p290='?' (DbType = Boolean), @p291='?' (Size = 50), @p292='?' (DbType = DateTime), @p293='?' (Size = 100), @p294='?' (DbType = DateTime), @p295='?' (Size = 100), @p296='?' (Size = 50), @p297='?' (DbType = Boolean), @p298='?' (DbType = Boolean), @p299='?' (DbType = Int32), @p300='?' (Size = 255), @p301='?' (Size = 10), @p302='?' (DbType = Guid), @p303='?' (Size = 40), @p304='?' (DbType = DateTime), @p305='?' (Size = 100), @p306='?' (DbType = Guid), @p307='?' (Size = 30), @p308='?' (DbType = Boolean), @p309='?' (Size = 50), @p310='?' (DbType = DateTime), @p311='?' (Size = 100), @p312='?' (DbType = DateTime), @p313='?' (Size = 100), @p314='?' (Size = 50), @p315='?' (DbType = Boolean), @p316='?' (DbType = Boolean), @p317='?' (DbType = Int32), @p318='?' (Size = 255), @p319='?' (Size = 10), @p320='?' (DbType = Guid), @p321='?' (Size = 40), @p322='?' (DbType = DateTime), @p323='?' (Size = 100), @p324='?' (DbType = Guid), @p325='?' (Size = 30), @p326='?' (DbType = Boolean), @p327='?' (Size = 50), @p328='?' (DbType = DateTime), @p329='?' (Size = 100), @p330='?' (DbType = DateTime), @p331='?' (Size = 100), @p332='?' (Size = 50), @p333='?' (DbType = Boolean), @p334='?' (DbType = Boolean), @p335='?' (DbType = Int32), @p336='?' (Size = 255), @p337='?' (Size = 10), @p338='?' (DbType = Guid), @p339='?' (Size = 40), @p340='?' (DbType = DateTime), @p341='?' (Size = 100), @p342='?' (DbType = Guid), @p343='?' (Size = 30), @p344='?' (DbType = Boolean), @p345='?' (Size = 50), @p346='?' (DbType = DateTime), @p347='?' (Size = 100), @p348='?' (DbType = DateTime), @p349='?' (Size = 100), @p350='?' (Size = 50), @p351='?' (DbType = Boolean), @p352='?' (DbType = Boolean), @p353='?' (DbType = Int32), @p354='?' (Size = 255), @p355='?' (Size = 10), @p356='?' (DbType = Guid), @p357='?' (Size = 40), @p358='?' (DbType = DateTime), @p359='?' (Size = 100), @p360='?' (DbType = Guid), @p361='?' (Size = 50), @p362='?' (Size = 50), @p363='?' (DbType = DateTime), @p364='?' (Size = 100), @p365='?' (DbType = DateTime), @p366='?' (Size = 100), @p367='?' (Size = 500), @p368='?' (DbType = Boolean), @p369='?' (Size = 255), @p370='?' (DbType = Guid), @p371='?' (DbType = Guid), @p372='?' (DbType = DateTime), @p373='?' (Size = 100), @p374='?' (DbType = Guid), @p375='?' (Size = 50), @p376='?' (Size = 50), @p377='?' (DbType = DateTime), @p378='?' (Size = 100), @p379='?' (DbType = DateTime), @p380='?' (Size = 100), @p381='?' (Size = 500), @p382='?' (DbType = Boolean), @p383='?' (Size = 255), @p384='?' (DbType = Guid), @p385='?' (DbType = Guid), @p386='?' (DbType = DateTime), @p387='?' (Size = 100), @p388='?' (DbType = Guid), @p389='?' (Size = 50), @p390='?' (Size = 50), @p391='?' (DbType = DateTime), @p392='?' (Size = 100), @p393='?' (DbType = DateTime), @p394='?' (Size = 100), @p395='?' (Size = 500), @p396='?' (DbType = Boolean), @p397='?' (Size = 255), @p398='?' (DbType = Guid), @p399='?' (DbType = Guid), @p400='?' (DbType = DateTime), @p401='?' (Size = 100), @p402='?' (DbType = Guid), @p403='?' (Size = 50), @p404='?' (Size = 50), @p405='?' (DbType = DateTime), @p406='?' (Size = 100), @p407='?' (DbType = DateTime), @p408='?' (Size = 100), @p409='?' (Size = 500), @p410='?' (DbType = Boolean), @p411='?' (Size = 255), @p412='?' (DbType = Guid), @p413='?' (DbType = Guid), @p414='?' (DbType = DateTime), @p415='?' (Size = 100), @p416='?' (DbType = Guid), @p417='?' (Size = 50), @p418='?' (Size = 50), @p419='?' (DbType = DateTime), @p420='?' (Size = 100), @p421='?' (DbType = DateTime), @p422='?' (Size = 100), @p423='?' (Size = 500), @p424='?' (DbType = Boolean), @p425='?' (Size = 255), @p426='?' (DbType = Guid), @p427='?' (DbType = Guid), @p428='?' (DbType = DateTime), @p429='?' (Size = 100), @p430='?' (DbType = Guid), @p431='?' (Size = 50), @p432='?' (Size = 50), @p433='?' (DbType = DateTime), @p434='?' (Size = 100), @p435='?' (DbType = DateTime), @p436='?' (Size = 100), @p437='?' (Size = 500), @p438='?' (DbType = Boolean), @p439='?' (Size = 255), @p440='?' (DbType = Guid), @p441='?' (DbType = Guid), @p442='?' (DbType = DateTime), @p443='?' (Size = 100), @p444='?' (DbType = Guid), @p445='?' (Size = 50), @p446='?' (Size = 50), @p447='?' (DbType = DateTime), @p448='?' (Size = 100), @p449='?' (DbType = DateTime), @p450='?' (Size = 100), @p451='?' (Size = 500), @p452='?' (DbType = Boolean), @p453='?' (Size = 255), @p454='?' (DbType = Guid), @p455='?' (DbType = Guid), @p456='?' (DbType = DateTime), @p457='?' (Size = 100), @p458='?' (DbType = Guid), @p459='?' (Size = 50), @p460='?' (DbType = DateTime), @p461='?' (Size = 100), @p462='?' (DbType = DateTime), @p463='?' (Size = 100), @p464='?' (Size = 500), @p465='?' (Size = 50), @p466='?' (DbType = Boolean), @p467='?' (Size = 255), @p468='?' (DbType = Guid), @p469='?' (DbType = DateTime), @p470='?' (Size = 100), @p471='?' (DbType = Guid), @p472='?' (Size = 50), @p473='?' (DbType = DateTime), @p474='?' (Size = 100), @p475='?' (DbType = DateTime), @p476='?' (Size = 100), @p477='?' (Size = 500), @p478='?' (Size = 50), @p479='?' (DbType = Boolean), @p480='?' (Size = 255), @p481='?' (DbType = Guid), @p482='?' (DbType = DateTime), @p483='?' (Size = 100), @p484='?' (DbType = Guid), @p485='?' (Size = 50), @p486='?' (DbType = DateTime), @p487='?' (Size = 100), @p488='?' (DbType = DateTime), @p489='?' (Size = 100), @p490='?' (Size = 500), @p491='?' (Size = 50), @p492='?' (DbType = Boolean), @p493='?' (Size = 255), @p494='?' (DbType = Guid), @p495='?' (DbType = DateTime), @p496='?' (Size = 100), @p497='?' (DbType = Guid), @p498='?' (Size = 50), @p499='?' (DbType = DateTime), @p500='?' (Size = 100), @p501='?' (DbType = DateTime), @p502='?' (Size = 100), @p503='?' (Size = 500), @p504='?' (Size = 50), @p505='?' (DbType = Boolean), @p506='?' (Size = 255), @p507='?' (DbType = Guid), @p508='?' (DbType = DateTime), @p509='?' (Size = 100), @p510='?' (DbType = Guid), @p511='?' (Size = 50), @p512='?' (DbType = DateTime), @p513='?' (Size = 100), @p514='?' (DbType = DateTime), @p515='?' (Size = 100), @p516='?' (Size = 500), @p517='?' (Size = 50), @p518='?' (DbType = Boolean), @p519='?' (Size = 255), @p520='?' (DbType = Guid), @p521='?' (DbType = DateTime), @p522='?' (Size = 100), @p523='?' (DbType = Guid), @p524='?' (Size = 50), @p525='?' (DbType = DateTime), @p526='?' (Size = 100), @p527='?' (DbType = DateTime), @p528='?' (Size = 100), @p529='?' (Size = 200), @p530='?' (DbType = Boolean), @p531='?' (DbType = Int32), @p532='?' (Size = 255), @p533='?' (Size = 50), @p534='?' (DbType = Guid), @p535='?' (DbType = DateTime), @p536='?' (Size = 100), @p537='?' (DbType = Guid), @p538='?' (Size = 30), @p539='?' (DbType = Boolean), @p540='?' (Size = 50), @p541='?' (DbType = DateTime), @p542='?' (Size = 100), @p543='?' (DbType = DateTime), @p544='?' (Size = 100), @p545='?' (Size = 50), @p546='?' (DbType = Boolean), @p547='?' (DbType = Boolean), @p548='?' (DbType = Int32), @p549='?' (Size = 255), @p550='?' (Size = 10), @p551='?' (DbType = Guid), @p552='?' (Size = 40), @p553='?' (DbType = DateTime), @p554='?' (Size = 100), @p555='?' (DbType = Guid), @p556='?' (Size = 30), @p557='?' (DbType = Boolean), @p558='?' (Size = 50), @p559='?' (DbType = DateTime), @p560='?' (Size = 100), @p561='?' (DbType = DateTime), @p562='?' (Size = 100), @p563='?' (Size = 50), @p564='?' (DbType = Boolean), @p565='?' (DbType = Boolean), @p566='?' (DbType = Int32), @p567='?' (Size = 255), @p568='?' (Size = 10), @p569='?' (DbType = Guid), @p570='?' (Size = 40), @p571='?' (DbType = DateTime), @p572='?' (Size = 100), @p573='?' (DbType = Guid), @p574='?' (Size = 30), @p575='?' (DbType = Boolean), @p576='?' (Size = 50), @p577='?' (DbType = DateTime), @p578='?' (Size = 100), @p579='?' (DbType = DateTime), @p580='?' (Size = 100), @p581='?' (Size = 50), @p582='?' (DbType = Boolean), @p583='?' (DbType = Boolean), @p584='?' (DbType = Int32), @p585='?' (Size = 255), @p586='?' (Size = 10), @p587='?' (DbType = Guid), @p588='?' (Size = 40), @p589='?' (DbType = DateTime), @p590='?' (Size = 100), @p591='?' (DbType = Guid), @p592='?' (Size = 30), @p593='?' (DbType = Boolean), @p594='?' (Size = 50), @p595='?' (DbType = DateTime), @p596='?' (Size = 100), @p597='?' (DbType = DateTime), @p598='?' (Size = 100), @p599='?' (Size = 50), @p600='?' (DbType = Boolean), @p601='?' (DbType = Boolean), @p602='?' (DbType = Int32), @p603='?' (Size = 255), @p604='?' (Size = 10), @p605='?' (DbType = Guid), @p606='?' (Size = 40), @p607='?' (DbType = DateTime), @p608='?' (Size = 100), @p609='?' (DbType = Guid), @p610='?' (Size = 30), @p611='?' (DbType = Boolean), @p612='?' (Size = 50), @p613='?' (DbType = DateTime), @p614='?' (Size = 100), @p615='?' (DbType = DateTime), @p616='?' (Size = 100), @p617='?' (Size = 50), @p618='?' (DbType = Boolean), @p619='?' (DbType = Boolean), @p620='?' (DbType = Int32), @p621='?' (Size = 255), @p622='?' (Size = 10), @p623='?' (DbType = Guid), @p624='?' (Size = 40), @p625='?' (DbType = DateTime), @p626='?' (Size = 100), @p627='?' (DbType = Guid), @p628='?' (Size = 30), @p629='?' (DbType = Boolean), @p630='?' (Size = 50), @p631='?' (DbType = DateTime), @p632='?' (Size = 100), @p633='?' (DbType = DateTime), @p634='?' (Size = 100), @p635='?' (Size = 50), @p636='?' (DbType = Boolean), @p637='?' (DbType = Boolean), @p638='?' (DbType = Int32), @p639='?' (Size = 255), @p640='?' (Size = 10), @p641='?' (DbType = Guid), @p642='?' (Size = 40), @p643='?' (DbType = DateTime), @p644='?' (Size = 100), @p645='?' (DbType = Guid), @p646='?' (Size = 30), @p647='?' (DbType = Boolean), @p648='?' (Size = 50), @p649='?' (DbType = DateTime), @p650='?' (Size = 100), @p651='?' (DbType = DateTime), @p652='?' (Size = 100), @p653='?' (Size = 50), @p654='?' (DbType = Boolean), @p655='?' (DbType = Boolean), @p656='?' (DbType = Int32), @p657='?' (Size = 255), @p658='?' (Size = 10), @p659='?' (DbType = Guid), @p660='?' (Size = 40), @p661='?' (DbType = DateTime), @p662='?' (Size = 100), @p663='?' (DbType = Guid), @p664='?' (Size = 30), @p665='?' (DbType = Boolean), @p666='?' (Size = 50), @p667='?' (DbType = DateTime), @p668='?' (Size = 100), @p669='?' (DbType = DateTime), @p670='?' (Size = 100), @p671='?' (Size = 50), @p672='?' (DbType = Boolean), @p673='?' (DbType = Boolean), @p674='?' (DbType = Int32), @p675='?' (Size = 255), @p676='?' (Size = 10), @p677='?' (DbType = Guid), @p678='?' (Size = 40), @p679='?' (DbType = DateTime), @p680='?' (Size = 100), @p681='?' (DbType = Guid), @p682='?' (Size = 30), @p683='?' (DbType = Boolean), @p684='?' (Size = 50), @p685='?' (DbType = DateTime), @p686='?' (Size = 100), @p687='?' (DbType = DateTime), @p688='?' (Size = 100), @p689='?' (Size = 50), @p690='?' (DbType = Boolean), @p691='?' (DbType = Boolean), @p692='?' (DbType = Int32), @p693='?' (Size = 255), @p694='?' (Size = 10), @p695='?' (DbType = Guid), @p696='?' (Size = 40), @p697='?' (DbType = DateTime), @p698='?' (Size = 100)], CommandType='"Text"', CommandTimeout='30']
INSERT INTO `accounting_periods` (`Id`, `ClosedAt`, `ClosedBy`, `Code`, `CreatedAt`, `CreatedBy`, `DeletedAt`, `DeletedBy`, `EndDate`, `FiscalYear`, `IsCurrent`, `Name`, `PeriodNumber`, `PeriodType`, `StartDate`, `Status`, `UpdatedAt`, `UpdatedBy`)
VALUES (@p0, @p1, @p2, @p3, @p4, @p5, @p6, @p7, @p8, @p9, @p10, @p11, @p12, @p13, @p14, @p15, @p16, @p17);
SELECT `RowVersion`
FROM `accounting_periods`
WHERE ROW_COUNT() = 1 AND `Id` = @p0;

INSERT INTO `accounting_periods` (`Id`, `ClosedAt`, `ClosedBy`, `Code`, `CreatedAt`, `CreatedBy`, `DeletedAt`, `DeletedBy`, `EndDate`, `FiscalYear`, `IsCurrent`, `Name`, `PeriodNumber`, `PeriodType`, `StartDate`, `Status`, `UpdatedAt`, `UpdatedBy`)
VALUES (@p18, @p19, @p20, @p21, @p22, @p23, @p24, @p25, @p26, @p27, @p28, @p29, @p30, @p31, @p32, @p33, @p34, @p35);
SELECT `RowVersion`
FROM `accounting_periods`
WHERE ROW_COUNT() = 1 AND `Id` = @p18;

INSERT INTO `accounting_periods` (`Id`, `ClosedAt`, `ClosedBy`, `Code`, `CreatedAt`, `CreatedBy`, `DeletedAt`, `DeletedBy`, `EndDate`, `FiscalYear`, `IsCurrent`, `Name`, `PeriodNumber`, `PeriodType`, `StartDate`, `Status`, `UpdatedAt`, `UpdatedBy`)
VALUES (@p36, @p37, @p38, @p39, @p40, @p41, @p42, @p43, @p44, @p45, @p46, @p47, @p48, @p49, @p50, @p51, @p52, @p53);
SELECT `RowVersion`
FROM `accounting_periods`
WHERE ROW_COUNT() = 1 AND `Id` = @p36;

INSERT INTO `accounting_periods` (`Id`, `ClosedAt`, `ClosedBy`, `Code`, `CreatedAt`, `CreatedBy`, `DeletedAt`, `DeletedBy`, `EndDate`, `FiscalYear`, `IsCurrent`, `Name`, `PeriodNumber`, `PeriodType`, `StartDate`, `Status`, `UpdatedAt`, `UpdatedBy`)
VALUES (@p54, @p55, @p56, @p57, @p58, @p59, @p60, @p61, @p62, @p63, @p64, @p65, @p66, @p67, @p68, @p69, @p70, @p71);
SELECT `RowVersion`
FROM `accounting_periods`
WHERE ROW_COUNT() = 1 AND `Id` = @p54;

INSERT INTO `accounting_periods` (`Id`, `ClosedAt`, `ClosedBy`, `Code`, `CreatedAt`, `CreatedBy`, `DeletedAt`, `DeletedBy`, `EndDate`, `FiscalYear`, `IsCurrent`, `Name`, `PeriodNumber`, `PeriodType`, `StartDate`, `Status`, `UpdatedAt`, `UpdatedBy`)
VALUES (@p72, @p73, @p74, @p75, @p76, @p77, @p78, @p79, @p80, @p81, @p82, @p83, @p84, @p85, @p86, @p87, @p88, @p89);
SELECT `RowVersion`
FROM `accounting_periods`
WHERE ROW_COUNT() = 1 AND `Id` = @p72;

INSERT INTO `accounting_periods` (`Id`, `ClosedAt`, `ClosedBy`, `Code`, `CreatedAt`, `CreatedBy`, `DeletedAt`, `DeletedBy`, `EndDate`, `FiscalYear`, `IsCurrent`, `Name`, `PeriodNumber`, `PeriodType`, `StartDate`, `Status`, `UpdatedAt`, `UpdatedBy`)
VALUES (@p90, @p91, @p92, @p93, @p94, @p95, @p96, @p97, @p98, @p99, @p100, @p101, @p102, @p103, @p104, @p105, @p106, @p107);
SELECT `RowVersion`
FROM `accounting_periods`
WHERE ROW_COUNT() = 1 AND `Id` = @p90;

INSERT INTO `accounting_periods` (`Id`, `ClosedAt`, `ClosedBy`, `Code`, `CreatedAt`, `CreatedBy`, `DeletedAt`, `DeletedBy`, `EndDate`, `FiscalYear`, `IsCurrent`, `Name`, `PeriodNumber`, `PeriodType`, `StartDate`, `Status`, `UpdatedAt`, `UpdatedBy`)
VALUES (@p108, @p109, @p110, @p111, @p112, @p113, @p114, @p115, @p116, @p117, @p118, @p119, @p120, @p121, @p122, @p123, @p124, @p125);
SELECT `RowVersion`
FROM `accounting_periods`
WHERE ROW_COUNT() = 1 AND `Id` = @p108;

INSERT INTO `accounting_periods` (`Id`, `ClosedAt`, `ClosedBy`, `Code`, `CreatedAt`, `CreatedBy`, `DeletedAt`, `DeletedBy`, `EndDate`, `FiscalYear`, `IsCurrent`, `Name`, `PeriodNumber`, `PeriodType`, `StartDate`, `Status`, `UpdatedAt`, `UpdatedBy`)
VALUES (@p126, @p127, @p128, @p129, @p130, @p131, @p132, @p133, @p134, @p135, @p136, @p137, @p138, @p139, @p140, @p141, @p142, @p143);
SELECT `RowVersion`
FROM `accounting_periods`
WHERE ROW_COUNT() = 1 AND `Id` = @p126;

INSERT INTO `accounting_periods` (`Id`, `ClosedAt`, `ClosedBy`, `Code`, `CreatedAt`, `CreatedBy`, `DeletedAt`, `DeletedBy`, `EndDate`, `FiscalYear`, `IsCurrent`, `Name`, `PeriodNumber`, `PeriodType`, `StartDate`, `Status`, `UpdatedAt`, `UpdatedBy`)
VALUES (@p144, @p145, @p146, @p147, @p148, @p149, @p150, @p151, @p152, @p153, @p154, @p155, @p156, @p157, @p158, @p159, @p160, @p161);
SELECT `RowVersion`
FROM `accounting_periods`
WHERE ROW_COUNT() = 1 AND `Id` = @p144;

INSERT INTO `accounting_periods` (`Id`, `ClosedAt`, `ClosedBy`, `Code`, `CreatedAt`, `CreatedBy`, `DeletedAt`, `DeletedBy`, `EndDate`, `FiscalYear`, `IsCurrent`, `Name`, `PeriodNumber`, `PeriodType`, `StartDate`, `Status`, `UpdatedAt`, `UpdatedBy`)
VALUES (@p162, @p163, @p164, @p165, @p166, @p167, @p168, @p169, @p170, @p171, @p172, @p173, @p174, @p175, @p176, @p177, @p178, @p179);
SELECT `RowVersion`
FROM `accounting_periods`
WHERE ROW_COUNT() = 1 AND `Id` = @p162;

INSERT INTO `accounting_periods` (`Id`, `ClosedAt`, `ClosedBy`, `Code`, `CreatedAt`, `CreatedBy`, `DeletedAt`, `DeletedBy`, `EndDate`, `FiscalYear`, `IsCurrent`, `Name`, `PeriodNumber`, `PeriodType`, `StartDate`, `Status`, `UpdatedAt`, `UpdatedBy`)
VALUES (@p180, @p181, @p182, @p183, @p184, @p185, @p186, @p187, @p188, @p189, @p190, @p191, @p192, @p193, @p194, @p195, @p196, @p197);
SELECT `RowVersion`
FROM `accounting_periods`
WHERE ROW_COUNT() = 1 AND `Id` = @p180;

INSERT INTO `accounting_periods` (`Id`, `ClosedAt`, `ClosedBy`, `Code`, `CreatedAt`, `CreatedBy`, `DeletedAt`, `DeletedBy`, `EndDate`, `FiscalYear`, `IsCurrent`, `Name`, `PeriodNumber`, `PeriodType`, `StartDate`, `Status`, `UpdatedAt`, `UpdatedBy`)
VALUES (@p198, @p199, @p200, @p201, @p202, @p203, @p204, @p205, @p206, @p207, @p208, @p209, @p210, @p211, @p212, @p213, @p214, @p215);
SELECT `RowVersion`
FROM `accounting_periods`
WHERE ROW_COUNT() = 1 AND `Id` = @p198;

INSERT INTO `accounting_periods` (`Id`, `ClosedAt`, `ClosedBy`, `Code`, `CreatedAt`, `CreatedBy`, `DeletedAt`, `DeletedBy`, `EndDate`, `FiscalYear`, `IsCurrent`, `Name`, `PeriodNumber`, `PeriodType`, `StartDate`, `Status`, `UpdatedAt`, `UpdatedBy`)
VALUES (@p216, @p217, @p218, @p219, @p220, @p221, @p222, @p223, @p224, @p225, @p226, @p227, @p228, @p229, @p230, @p231, @p232, @p233);
SELECT `RowVersion`
FROM `accounting_periods`
WHERE ROW_COUNT() = 1 AND `Id` = @p216;

INSERT INTO `accounts` (`Id`, `AccountType`, `AllowPosting`, `Code`, `CreatedAt`, `CreatedBy`, `DeletedAt`, `DeletedBy`, `ExternalCode`, `IsActive`, `IsHeader`, `Level`, `Name`, `NormalBalance`, `ParentId`, `ReportMapping`, `UpdatedAt`, `UpdatedBy`)
VALUES (@p234, @p235, @p236, @p237, @p238, @p239, @p240, @p241, @p242, @p243, @p244, @p245, @p246, @p247, @p248, @p249, @p250, @p251);
SELECT `RowVersion`
FROM `accounts`
WHERE ROW_COUNT() = 1 AND `Id` = @p234;

INSERT INTO `accounts` (`Id`, `AccountType`, `AllowPosting`, `Code`, `CreatedAt`, `CreatedBy`, `DeletedAt`, `DeletedBy`, `ExternalCode`, `IsActive`, `IsHeader`, `Level`, `Name`, `NormalBalance`, `ParentId`, `ReportMapping`, `UpdatedAt`, `UpdatedBy`)
VALUES (@p252, @p253, @p254, @p255, @p256, @p257, @p258, @p259, @p260, @p261, @p262, @p263, @p264, @p265, @p266, @p267, @p268, @p269);
SELECT `RowVersion`
FROM `accounts`
WHERE ROW_COUNT() = 1 AND `Id` = @p252;

INSERT INTO `accounts` (`Id`, `AccountType`, `AllowPosting`, `Code`, `CreatedAt`, `CreatedBy`, `DeletedAt`, `DeletedBy`, `ExternalCode`, `IsActive`, `IsHeader`, `Level`, `Name`, `NormalBalance`, `ParentId`, `ReportMapping`, `UpdatedAt`, `UpdatedBy`)
VALUES (@p270, @p271, @p272, @p273, @p274, @p275, @p276, @p277, @p278, @p279, @p280, @p281, @p282, @p283, @p284, @p285, @p286, @p287);
SELECT `RowVersion`
FROM `accounts`
WHERE ROW_COUNT() = 1 AND `Id` = @p270;

INSERT INTO `accounts` (`Id`, `AccountType`, `AllowPosting`, `Code`, `CreatedAt`, `CreatedBy`, `DeletedAt`, `DeletedBy`, `ExternalCode`, `IsActive`, `IsHeader`, `Level`, `Name`, `NormalBalance`, `ParentId`, `ReportMapping`, `UpdatedAt`, `UpdatedBy`)
VALUES (@p288, @p289, @p290, @p291, @p292, @p293, @p294, @p295, @p296, @p297, @p298, @p299, @p300, @p301, @p302, @p303, @p304, @p305);
SELECT `RowVersion`
FROM `accounts`
WHERE ROW_COUNT() = 1 AND `Id` = @p288;

INSERT INTO `accounts` (`Id`, `AccountType`, `AllowPosting`, `Code`, `CreatedAt`, `CreatedBy`, `DeletedAt`, `DeletedBy`, `ExternalCode`, `IsActive`, `IsHeader`, `Level`, `Name`, `NormalBalance`, `ParentId`, `ReportMapping`, `UpdatedAt`, `UpdatedBy`)
VALUES (@p306, @p307, @p308, @p309, @p310, @p311, @p312, @p313, @p314, @p315, @p316, @p317, @p318, @p319, @p320, @p321, @p322, @p323);
SELECT `RowVersion`
FROM `accounts`
WHERE ROW_COUNT() = 1 AND `Id` = @p306;

INSERT INTO `accounts` (`Id`, `AccountType`, `AllowPosting`, `Code`, `CreatedAt`, `CreatedBy`, `DeletedAt`, `DeletedBy`, `ExternalCode`, `IsActive`, `IsHeader`, `Level`, `Name`, `NormalBalance`, `ParentId`, `ReportMapping`, `UpdatedAt`, `UpdatedBy`)
VALUES (@p324, @p325, @p326, @p327, @p328, @p329, @p330, @p331, @p332, @p333, @p334, @p335, @p336, @p337, @p338, @p339, @p340, @p341);
SELECT `RowVersion`
FROM `accounts`
WHERE ROW_COUNT() = 1 AND `Id` = @p324;

INSERT INTO `accounts` (`Id`, `AccountType`, `AllowPosting`, `Code`, `CreatedAt`, `CreatedBy`, `DeletedAt`, `DeletedBy`, `ExternalCode`, `IsActive`, `IsHeader`, `Level`, `Name`, `NormalBalance`, `ParentId`, `ReportMapping`, `UpdatedAt`, `UpdatedBy`)
VALUES (@p342, @p343, @p344, @p345, @p346, @p347, @p348, @p349, @p350, @p351, @p352, @p353, @p354, @p355, @p356, @p357, @p358, @p359);
SELECT `RowVersion`
FROM `accounts`
WHERE ROW_COUNT() = 1 AND `Id` = @p342;

INSERT INTO `cost_centers` (`Id`, `Code`, `CostCenterType`, `CreatedAt`, `CreatedBy`, `DeletedAt`, `DeletedBy`, `Description`, `IsActive`, `Name`, `OrganizationId`, `ParentId`, `UpdatedAt`, `UpdatedBy`)
VALUES (@p360, @p361, @p362, @p363, @p364, @p365, @p366, @p367, @p368, @p369, @p370, @p371, @p372, @p373),
(@p374, @p375, @p376, @p377, @p378, @p379, @p380, @p381, @p382, @p383, @p384, @p385, @p386, @p387),
(@p388, @p389, @p390, @p391, @p392, @p393, @p394, @p395, @p396, @p397, @p398, @p399, @p400, @p401),
(@p402, @p403, @p404, @p405, @p406, @p407, @p408, @p409, @p410, @p411, @p412, @p413, @p414, @p415),
(@p416, @p417, @p418, @p419, @p420, @p421, @p422, @p423, @p424, @p425, @p426, @p427, @p428, @p429),
(@p430, @p431, @p432, @p433, @p434, @p435, @p436, @p437, @p438, @p439, @p440, @p441, @p442, @p443),
(@p444, @p445, @p446, @p447, @p448, @p449, @p450, @p451, @p452, @p453, @p454, @p455, @p456, @p457);
INSERT INTO `fund_sources` (`Id`, `Code`, `CreatedAt`, `CreatedBy`, `DeletedAt`, `DeletedBy`, `Description`, `FundCategory`, `IsActive`, `Name`, `ParentId`, `UpdatedAt`, `UpdatedBy`)
VALUES (@p458, @p459, @p460, @p461, @p462, @p463, @p464, @p465, @p466, @p467, @p468, @p469, @p470),
(@p471, @p472, @p473, @p474, @p475, @p476, @p477, @p478, @p479, @p480, @p481, @p482, @p483),
(@p484, @p485, @p486, @p487, @p488, @p489, @p490, @p491, @p492, @p493, @p494, @p495, @p496),
(@p497, @p498, @p499, @p500, @p501, @p502, @p503, @p504, @p505, @p506, @p507, @p508, @p509),
(@p510, @p511, @p512, @p513, @p514, @p515, @p516, @p517, @p518, @p519, @p520, @p521, @p522);
INSERT INTO `organizations` (`Id`, `Code`, `CreatedAt`, `CreatedBy`, `DeletedAt`, `DeletedBy`, `HeadName`, `IsActive`, `Level`, `Name`, `OrganizationType`, `ParentId`, `UpdatedAt`, `UpdatedBy`)
VALUES (@p523, @p524, @p525, @p526, @p527, @p528, @p529, @p530, @p531, @p532, @p533, @p534, @p535, @p536);
INSERT INTO `accounts` (`Id`, `AccountType`, `AllowPosting`, `Code`, `CreatedAt`, `CreatedBy`, `DeletedAt`, `DeletedBy`, `ExternalCode`, `IsActive`, `IsHeader`, `Level`, `Name`, `NormalBalance`, `ParentId`, `ReportMapping`, `UpdatedAt`, `UpdatedBy`)
VALUES (@p537, @p538, @p539, @p540, @p541, @p542, @p543, @p544, @p545, @p546, @p547, @p548, @p549, @p550, @p551, @p552, @p553, @p554);
SELECT `RowVersion`
FROM `accounts`
WHERE ROW_COUNT() = 1 AND `Id` = @p537;

INSERT INTO `accounts` (`Id`, `AccountType`, `AllowPosting`, `Code`, `CreatedAt`, `CreatedBy`, `DeletedAt`, `DeletedBy`, `ExternalCode`, `IsActive`, `IsHeader`, `Level`, `Name`, `NormalBalance`, `ParentId`, `ReportMapping`, `UpdatedAt`, `UpdatedBy`)
VALUES (@p555, @p556, @p557, @p558, @p559, @p560, @p561, @p562, @p563, @p564, @p565, @p566, @p567, @p568, @p569, @p570, @p571, @p572);
SELECT `RowVersion`
FROM `accounts`
WHERE ROW_COUNT() = 1 AND `Id` = @p555;

INSERT INTO `accounts` (`Id`, `AccountType`, `AllowPosting`, `Code`, `CreatedAt`, `CreatedBy`, `DeletedAt`, `DeletedBy`, `ExternalCode`, `IsActive`, `IsHeader`, `Level`, `Name`, `NormalBalance`, `ParentId`, `ReportMapping`, `UpdatedAt`, `UpdatedBy`)
VALUES (@p573, @p574, @p575, @p576, @p577, @p578, @p579, @p580, @p581, @p582, @p583, @p584, @p585, @p586, @p587, @p588, @p589, @p590);
SELECT `RowVersion`
FROM `accounts`
WHERE ROW_COUNT() = 1 AND `Id` = @p573;

INSERT INTO `accounts` (`Id`, `AccountType`, `AllowPosting`, `Code`, `CreatedAt`, `CreatedBy`, `DeletedAt`, `DeletedBy`, `ExternalCode`, `IsActive`, `IsHeader`, `Level`, `Name`, `NormalBalance`, `ParentId`, `ReportMapping`, `UpdatedAt`, `UpdatedBy`)
VALUES (@p591, @p592, @p593, @p594, @p595, @p596, @p597, @p598, @p599, @p600, @p601, @p602, @p603, @p604, @p605, @p606, @p607, @p608);
SELECT `RowVersion`
FROM `accounts`
WHERE ROW_COUNT() = 1 AND `Id` = @p591;

INSERT INTO `accounts` (`Id`, `AccountType`, `AllowPosting`, `Code`, `CreatedAt`, `CreatedBy`, `DeletedAt`, `DeletedBy`, `ExternalCode`, `IsActive`, `IsHeader`, `Level`, `Name`, `NormalBalance`, `ParentId`, `ReportMapping`, `UpdatedAt`, `UpdatedBy`)
VALUES (@p609, @p610, @p611, @p612, @p613, @p614, @p615, @p616, @p617, @p618, @p619, @p620, @p621, @p622, @p623, @p624, @p625, @p626);
SELECT `RowVersion`
FROM `accounts`
WHERE ROW_COUNT() = 1 AND `Id` = @p609;

INSERT INTO `accounts` (`Id`, `AccountType`, `AllowPosting`, `Code`, `CreatedAt`, `CreatedBy`, `DeletedAt`, `DeletedBy`, `ExternalCode`, `IsActive`, `IsHeader`, `Level`, `Name`, `NormalBalance`, `ParentId`, `ReportMapping`, `UpdatedAt`, `UpdatedBy`)
VALUES (@p627, @p628, @p629, @p630, @p631, @p632, @p633, @p634, @p635, @p636, @p637, @p638, @p639, @p640, @p641, @p642, @p643, @p644);
SELECT `RowVersion`
FROM `accounts`
WHERE ROW_COUNT() = 1 AND `Id` = @p627;

INSERT INTO `accounts` (`Id`, `AccountType`, `AllowPosting`, `Code`, `CreatedAt`, `CreatedBy`, `DeletedAt`, `DeletedBy`, `ExternalCode`, `IsActive`, `IsHeader`, `Level`, `Name`, `NormalBalance`, `ParentId`, `ReportMapping`, `UpdatedAt`, `UpdatedBy`)
VALUES (@p645, @p646, @p647, @p648, @p649, @p650, @p651, @p652, @p653, @p654, @p655, @p656, @p657, @p658, @p659, @p660, @p661, @p662);
SELECT `RowVersion`
FROM `accounts`
WHERE ROW_COUNT() = 1 AND `Id` = @p645;

INSERT INTO `accounts` (`Id`, `AccountType`, `AllowPosting`, `Code`, `CreatedAt`, `CreatedBy`, `DeletedAt`, `DeletedBy`, `ExternalCode`, `IsActive`, `IsHeader`, `Level`, `Name`, `NormalBalance`, `ParentId`, `ReportMapping`, `UpdatedAt`, `UpdatedBy`)
VALUES (@p663, @p664, @p665, @p666, @p667, @p668, @p669, @p670, @p671, @p672, @p673, @p674, @p675, @p676, @p677, @p678, @p679, @p680);
SELECT `RowVersion`
FROM `accounts`
WHERE ROW_COUNT() = 1 AND `Id` = @p663;

INSERT INTO `accounts` (`Id`, `AccountType`, `AllowPosting`, `Code`, `CreatedAt`, `CreatedBy`, `DeletedAt`, `DeletedBy`, `ExternalCode`, `IsActive`, `IsHeader`, `Level`, `Name`, `NormalBalance`, `ParentId`, `ReportMapping`, `UpdatedAt`, `UpdatedBy`)
VALUES (@p681, @p682, @p683, @p684, @p685, @p686, @p687, @p688, @p689, @p690, @p691, @p692, @p693, @p694, @p695, @p696, @p697, @p698);
SELECT `RowVersion`
FROM `accounts`
WHERE ROW_COUNT() = 1 AND `Id` = @p681;
2026-08-26 10:16:40.644 +07:00 [ERR] An exception occurred in the database while saving changes for context type 'BLUDRSUD.Infrastructure.Persistence.BludRsudDbContext'.
Microsoft.EntityFrameworkCore.DbUpdateException: An error occurred while saving the entity changes. See the inner exception for details.
 ---> MySqlConnector.MySqlException (0x80004005): Field 'RowVersion' doesn't have a default value
   at MySqlConnector.Core.ServerSession.ReceiveReplyAsync(IOBehavior ioBehavior, CancellationToken cancellationToken) in /_/src/MySqlConnector/Core/ServerSession.cs:line 1081
   at MySqlConnector.Core.ResultSet.ReadResultSetHeaderAsync(IOBehavior ioBehavior) in /_/src/MySqlConnector/Core/ResultSet.cs:line 37
   at MySqlConnector.MySqlDataReader.ActivateResultSet(CancellationToken cancellationToken) in /_/src/MySqlConnector/MySqlDataReader.cs:line 131
   at MySqlConnector.MySqlDataReader.InitAsync(CommandListPosition commandListPosition, ICommandPayloadCreator payloadCreator, IDictionary`2 cachedProcedures, IMySqlCommand command, CommandBehavior behavior, Activity activity, IOBehavior ioBehavior, CancellationToken cancellationToken) in /_/src/MySqlConnector/MySqlDataReader.cs:line 487
   at MySqlConnector.Core.CommandExecutor.ExecuteReaderAsync(CommandListPosition commandListPosition, ICommandPayloadCreator payloadCreator, CommandBehavior behavior, Activity activity, IOBehavior ioBehavior, CancellationToken cancellationToken) in /_/src/MySqlConnector/Core/CommandExecutor.cs:line 56
   at MySqlConnector.MySqlCommand.ExecuteReaderAsync(CommandBehavior behavior, IOBehavior ioBehavior, CancellationToken cancellationToken) in /_/src/MySqlConnector/MySqlCommand.cs:line 357
   at MySqlConnector.MySqlCommand.ExecuteDbDataReaderAsync(CommandBehavior behavior, CancellationToken cancellationToken) in /_/src/MySqlConnector/MySqlCommand.cs:line 350
   at Microsoft.EntityFrameworkCore.Storage.RelationalCommand.ExecuteReaderAsync(RelationalCommandParameterObject parameterObject, CancellationToken cancellationToken)
   at Microsoft.EntityFrameworkCore.Storage.RelationalCommand.ExecuteReaderAsync(RelationalCommandParameterObject parameterObject, CancellationToken cancellationToken)
   at Microsoft.EntityFrameworkCore.Update.ReaderModificationCommandBatch.ExecuteAsync(IRelationalConnection connection, CancellationToken cancellationToken)
   --- End of inner exception stack trace ---
   at Microsoft.EntityFrameworkCore.Update.ReaderModificationCommandBatch.ExecuteAsync(IRelationalConnection connection, CancellationToken cancellationToken)
   at Microsoft.EntityFrameworkCore.Update.Internal.BatchExecutor.ExecuteAsync(IEnumerable`1 commandBatches, IRelationalConnection connection, CancellationToken cancellationToken)
   at Microsoft.EntityFrameworkCore.Update.Internal.BatchExecutor.ExecuteAsync(IEnumerable`1 commandBatches, IRelationalConnection connection, CancellationToken cancellationToken)
   at Microsoft.EntityFrameworkCore.Update.Internal.BatchExecutor.ExecuteAsync(IEnumerable`1 commandBatches, IRelationalConnection connection, CancellationToken cancellationToken)
   at Microsoft.EntityFrameworkCore.Storage.RelationalDatabase.SaveChangesAsync(IList`1 entries, CancellationToken cancellationToken)
   at Microsoft.EntityFrameworkCore.ChangeTracking.Internal.StateManager.SaveChangesAsync(IList`1 entriesToSave, CancellationToken cancellationToken)
   at Microsoft.EntityFrameworkCore.ChangeTracking.Internal.StateManager.SaveChangesAsync(StateManager stateManager, Boolean acceptAllChangesOnSuccess, CancellationToken cancellationToken)
   at Pomelo.EntityFrameworkCore.MySql.Storage.Internal.MySqlExecutionStrategy.ExecuteAsync[TState,TResult](TState state, Func`4 operation, Func`4 verifySucceeded, CancellationToken cancellationToken)
   at Microsoft.EntityFrameworkCore.DbContext.SaveChangesAsync(Boolean acceptAllChangesOnSuccess, CancellationToken cancellationToken)
Microsoft.EntityFrameworkCore.DbUpdateException: An error occurred while saving the entity changes. See the inner exception for details.
 ---> MySqlConnector.MySqlException (0x80004005): Field 'RowVersion' doesn't have a default value
   at MySqlConnector.Core.ServerSession.ReceiveReplyAsync(IOBehavior ioBehavior, CancellationToken cancellationToken) in /_/src/MySqlConnector/Core/ServerSession.cs:line 1081
   at MySqlConnector.Core.ResultSet.ReadResultSetHeaderAsync(IOBehavior ioBehavior) in /_/src/MySqlConnector/Core/ResultSet.cs:line 37
   at MySqlConnector.MySqlDataReader.ActivateResultSet(CancellationToken cancellationToken) in /_/src/MySqlConnector/MySqlDataReader.cs:line 131
   at MySqlConnector.MySqlDataReader.InitAsync(CommandListPosition commandListPosition, ICommandPayloadCreator payloadCreator, IDictionary`2 cachedProcedures, IMySqlCommand command, CommandBehavior behavior, Activity activity, IOBehavior ioBehavior, CancellationToken cancellationToken) in /_/src/MySqlConnector/MySqlDataReader.cs:line 487
   at MySqlConnector.Core.CommandExecutor.ExecuteReaderAsync(CommandListPosition commandListPosition, ICommandPayloadCreator payloadCreator, CommandBehavior behavior, Activity activity, IOBehavior ioBehavior, CancellationToken cancellationToken) in /_/src/MySqlConnector/Core/CommandExecutor.cs:line 56
   at MySqlConnector.MySqlCommand.ExecuteReaderAsync(CommandBehavior behavior, IOBehavior ioBehavior, CancellationToken cancellationToken) in /_/src/MySqlConnector/MySqlCommand.cs:line 357
   at MySqlConnector.MySqlCommand.ExecuteDbDataReaderAsync(CommandBehavior behavior, CancellationToken cancellationToken) in /_/src/MySqlConnector/MySqlCommand.cs:line 350
   at Microsoft.EntityFrameworkCore.Storage.RelationalCommand.ExecuteReaderAsync(RelationalCommandParameterObject parameterObject, CancellationToken cancellationToken)
   at Microsoft.EntityFrameworkCore.Storage.RelationalCommand.ExecuteReaderAsync(RelationalCommandParameterObject parameterObject, CancellationToken cancellationToken)
   at Microsoft.EntityFrameworkCore.Update.ReaderModificationCommandBatch.ExecuteAsync(IRelationalConnection connection, CancellationToken cancellationToken)
   --- End of inner exception stack trace ---
   at Microsoft.EntityFrameworkCore.Update.ReaderModificationCommandBatch.ExecuteAsync(IRelationalConnection connection, CancellationToken cancellationToken)
   at Microsoft.EntityFrameworkCore.Update.Internal.BatchExecutor.ExecuteAsync(IEnumerable`1 commandBatches, IRelationalConnection connection, CancellationToken cancellationToken)
   at Microsoft.EntityFrameworkCore.Update.Internal.BatchExecutor.ExecuteAsync(IEnumerable`1 commandBatches, IRelationalConnection connection, CancellationToken cancellationToken)
   at Microsoft.EntityFrameworkCore.Update.Internal.BatchExecutor.ExecuteAsync(IEnumerable`1 commandBatches, IRelationalConnection connection, CancellationToken cancellationToken)
   at Microsoft.EntityFrameworkCore.Storage.RelationalDatabase.SaveChangesAsync(IList`1 entries, CancellationToken cancellationToken)
   at Microsoft.EntityFrameworkCore.ChangeTracking.Internal.StateManager.SaveChangesAsync(IList`1 entriesToSave, CancellationToken cancellationToken)
   at Microsoft.EntityFrameworkCore.ChangeTracking.Internal.StateManager.SaveChangesAsync(StateManager stateManager, Boolean acceptAllChangesOnSuccess, CancellationToken cancellationToken)
   at Pomelo.EntityFrameworkCore.MySql.Storage.Internal.MySqlExecutionStrategy.ExecuteAsync[TState,TResult](TState state, Func`4 operation, Func`4 verifySucceeded, CancellationToken cancellationToken)
   at Microsoft.EntityFrameworkCore.DbContext.SaveChangesAsync(Boolean acceptAllChangesOnSuccess, CancellationToken cancellationToken)
2026-08-26 10:16:40.659 +07:00 [FTL] Host terminated unexpectedly.
Microsoft.EntityFrameworkCore.DbUpdateException: An error occurred while saving the entity changes. See the inner exception for details.
 ---> MySqlConnector.MySqlException (0x80004005): Field 'RowVersion' doesn't have a default value
   at MySqlConnector.Core.ServerSession.ReceiveReplyAsync(IOBehavior ioBehavior, CancellationToken cancellationToken) in /_/src/MySqlConnector/Core/ServerSession.cs:line 1081
   at MySqlConnector.Core.ResultSet.ReadResultSetHeaderAsync(IOBehavior ioBehavior) in /_/src/MySqlConnector/Core/ResultSet.cs:line 37
   at MySqlConnector.MySqlDataReader.ActivateResultSet(CancellationToken cancellationToken) in /_/src/MySqlConnector/MySqlDataReader.cs:line 131
   at MySqlConnector.MySqlDataReader.InitAsync(CommandListPosition commandListPosition, ICommandPayloadCreator payloadCreator, IDictionary`2 cachedProcedures, IMySqlCommand command, CommandBehavior behavior, Activity activity, IOBehavior ioBehavior, CancellationToken cancellationToken) in /_/src/MySqlConnector/MySqlDataReader.cs:line 487
   at MySqlConnector.Core.CommandExecutor.ExecuteReaderAsync(CommandListPosition commandListPosition, ICommandPayloadCreator payloadCreator, CommandBehavior behavior, Activity activity, IOBehavior ioBehavior, CancellationToken cancellationToken) in /_/src/MySqlConnector/Core/CommandExecutor.cs:line 56
   at MySqlConnector.MySqlCommand.ExecuteReaderAsync(CommandBehavior behavior, IOBehavior ioBehavior, CancellationToken cancellationToken) in /_/src/MySqlConnector/MySqlCommand.cs:line 357
   at MySqlConnector.MySqlCommand.ExecuteDbDataReaderAsync(CommandBehavior behavior, CancellationToken cancellationToken) in /_/src/MySqlConnector/MySqlCommand.cs:line 350
   at Microsoft.EntityFrameworkCore.Storage.RelationalCommand.ExecuteReaderAsync(RelationalCommandParameterObject parameterObject, CancellationToken cancellationToken)
   at Microsoft.EntityFrameworkCore.Storage.RelationalCommand.ExecuteReaderAsync(RelationalCommandParameterObject parameterObject, CancellationToken cancellationToken)
   at Microsoft.EntityFrameworkCore.Update.ReaderModificationCommandBatch.ExecuteAsync(IRelationalConnection connection, CancellationToken cancellationToken)
   --- End of inner exception stack trace ---
   at Microsoft.EntityFrameworkCore.Update.ReaderModificationCommandBatch.ExecuteAsync(IRelationalConnection connection, CancellationToken cancellationToken)
   at Microsoft.EntityFrameworkCore.Update.Internal.BatchExecutor.ExecuteAsync(IEnumerable`1 commandBatches, IRelationalConnection connection, CancellationToken cancellationToken)
   at Microsoft.EntityFrameworkCore.Update.Internal.BatchExecutor.ExecuteAsync(IEnumerable`1 commandBatches, IRelationalConnection connection, CancellationToken cancellationToken)
   at Microsoft.EntityFrameworkCore.Update.Internal.BatchExecutor.ExecuteAsync(IEnumerable`1 commandBatches, IRelationalConnection connection, CancellationToken cancellationToken)
   at Microsoft.EntityFrameworkCore.Storage.RelationalDatabase.SaveChangesAsync(IList`1 entries, CancellationToken cancellationToken)
   at Microsoft.EntityFrameworkCore.ChangeTracking.Internal.StateManager.SaveChangesAsync(IList`1 entriesToSave, CancellationToken cancellationToken)
   at Microsoft.EntityFrameworkCore.ChangeTracking.Internal.StateManager.SaveChangesAsync(StateManager stateManager, Boolean acceptAllChangesOnSuccess, CancellationToken cancellationToken)
   at Pomelo.EntityFrameworkCore.MySql.Storage.Internal.MySqlExecutionStrategy.ExecuteAsync[TState,TResult](TState state, Func`4 operation, Func`4 verifySucceeded, CancellationToken cancellationToken)
   at Microsoft.EntityFrameworkCore.DbContext.SaveChangesAsync(Boolean acceptAllChangesOnSuccess, CancellationToken cancellationToken)
   at Microsoft.EntityFrameworkCore.DbContext.SaveChangesAsync(Boolean acceptAllChangesOnSuccess, CancellationToken cancellationToken)
   at BLUDRSUD.Infrastructure.Persistence.DbSeeder.SeedAsync(BludRsudDbContext db, UserManager`1 userManager, RoleManager`1 roleManager, ILoggerFactory loggerFactory, CancellationToken ct) in D:\sandi\BLUD\src\BLUDRSUD.Infrastructure\Persistence\DbSeeder.cs:line 41
   at Program.<Main>$(String[] args) in D:\sandi\BLUD\src\BLUDRSUD.Web\Program.cs:line 120
2026-08-26 10:18:43.620 +07:00 [INF] Seeded 49 chart-of-accounts entries.
2026-08-26 10:18:43.682 +07:00 [INF] Seeded organization tree.
2026-08-26 10:18:43.727 +07:00 [INF] Seeded cost centers.
2026-08-26 10:18:43.764 +07:00 [INF] Seeded fund sources.
2026-08-26 10:18:43.812 +07:00 [INF] Seeded 2026 accounting periods.
2026-08-26 10:18:43.972 +07:00 [ERR] Failed executing DbCommand (18ms) [Parameters=[@p0='?' (DbType = Guid), @p1='?' (DbType = DateTime), @p2='?' (Size = 100), @p3='?' (Size = 20), @p4='?' (DbType = DateTime), @p5='?' (Size = 100), @p6='?' (DbType = DateTime), @p7='?' (Size = 100), @p8='?' (DbType = DateTime), @p9='?' (DbType = Int32), @p10='?' (DbType = Boolean), @p11='?' (Size = 100), @p12='?' (DbType = Int32), @p13='?' (Size = 20), @p14='?' (DbType = DateTime), @p15='?' (Size = 20), @p16='?' (DbType = DateTime), @p17='?' (Size = 100), @p18='?' (DbType = Guid), @p19='?' (DbType = DateTime), @p20='?' (Size = 100), @p21='?' (Size = 20), @p22='?' (DbType = DateTime), @p23='?' (Size = 100), @p24='?' (DbType = DateTime), @p25='?' (Size = 100), @p26='?' (DbType = DateTime), @p27='?' (DbType = Int32), @p28='?' (DbType = Boolean), @p29='?' (Size = 100), @p30='?' (DbType = Int32), @p31='?' (Size = 20), @p32='?' (DbType = DateTime), @p33='?' (Size = 20), @p34='?' (DbType = DateTime), @p35='?' (Size = 100), @p36='?' (DbType = Guid), @p37='?' (DbType = DateTime), @p38='?' (Size = 100), @p39='?' (Size = 20), @p40='?' (DbType = DateTime), @p41='?' (Size = 100), @p42='?' (DbType = DateTime), @p43='?' (Size = 100), @p44='?' (DbType = DateTime), @p45='?' (DbType = Int32), @p46='?' (DbType = Boolean), @p47='?' (Size = 100), @p48='?' (DbType = Int32), @p49='?' (Size = 20), @p50='?' (DbType = DateTime), @p51='?' (Size = 20), @p52='?' (DbType = DateTime), @p53='?' (Size = 100), @p54='?' (DbType = Guid), @p55='?' (DbType = DateTime), @p56='?' (Size = 100), @p57='?' (Size = 20), @p58='?' (DbType = DateTime), @p59='?' (Size = 100), @p60='?' (DbType = DateTime), @p61='?' (Size = 100), @p62='?' (DbType = DateTime), @p63='?' (DbType = Int32), @p64='?' (DbType = Boolean), @p65='?' (Size = 100), @p66='?' (DbType = Int32), @p67='?' (Size = 20), @p68='?' (DbType = DateTime), @p69='?' (Size = 20), @p70='?' (DbType = DateTime), @p71='?' (Size = 100), @p72='?' (DbType = Guid), @p73='?' (DbType = DateTime), @p74='?' (Size = 100), @p75='?' (Size = 20), @p76='?' (DbType = DateTime), @p77='?' (Size = 100), @p78='?' (DbType = DateTime), @p79='?' (Size = 100), @p80='?' (DbType = DateTime), @p81='?' (DbType = Int32), @p82='?' (DbType = Boolean), @p83='?' (Size = 100), @p84='?' (DbType = Int32), @p85='?' (Size = 20), @p86='?' (DbType = DateTime), @p87='?' (Size = 20), @p88='?' (DbType = DateTime), @p89='?' (Size = 100), @p90='?' (DbType = Guid), @p91='?' (DbType = DateTime), @p92='?' (Size = 100), @p93='?' (Size = 20), @p94='?' (DbType = DateTime), @p95='?' (Size = 100), @p96='?' (DbType = DateTime), @p97='?' (Size = 100), @p98='?' (DbType = DateTime), @p99='?' (DbType = Int32), @p100='?' (DbType = Boolean), @p101='?' (Size = 100), @p102='?' (DbType = Int32), @p103='?' (Size = 20), @p104='?' (DbType = DateTime), @p105='?' (Size = 20), @p106='?' (DbType = DateTime), @p107='?' (Size = 100), @p108='?' (DbType = Guid), @p109='?' (DbType = DateTime), @p110='?' (Size = 100), @p111='?' (Size = 20), @p112='?' (DbType = DateTime), @p113='?' (Size = 100), @p114='?' (DbType = DateTime), @p115='?' (Size = 100), @p116='?' (DbType = DateTime), @p117='?' (DbType = Int32), @p118='?' (DbType = Boolean), @p119='?' (Size = 100), @p120='?' (DbType = Int32), @p121='?' (Size = 20), @p122='?' (DbType = DateTime), @p123='?' (Size = 20), @p124='?' (DbType = DateTime), @p125='?' (Size = 100), @p126='?' (DbType = Guid), @p127='?' (DbType = DateTime), @p128='?' (Size = 100), @p129='?' (Size = 20), @p130='?' (DbType = DateTime), @p131='?' (Size = 100), @p132='?' (DbType = DateTime), @p133='?' (Size = 100), @p134='?' (DbType = DateTime), @p135='?' (DbType = Int32), @p136='?' (DbType = Boolean), @p137='?' (Size = 100), @p138='?' (DbType = Int32), @p139='?' (Size = 20), @p140='?' (DbType = DateTime), @p141='?' (Size = 20), @p142='?' (DbType = DateTime), @p143='?' (Size = 100), @p144='?' (DbType = Guid), @p145='?' (DbType = DateTime), @p146='?' (Size = 100), @p147='?' (Size = 20), @p148='?' (DbType = DateTime), @p149='?' (Size = 100), @p150='?' (DbType = DateTime), @p151='?' (Size = 100), @p152='?' (DbType = DateTime), @p153='?' (DbType = Int32), @p154='?' (DbType = Boolean), @p155='?' (Size = 100), @p156='?' (DbType = Int32), @p157='?' (Size = 20), @p158='?' (DbType = DateTime), @p159='?' (Size = 20), @p160='?' (DbType = DateTime), @p161='?' (Size = 100), @p162='?' (DbType = Guid), @p163='?' (DbType = DateTime), @p164='?' (Size = 100), @p165='?' (Size = 20), @p166='?' (DbType = DateTime), @p167='?' (Size = 100), @p168='?' (DbType = DateTime), @p169='?' (Size = 100), @p170='?' (DbType = DateTime), @p171='?' (DbType = Int32), @p172='?' (DbType = Boolean), @p173='?' (Size = 100), @p174='?' (DbType = Int32), @p175='?' (Size = 20), @p176='?' (DbType = DateTime), @p177='?' (Size = 20), @p178='?' (DbType = DateTime), @p179='?' (Size = 100), @p180='?' (DbType = Guid), @p181='?' (DbType = DateTime), @p182='?' (Size = 100), @p183='?' (Size = 20), @p184='?' (DbType = DateTime), @p185='?' (Size = 100), @p186='?' (DbType = DateTime), @p187='?' (Size = 100), @p188='?' (DbType = DateTime), @p189='?' (DbType = Int32), @p190='?' (DbType = Boolean), @p191='?' (Size = 100), @p192='?' (DbType = Int32), @p193='?' (Size = 20), @p194='?' (DbType = DateTime), @p195='?' (Size = 20), @p196='?' (DbType = DateTime), @p197='?' (Size = 100), @p198='?' (DbType = Guid), @p199='?' (DbType = DateTime), @p200='?' (Size = 100), @p201='?' (Size = 20), @p202='?' (DbType = DateTime), @p203='?' (Size = 100), @p204='?' (DbType = DateTime), @p205='?' (Size = 100), @p206='?' (DbType = DateTime), @p207='?' (DbType = Int32), @p208='?' (DbType = Boolean), @p209='?' (Size = 100), @p210='?' (DbType = Int32), @p211='?' (Size = 20), @p212='?' (DbType = DateTime), @p213='?' (Size = 20), @p214='?' (DbType = DateTime), @p215='?' (Size = 100), @p216='?' (DbType = Guid), @p217='?' (DbType = DateTime), @p218='?' (Size = 100), @p219='?' (Size = 20), @p220='?' (DbType = DateTime), @p221='?' (Size = 100), @p222='?' (DbType = DateTime), @p223='?' (Size = 100), @p224='?' (DbType = DateTime), @p225='?' (DbType = Int32), @p226='?' (DbType = Boolean), @p227='?' (Size = 100), @p228='?' (DbType = Int32), @p229='?' (Size = 20), @p230='?' (DbType = DateTime), @p231='?' (Size = 20), @p232='?' (DbType = DateTime), @p233='?' (Size = 100), @p234='?' (DbType = Guid), @p235='?' (Size = 30), @p236='?' (DbType = Boolean), @p237='?' (Size = 50), @p238='?' (DbType = DateTime), @p239='?' (Size = 100), @p240='?' (DbType = DateTime), @p241='?' (Size = 100), @p242='?' (Size = 50), @p243='?' (DbType = Boolean), @p244='?' (DbType = Boolean), @p245='?' (DbType = Int32), @p246='?' (Size = 255), @p247='?' (Size = 10), @p248='?' (DbType = Guid), @p249='?' (Size = 40), @p250='?' (DbType = DateTime), @p251='?' (Size = 100), @p252='?' (DbType = Guid), @p253='?' (Size = 30), @p254='?' (DbType = Boolean), @p255='?' (Size = 50), @p256='?' (DbType = DateTime), @p257='?' (Size = 100), @p258='?' (DbType = DateTime), @p259='?' (Size = 100), @p260='?' (Size = 50), @p261='?' (DbType = Boolean), @p262='?' (DbType = Boolean), @p263='?' (DbType = Int32), @p264='?' (Size = 255), @p265='?' (Size = 10), @p266='?' (DbType = Guid), @p267='?' (Size = 40), @p268='?' (DbType = DateTime), @p269='?' (Size = 100), @p270='?' (DbType = Guid), @p271='?' (Size = 30), @p272='?' (DbType = Boolean), @p273='?' (Size = 50), @p274='?' (DbType = DateTime), @p275='?' (Size = 100), @p276='?' (DbType = DateTime), @p277='?' (Size = 100), @p278='?' (Size = 50), @p279='?' (DbType = Boolean), @p280='?' (DbType = Boolean), @p281='?' (DbType = Int32), @p282='?' (Size = 255), @p283='?' (Size = 10), @p284='?' (DbType = Guid), @p285='?' (Size = 40), @p286='?' (DbType = DateTime), @p287='?' (Size = 100), @p288='?' (DbType = Guid), @p289='?' (Size = 30), @p290='?' (DbType = Boolean), @p291='?' (Size = 50), @p292='?' (DbType = DateTime), @p293='?' (Size = 100), @p294='?' (DbType = DateTime), @p295='?' (Size = 100), @p296='?' (Size = 50), @p297='?' (DbType = Boolean), @p298='?' (DbType = Boolean), @p299='?' (DbType = Int32), @p300='?' (Size = 255), @p301='?' (Size = 10), @p302='?' (DbType = Guid), @p303='?' (Size = 40), @p304='?' (DbType = DateTime), @p305='?' (Size = 100), @p306='?' (DbType = Guid), @p307='?' (Size = 30), @p308='?' (DbType = Boolean), @p309='?' (Size = 50), @p310='?' (DbType = DateTime), @p311='?' (Size = 100), @p312='?' (DbType = DateTime), @p313='?' (Size = 100), @p314='?' (Size = 50), @p315='?' (DbType = Boolean), @p316='?' (DbType = Boolean), @p317='?' (DbType = Int32), @p318='?' (Size = 255), @p319='?' (Size = 10), @p320='?' (DbType = Guid), @p321='?' (Size = 40), @p322='?' (DbType = DateTime), @p323='?' (Size = 100), @p324='?' (DbType = Guid), @p325='?' (Size = 30), @p326='?' (DbType = Boolean), @p327='?' (Size = 50), @p328='?' (DbType = DateTime), @p329='?' (Size = 100), @p330='?' (DbType = DateTime), @p331='?' (Size = 100), @p332='?' (Size = 50), @p333='?' (DbType = Boolean), @p334='?' (DbType = Boolean), @p335='?' (DbType = Int32), @p336='?' (Size = 255), @p337='?' (Size = 10), @p338='?' (DbType = Guid), @p339='?' (Size = 40), @p340='?' (DbType = DateTime), @p341='?' (Size = 100), @p342='?' (DbType = Guid), @p343='?' (Size = 30), @p344='?' (DbType = Boolean), @p345='?' (Size = 50), @p346='?' (DbType = DateTime), @p347='?' (Size = 100), @p348='?' (DbType = DateTime), @p349='?' (Size = 100), @p350='?' (Size = 50), @p351='?' (DbType = Boolean), @p352='?' (DbType = Boolean), @p353='?' (DbType = Int32), @p354='?' (Size = 255), @p355='?' (Size = 10), @p356='?' (DbType = Guid), @p357='?' (Size = 40), @p358='?' (DbType = DateTime), @p359='?' (Size = 100), @p360='?' (DbType = Guid), @p361='?' (Size = 50), @p362='?' (Size = 50), @p363='?' (DbType = DateTime), @p364='?' (Size = 100), @p365='?' (DbType = DateTime), @p366='?' (Size = 100), @p367='?' (Size = 500), @p368='?' (DbType = Boolean), @p369='?' (Size = 255), @p370='?' (DbType = Guid), @p371='?' (DbType = Guid), @p372='?' (DbType = DateTime), @p373='?' (Size = 100), @p374='?' (DbType = Guid), @p375='?' (Size = 50), @p376='?' (Size = 50), @p377='?' (DbType = DateTime), @p378='?' (Size = 100), @p379='?' (DbType = DateTime), @p380='?' (Size = 100), @p381='?' (Size = 500), @p382='?' (DbType = Boolean), @p383='?' (Size = 255), @p384='?' (DbType = Guid), @p385='?' (DbType = Guid), @p386='?' (DbType = DateTime), @p387='?' (Size = 100), @p388='?' (DbType = Guid), @p389='?' (Size = 50), @p390='?' (Size = 50), @p391='?' (DbType = DateTime), @p392='?' (Size = 100), @p393='?' (DbType = DateTime), @p394='?' (Size = 100), @p395='?' (Size = 500), @p396='?' (DbType = Boolean), @p397='?' (Size = 255), @p398='?' (DbType = Guid), @p399='?' (DbType = Guid), @p400='?' (DbType = DateTime), @p401='?' (Size = 100), @p402='?' (DbType = Guid), @p403='?' (Size = 50), @p404='?' (Size = 50), @p405='?' (DbType = DateTime), @p406='?' (Size = 100), @p407='?' (DbType = DateTime), @p408='?' (Size = 100), @p409='?' (Size = 500), @p410='?' (DbType = Boolean), @p411='?' (Size = 255), @p412='?' (DbType = Guid), @p413='?' (DbType = Guid), @p414='?' (DbType = DateTime), @p415='?' (Size = 100), @p416='?' (DbType = Guid), @p417='?' (Size = 50), @p418='?' (Size = 50), @p419='?' (DbType = DateTime), @p420='?' (Size = 100), @p421='?' (DbType = DateTime), @p422='?' (Size = 100), @p423='?' (Size = 500), @p424='?' (DbType = Boolean), @p425='?' (Size = 255), @p426='?' (DbType = Guid), @p427='?' (DbType = Guid), @p428='?' (DbType = DateTime), @p429='?' (Size = 100), @p430='?' (DbType = Guid), @p431='?' (Size = 50), @p432='?' (Size = 50), @p433='?' (DbType = DateTime), @p434='?' (Size = 100), @p435='?' (DbType = DateTime), @p436='?' (Size = 100), @p437='?' (Size = 500), @p438='?' (DbType = Boolean), @p439='?' (Size = 255), @p440='?' (DbType = Guid), @p441='?' (DbType = Guid), @p442='?' (DbType = DateTime), @p443='?' (Size = 100), @p444='?' (DbType = Guid), @p445='?' (Size = 50), @p446='?' (Size = 50), @p447='?' (DbType = DateTime), @p448='?' (Size = 100), @p449='?' (DbType = DateTime), @p450='?' (Size = 100), @p451='?' (Size = 500), @p452='?' (DbType = Boolean), @p453='?' (Size = 255), @p454='?' (DbType = Guid), @p455='?' (DbType = Guid), @p456='?' (DbType = DateTime), @p457='?' (Size = 100), @p458='?' (DbType = Guid), @p459='?' (Size = 50), @p460='?' (DbType = DateTime), @p461='?' (Size = 100), @p462='?' (DbType = DateTime), @p463='?' (Size = 100), @p464='?' (Size = 500), @p465='?' (Size = 50), @p466='?' (DbType = Boolean), @p467='?' (Size = 255), @p468='?' (DbType = Guid), @p469='?' (DbType = DateTime), @p470='?' (Size = 100), @p471='?' (DbType = Guid), @p472='?' (Size = 50), @p473='?' (DbType = DateTime), @p474='?' (Size = 100), @p475='?' (DbType = DateTime), @p476='?' (Size = 100), @p477='?' (Size = 500), @p478='?' (Size = 50), @p479='?' (DbType = Boolean), @p480='?' (Size = 255), @p481='?' (DbType = Guid), @p482='?' (DbType = DateTime), @p483='?' (Size = 100), @p484='?' (DbType = Guid), @p485='?' (Size = 50), @p486='?' (DbType = DateTime), @p487='?' (Size = 100), @p488='?' (DbType = DateTime), @p489='?' (Size = 100), @p490='?' (Size = 500), @p491='?' (Size = 50), @p492='?' (DbType = Boolean), @p493='?' (Size = 255), @p494='?' (DbType = Guid), @p495='?' (DbType = DateTime), @p496='?' (Size = 100), @p497='?' (DbType = Guid), @p498='?' (Size = 50), @p499='?' (DbType = DateTime), @p500='?' (Size = 100), @p501='?' (DbType = DateTime), @p502='?' (Size = 100), @p503='?' (Size = 500), @p504='?' (Size = 50), @p505='?' (DbType = Boolean), @p506='?' (Size = 255), @p507='?' (DbType = Guid), @p508='?' (DbType = DateTime), @p509='?' (Size = 100), @p510='?' (DbType = Guid), @p511='?' (Size = 50), @p512='?' (DbType = DateTime), @p513='?' (Size = 100), @p514='?' (DbType = DateTime), @p515='?' (Size = 100), @p516='?' (Size = 500), @p517='?' (Size = 50), @p518='?' (DbType = Boolean), @p519='?' (Size = 255), @p520='?' (DbType = Guid), @p521='?' (DbType = DateTime), @p522='?' (Size = 100), @p523='?' (DbType = Guid), @p524='?' (Size = 50), @p525='?' (DbType = DateTime), @p526='?' (Size = 100), @p527='?' (DbType = DateTime), @p528='?' (Size = 100), @p529='?' (Size = 200), @p530='?' (DbType = Boolean), @p531='?' (DbType = Int32), @p532='?' (Size = 255), @p533='?' (Size = 50), @p534='?' (DbType = Guid), @p535='?' (DbType = DateTime), @p536='?' (Size = 100), @p537='?' (DbType = Guid), @p538='?' (Size = 30), @p539='?' (DbType = Boolean), @p540='?' (Size = 50), @p541='?' (DbType = DateTime), @p542='?' (Size = 100), @p543='?' (DbType = DateTime), @p544='?' (Size = 100), @p545='?' (Size = 50), @p546='?' (DbType = Boolean), @p547='?' (DbType = Boolean), @p548='?' (DbType = Int32), @p549='?' (Size = 255), @p550='?' (Size = 10), @p551='?' (DbType = Guid), @p552='?' (Size = 40), @p553='?' (DbType = DateTime), @p554='?' (Size = 100), @p555='?' (DbType = Guid), @p556='?' (Size = 30), @p557='?' (DbType = Boolean), @p558='?' (Size = 50), @p559='?' (DbType = DateTime), @p560='?' (Size = 100), @p561='?' (DbType = DateTime), @p562='?' (Size = 100), @p563='?' (Size = 50), @p564='?' (DbType = Boolean), @p565='?' (DbType = Boolean), @p566='?' (DbType = Int32), @p567='?' (Size = 255), @p568='?' (Size = 10), @p569='?' (DbType = Guid), @p570='?' (Size = 40), @p571='?' (DbType = DateTime), @p572='?' (Size = 100), @p573='?' (DbType = Guid), @p574='?' (Size = 30), @p575='?' (DbType = Boolean), @p576='?' (Size = 50), @p577='?' (DbType = DateTime), @p578='?' (Size = 100), @p579='?' (DbType = DateTime), @p580='?' (Size = 100), @p581='?' (Size = 50), @p582='?' (DbType = Boolean), @p583='?' (DbType = Boolean), @p584='?' (DbType = Int32), @p585='?' (Size = 255), @p586='?' (Size = 10), @p587='?' (DbType = Guid), @p588='?' (Size = 40), @p589='?' (DbType = DateTime), @p590='?' (Size = 100), @p591='?' (DbType = Guid), @p592='?' (Size = 30), @p593='?' (DbType = Boolean), @p594='?' (Size = 50), @p595='?' (DbType = DateTime), @p596='?' (Size = 100), @p597='?' (DbType = DateTime), @p598='?' (Size = 100), @p599='?' (Size = 50), @p600='?' (DbType = Boolean), @p601='?' (DbType = Boolean), @p602='?' (DbType = Int32), @p603='?' (Size = 255), @p604='?' (Size = 10), @p605='?' (DbType = Guid), @p606='?' (Size = 40), @p607='?' (DbType = DateTime), @p608='?' (Size = 100), @p609='?' (DbType = Guid), @p610='?' (Size = 30), @p611='?' (DbType = Boolean), @p612='?' (Size = 50), @p613='?' (DbType = DateTime), @p614='?' (Size = 100), @p615='?' (DbType = DateTime), @p616='?' (Size = 100), @p617='?' (Size = 50), @p618='?' (DbType = Boolean), @p619='?' (DbType = Boolean), @p620='?' (DbType = Int32), @p621='?' (Size = 255), @p622='?' (Size = 10), @p623='?' (DbType = Guid), @p624='?' (Size = 40), @p625='?' (DbType = DateTime), @p626='?' (Size = 100), @p627='?' (DbType = Guid), @p628='?' (Size = 30), @p629='?' (DbType = Boolean), @p630='?' (Size = 50), @p631='?' (DbType = DateTime), @p632='?' (Size = 100), @p633='?' (DbType = DateTime), @p634='?' (Size = 100), @p635='?' (Size = 50), @p636='?' (DbType = Boolean), @p637='?' (DbType = Boolean), @p638='?' (DbType = Int32), @p639='?' (Size = 255), @p640='?' (Size = 10), @p641='?' (DbType = Guid), @p642='?' (Size = 40), @p643='?' (DbType = DateTime), @p644='?' (Size = 100), @p645='?' (DbType = Guid), @p646='?' (Size = 30), @p647='?' (DbType = Boolean), @p648='?' (Size = 50), @p649='?' (DbType = DateTime), @p650='?' (Size = 100), @p651='?' (DbType = DateTime), @p652='?' (Size = 100), @p653='?' (Size = 50), @p654='?' (DbType = Boolean), @p655='?' (DbType = Boolean), @p656='?' (DbType = Int32), @p657='?' (Size = 255), @p658='?' (Size = 10), @p659='?' (DbType = Guid), @p660='?' (Size = 40), @p661='?' (DbType = DateTime), @p662='?' (Size = 100), @p663='?' (DbType = Guid), @p664='?' (Size = 30), @p665='?' (DbType = Boolean), @p666='?' (Size = 50), @p667='?' (DbType = DateTime), @p668='?' (Size = 100), @p669='?' (DbType = DateTime), @p670='?' (Size = 100), @p671='?' (Size = 50), @p672='?' (DbType = Boolean), @p673='?' (DbType = Boolean), @p674='?' (DbType = Int32), @p675='?' (Size = 255), @p676='?' (Size = 10), @p677='?' (DbType = Guid), @p678='?' (Size = 40), @p679='?' (DbType = DateTime), @p680='?' (Size = 100), @p681='?' (DbType = Guid), @p682='?' (Size = 30), @p683='?' (DbType = Boolean), @p684='?' (Size = 50), @p685='?' (DbType = DateTime), @p686='?' (Size = 100), @p687='?' (DbType = DateTime), @p688='?' (Size = 100), @p689='?' (Size = 50), @p690='?' (DbType = Boolean), @p691='?' (DbType = Boolean), @p692='?' (DbType = Int32), @p693='?' (Size = 255), @p694='?' (Size = 10), @p695='?' (DbType = Guid), @p696='?' (Size = 40), @p697='?' (DbType = DateTime), @p698='?' (Size = 100)], CommandType='"Text"', CommandTimeout='30']
INSERT INTO `accounting_periods` (`Id`, `ClosedAt`, `ClosedBy`, `Code`, `CreatedAt`, `CreatedBy`, `DeletedAt`, `DeletedBy`, `EndDate`, `FiscalYear`, `IsCurrent`, `Name`, `PeriodNumber`, `PeriodType`, `StartDate`, `Status`, `UpdatedAt`, `UpdatedBy`)
VALUES (@p0, @p1, @p2, @p3, @p4, @p5, @p6, @p7, @p8, @p9, @p10, @p11, @p12, @p13, @p14, @p15, @p16, @p17);
SELECT `RowVersion`
FROM `accounting_periods`
WHERE ROW_COUNT() = 1 AND `Id` = @p0;

INSERT INTO `accounting_periods` (`Id`, `ClosedAt`, `ClosedBy`, `Code`, `CreatedAt`, `CreatedBy`, `DeletedAt`, `DeletedBy`, `EndDate`, `FiscalYear`, `IsCurrent`, `Name`, `PeriodNumber`, `PeriodType`, `StartDate`, `Status`, `UpdatedAt`, `UpdatedBy`)
VALUES (@p18, @p19, @p20, @p21, @p22, @p23, @p24, @p25, @p26, @p27, @p28, @p29, @p30, @p31, @p32, @p33, @p34, @p35);
SELECT `RowVersion`
FROM `accounting_periods`
WHERE ROW_COUNT() = 1 AND `Id` = @p18;

INSERT INTO `accounting_periods` (`Id`, `ClosedAt`, `ClosedBy`, `Code`, `CreatedAt`, `CreatedBy`, `DeletedAt`, `DeletedBy`, `EndDate`, `FiscalYear`, `IsCurrent`, `Name`, `PeriodNumber`, `PeriodType`, `StartDate`, `Status`, `UpdatedAt`, `UpdatedBy`)
VALUES (@p36, @p37, @p38, @p39, @p40, @p41, @p42, @p43, @p44, @p45, @p46, @p47, @p48, @p49, @p50, @p51, @p52, @p53);
SELECT `RowVersion`
FROM `accounting_periods`
WHERE ROW_COUNT() = 1 AND `Id` = @p36;

INSERT INTO `accounting_periods` (`Id`, `ClosedAt`, `ClosedBy`, `Code`, `CreatedAt`, `CreatedBy`, `DeletedAt`, `DeletedBy`, `EndDate`, `FiscalYear`, `IsCurrent`, `Name`, `PeriodNumber`, `PeriodType`, `StartDate`, `Status`, `UpdatedAt`, `UpdatedBy`)
VALUES (@p54, @p55, @p56, @p57, @p58, @p59, @p60, @p61, @p62, @p63, @p64, @p65, @p66, @p67, @p68, @p69, @p70, @p71);
SELECT `RowVersion`
FROM `accounting_periods`
WHERE ROW_COUNT() = 1 AND `Id` = @p54;

INSERT INTO `accounting_periods` (`Id`, `ClosedAt`, `ClosedBy`, `Code`, `CreatedAt`, `CreatedBy`, `DeletedAt`, `DeletedBy`, `EndDate`, `FiscalYear`, `IsCurrent`, `Name`, `PeriodNumber`, `PeriodType`, `StartDate`, `Status`, `UpdatedAt`, `UpdatedBy`)
VALUES (@p72, @p73, @p74, @p75, @p76, @p77, @p78, @p79, @p80, @p81, @p82, @p83, @p84, @p85, @p86, @p87, @p88, @p89);
SELECT `RowVersion`
FROM `accounting_periods`
WHERE ROW_COUNT() = 1 AND `Id` = @p72;

INSERT INTO `accounting_periods` (`Id`, `ClosedAt`, `ClosedBy`, `Code`, `CreatedAt`, `CreatedBy`, `DeletedAt`, `DeletedBy`, `EndDate`, `FiscalYear`, `IsCurrent`, `Name`, `PeriodNumber`, `PeriodType`, `StartDate`, `Status`, `UpdatedAt`, `UpdatedBy`)
VALUES (@p90, @p91, @p92, @p93, @p94, @p95, @p96, @p97, @p98, @p99, @p100, @p101, @p102, @p103, @p104, @p105, @p106, @p107);
SELECT `RowVersion`
FROM `accounting_periods`
WHERE ROW_COUNT() = 1 AND `Id` = @p90;

INSERT INTO `accounting_periods` (`Id`, `ClosedAt`, `ClosedBy`, `Code`, `CreatedAt`, `CreatedBy`, `DeletedAt`, `DeletedBy`, `EndDate`, `FiscalYear`, `IsCurrent`, `Name`, `PeriodNumber`, `PeriodType`, `StartDate`, `Status`, `UpdatedAt`, `UpdatedBy`)
VALUES (@p108, @p109, @p110, @p111, @p112, @p113, @p114, @p115, @p116, @p117, @p118, @p119, @p120, @p121, @p122, @p123, @p124, @p125);
SELECT `RowVersion`
FROM `accounting_periods`
WHERE ROW_COUNT() = 1 AND `Id` = @p108;

INSERT INTO `accounting_periods` (`Id`, `ClosedAt`, `ClosedBy`, `Code`, `CreatedAt`, `CreatedBy`, `DeletedAt`, `DeletedBy`, `EndDate`, `FiscalYear`, `IsCurrent`, `Name`, `PeriodNumber`, `PeriodType`, `StartDate`, `Status`, `UpdatedAt`, `UpdatedBy`)
VALUES (@p126, @p127, @p128, @p129, @p130, @p131, @p132, @p133, @p134, @p135, @p136, @p137, @p138, @p139, @p140, @p141, @p142, @p143);
SELECT `RowVersion`
FROM `accounting_periods`
WHERE ROW_COUNT() = 1 AND `Id` = @p126;

INSERT INTO `accounting_periods` (`Id`, `ClosedAt`, `ClosedBy`, `Code`, `CreatedAt`, `CreatedBy`, `DeletedAt`, `DeletedBy`, `EndDate`, `FiscalYear`, `IsCurrent`, `Name`, `PeriodNumber`, `PeriodType`, `StartDate`, `Status`, `UpdatedAt`, `UpdatedBy`)
VALUES (@p144, @p145, @p146, @p147, @p148, @p149, @p150, @p151, @p152, @p153, @p154, @p155, @p156, @p157, @p158, @p159, @p160, @p161);
SELECT `RowVersion`
FROM `accounting_periods`
WHERE ROW_COUNT() = 1 AND `Id` = @p144;

INSERT INTO `accounting_periods` (`Id`, `ClosedAt`, `ClosedBy`, `Code`, `CreatedAt`, `CreatedBy`, `DeletedAt`, `DeletedBy`, `EndDate`, `FiscalYear`, `IsCurrent`, `Name`, `PeriodNumber`, `PeriodType`, `StartDate`, `Status`, `UpdatedAt`, `UpdatedBy`)
VALUES (@p162, @p163, @p164, @p165, @p166, @p167, @p168, @p169, @p170, @p171, @p172, @p173, @p174, @p175, @p176, @p177, @p178, @p179);
SELECT `RowVersion`
FROM `accounting_periods`
WHERE ROW_COUNT() = 1 AND `Id` = @p162;

INSERT INTO `accounting_periods` (`Id`, `ClosedAt`, `ClosedBy`, `Code`, `CreatedAt`, `CreatedBy`, `DeletedAt`, `DeletedBy`, `EndDate`, `FiscalYear`, `IsCurrent`, `Name`, `PeriodNumber`, `PeriodType`, `StartDate`, `Status`, `UpdatedAt`, `UpdatedBy`)
VALUES (@p180, @p181, @p182, @p183, @p184, @p185, @p186, @p187, @p188, @p189, @p190, @p191, @p192, @p193, @p194, @p195, @p196, @p197);
SELECT `RowVersion`
FROM `accounting_periods`
WHERE ROW_COUNT() = 1 AND `Id` = @p180;

INSERT INTO `accounting_periods` (`Id`, `ClosedAt`, `ClosedBy`, `Code`, `CreatedAt`, `CreatedBy`, `DeletedAt`, `DeletedBy`, `EndDate`, `FiscalYear`, `IsCurrent`, `Name`, `PeriodNumber`, `PeriodType`, `StartDate`, `Status`, `UpdatedAt`, `UpdatedBy`)
VALUES (@p198, @p199, @p200, @p201, @p202, @p203, @p204, @p205, @p206, @p207, @p208, @p209, @p210, @p211, @p212, @p213, @p214, @p215);
SELECT `RowVersion`
FROM `accounting_periods`
WHERE ROW_COUNT() = 1 AND `Id` = @p198;

INSERT INTO `accounting_periods` (`Id`, `ClosedAt`, `ClosedBy`, `Code`, `CreatedAt`, `CreatedBy`, `DeletedAt`, `DeletedBy`, `EndDate`, `FiscalYear`, `IsCurrent`, `Name`, `PeriodNumber`, `PeriodType`, `StartDate`, `Status`, `UpdatedAt`, `UpdatedBy`)
VALUES (@p216, @p217, @p218, @p219, @p220, @p221, @p222, @p223, @p224, @p225, @p226, @p227, @p228, @p229, @p230, @p231, @p232, @p233);
SELECT `RowVersion`
FROM `accounting_periods`
WHERE ROW_COUNT() = 1 AND `Id` = @p216;

INSERT INTO `accounts` (`Id`, `AccountType`, `AllowPosting`, `Code`, `CreatedAt`, `CreatedBy`, `DeletedAt`, `DeletedBy`, `ExternalCode`, `IsActive`, `IsHeader`, `Level`, `Name`, `NormalBalance`, `ParentId`, `ReportMapping`, `UpdatedAt`, `UpdatedBy`)
VALUES (@p234, @p235, @p236, @p237, @p238, @p239, @p240, @p241, @p242, @p243, @p244, @p245, @p246, @p247, @p248, @p249, @p250, @p251);
SELECT `RowVersion`
FROM `accounts`
WHERE ROW_COUNT() = 1 AND `Id` = @p234;

INSERT INTO `accounts` (`Id`, `AccountType`, `AllowPosting`, `Code`, `CreatedAt`, `CreatedBy`, `DeletedAt`, `DeletedBy`, `ExternalCode`, `IsActive`, `IsHeader`, `Level`, `Name`, `NormalBalance`, `ParentId`, `ReportMapping`, `UpdatedAt`, `UpdatedBy`)
VALUES (@p252, @p253, @p254, @p255, @p256, @p257, @p258, @p259, @p260, @p261, @p262, @p263, @p264, @p265, @p266, @p267, @p268, @p269);
SELECT `RowVersion`
FROM `accounts`
WHERE ROW_COUNT() = 1 AND `Id` = @p252;

INSERT INTO `accounts` (`Id`, `AccountType`, `AllowPosting`, `Code`, `CreatedAt`, `CreatedBy`, `DeletedAt`, `DeletedBy`, `ExternalCode`, `IsActive`, `IsHeader`, `Level`, `Name`, `NormalBalance`, `ParentId`, `ReportMapping`, `UpdatedAt`, `UpdatedBy`)
VALUES (@p270, @p271, @p272, @p273, @p274, @p275, @p276, @p277, @p278, @p279, @p280, @p281, @p282, @p283, @p284, @p285, @p286, @p287);
SELECT `RowVersion`
FROM `accounts`
WHERE ROW_COUNT() = 1 AND `Id` = @p270;

INSERT INTO `accounts` (`Id`, `AccountType`, `AllowPosting`, `Code`, `CreatedAt`, `CreatedBy`, `DeletedAt`, `DeletedBy`, `ExternalCode`, `IsActive`, `IsHeader`, `Level`, `Name`, `NormalBalance`, `ParentId`, `ReportMapping`, `UpdatedAt`, `UpdatedBy`)
VALUES (@p288, @p289, @p290, @p291, @p292, @p293, @p294, @p295, @p296, @p297, @p298, @p299, @p300, @p301, @p302, @p303, @p304, @p305);
SELECT `RowVersion`
FROM `accounts`
WHERE ROW_COUNT() = 1 AND `Id` = @p288;

INSERT INTO `accounts` (`Id`, `AccountType`, `AllowPosting`, `Code`, `CreatedAt`, `CreatedBy`, `DeletedAt`, `DeletedBy`, `ExternalCode`, `IsActive`, `IsHeader`, `Level`, `Name`, `NormalBalance`, `ParentId`, `ReportMapping`, `UpdatedAt`, `UpdatedBy`)
VALUES (@p306, @p307, @p308, @p309, @p310, @p311, @p312, @p313, @p314, @p315, @p316, @p317, @p318, @p319, @p320, @p321, @p322, @p323);
SELECT `RowVersion`
FROM `accounts`
WHERE ROW_COUNT() = 1 AND `Id` = @p306;

INSERT INTO `accounts` (`Id`, `AccountType`, `AllowPosting`, `Code`, `CreatedAt`, `CreatedBy`, `DeletedAt`, `DeletedBy`, `ExternalCode`, `IsActive`, `IsHeader`, `Level`, `Name`, `NormalBalance`, `ParentId`, `ReportMapping`, `UpdatedAt`, `UpdatedBy`)
VALUES (@p324, @p325, @p326, @p327, @p328, @p329, @p330, @p331, @p332, @p333, @p334, @p335, @p336, @p337, @p338, @p339, @p340, @p341);
SELECT `RowVersion`
FROM `accounts`
WHERE ROW_COUNT() = 1 AND `Id` = @p324;

INSERT INTO `accounts` (`Id`, `AccountType`, `AllowPosting`, `Code`, `CreatedAt`, `CreatedBy`, `DeletedAt`, `DeletedBy`, `ExternalCode`, `IsActive`, `IsHeader`, `Level`, `Name`, `NormalBalance`, `ParentId`, `ReportMapping`, `UpdatedAt`, `UpdatedBy`)
VALUES (@p342, @p343, @p344, @p345, @p346, @p347, @p348, @p349, @p350, @p351, @p352, @p353, @p354, @p355, @p356, @p357, @p358, @p359);
SELECT `RowVersion`
FROM `accounts`
WHERE ROW_COUNT() = 1 AND `Id` = @p342;

INSERT INTO `cost_centers` (`Id`, `Code`, `CostCenterType`, `CreatedAt`, `CreatedBy`, `DeletedAt`, `DeletedBy`, `Description`, `IsActive`, `Name`, `OrganizationId`, `ParentId`, `UpdatedAt`, `UpdatedBy`)
VALUES (@p360, @p361, @p362, @p363, @p364, @p365, @p366, @p367, @p368, @p369, @p370, @p371, @p372, @p373),
(@p374, @p375, @p376, @p377, @p378, @p379, @p380, @p381, @p382, @p383, @p384, @p385, @p386, @p387),
(@p388, @p389, @p390, @p391, @p392, @p393, @p394, @p395, @p396, @p397, @p398, @p399, @p400, @p401),
(@p402, @p403, @p404, @p405, @p406, @p407, @p408, @p409, @p410, @p411, @p412, @p413, @p414, @p415),
(@p416, @p417, @p418, @p419, @p420, @p421, @p422, @p423, @p424, @p425, @p426, @p427, @p428, @p429),
(@p430, @p431, @p432, @p433, @p434, @p435, @p436, @p437, @p438, @p439, @p440, @p441, @p442, @p443),
(@p444, @p445, @p446, @p447, @p448, @p449, @p450, @p451, @p452, @p453, @p454, @p455, @p456, @p457);
INSERT INTO `fund_sources` (`Id`, `Code`, `CreatedAt`, `CreatedBy`, `DeletedAt`, `DeletedBy`, `Description`, `FundCategory`, `IsActive`, `Name`, `ParentId`, `UpdatedAt`, `UpdatedBy`)
VALUES (@p458, @p459, @p460, @p461, @p462, @p463, @p464, @p465, @p466, @p467, @p468, @p469, @p470),
(@p471, @p472, @p473, @p474, @p475, @p476, @p477, @p478, @p479, @p480, @p481, @p482, @p483),
(@p484, @p485, @p486, @p487, @p488, @p489, @p490, @p491, @p492, @p493, @p494, @p495, @p496),
(@p497, @p498, @p499, @p500, @p501, @p502, @p503, @p504, @p505, @p506, @p507, @p508, @p509),
(@p510, @p511, @p512, @p513, @p514, @p515, @p516, @p517, @p518, @p519, @p520, @p521, @p522);
INSERT INTO `organizations` (`Id`, `Code`, `CreatedAt`, `CreatedBy`, `DeletedAt`, `DeletedBy`, `HeadName`, `IsActive`, `Level`, `Name`, `OrganizationType`, `ParentId`, `UpdatedAt`, `UpdatedBy`)
VALUES (@p523, @p524, @p525, @p526, @p527, @p528, @p529, @p530, @p531, @p532, @p533, @p534, @p535, @p536);
INSERT INTO `accounts` (`Id`, `AccountType`, `AllowPosting`, `Code`, `CreatedAt`, `CreatedBy`, `DeletedAt`, `DeletedBy`, `ExternalCode`, `IsActive`, `IsHeader`, `Level`, `Name`, `NormalBalance`, `ParentId`, `ReportMapping`, `UpdatedAt`, `UpdatedBy`)
VALUES (@p537, @p538, @p539, @p540, @p541, @p542, @p543, @p544, @p545, @p546, @p547, @p548, @p549, @p550, @p551, @p552, @p553, @p554);
SELECT `RowVersion`
FROM `accounts`
WHERE ROW_COUNT() = 1 AND `Id` = @p537;

INSERT INTO `accounts` (`Id`, `AccountType`, `AllowPosting`, `Code`, `CreatedAt`, `CreatedBy`, `DeletedAt`, `DeletedBy`, `ExternalCode`, `IsActive`, `IsHeader`, `Level`, `Name`, `NormalBalance`, `ParentId`, `ReportMapping`, `UpdatedAt`, `UpdatedBy`)
VALUES (@p555, @p556, @p557, @p558, @p559, @p560, @p561, @p562, @p563, @p564, @p565, @p566, @p567, @p568, @p569, @p570, @p571, @p572);
SELECT `RowVersion`
FROM `accounts`
WHERE ROW_COUNT() = 1 AND `Id` = @p555;

INSERT INTO `accounts` (`Id`, `AccountType`, `AllowPosting`, `Code`, `CreatedAt`, `CreatedBy`, `DeletedAt`, `DeletedBy`, `ExternalCode`, `IsActive`, `IsHeader`, `Level`, `Name`, `NormalBalance`, `ParentId`, `ReportMapping`, `UpdatedAt`, `UpdatedBy`)
VALUES (@p573, @p574, @p575, @p576, @p577, @p578, @p579, @p580, @p581, @p582, @p583, @p584, @p585, @p586, @p587, @p588, @p589, @p590);
SELECT `RowVersion`
FROM `accounts`
WHERE ROW_COUNT() = 1 AND `Id` = @p573;

INSERT INTO `accounts` (`Id`, `AccountType`, `AllowPosting`, `Code`, `CreatedAt`, `CreatedBy`, `DeletedAt`, `DeletedBy`, `ExternalCode`, `IsActive`, `IsHeader`, `Level`, `Name`, `NormalBalance`, `ParentId`, `ReportMapping`, `UpdatedAt`, `UpdatedBy`)
VALUES (@p591, @p592, @p593, @p594, @p595, @p596, @p597, @p598, @p599, @p600, @p601, @p602, @p603, @p604, @p605, @p606, @p607, @p608);
SELECT `RowVersion`
FROM `accounts`
WHERE ROW_COUNT() = 1 AND `Id` = @p591;

INSERT INTO `accounts` (`Id`, `AccountType`, `AllowPosting`, `Code`, `CreatedAt`, `CreatedBy`, `DeletedAt`, `DeletedBy`, `ExternalCode`, `IsActive`, `IsHeader`, `Level`, `Name`, `NormalBalance`, `ParentId`, `ReportMapping`, `UpdatedAt`, `UpdatedBy`)
VALUES (@p609, @p610, @p611, @p612, @p613, @p614, @p615, @p616, @p617, @p618, @p619, @p620, @p621, @p622, @p623, @p624, @p625, @p626);
SELECT `RowVersion`
FROM `accounts`
WHERE ROW_COUNT() = 1 AND `Id` = @p609;

INSERT INTO `accounts` (`Id`, `AccountType`, `AllowPosting`, `Code`, `CreatedAt`, `CreatedBy`, `DeletedAt`, `DeletedBy`, `ExternalCode`, `IsActive`, `IsHeader`, `Level`, `Name`, `NormalBalance`, `ParentId`, `ReportMapping`, `UpdatedAt`, `UpdatedBy`)
VALUES (@p627, @p628, @p629, @p630, @p631, @p632, @p633, @p634, @p635, @p636, @p637, @p638, @p639, @p640, @p641, @p642, @p643, @p644);
SELECT `RowVersion`
FROM `accounts`
WHERE ROW_COUNT() = 1 AND `Id` = @p627;

INSERT INTO `accounts` (`Id`, `AccountType`, `AllowPosting`, `Code`, `CreatedAt`, `CreatedBy`, `DeletedAt`, `DeletedBy`, `ExternalCode`, `IsActive`, `IsHeader`, `Level`, `Name`, `NormalBalance`, `ParentId`, `ReportMapping`, `UpdatedAt`, `UpdatedBy`)
VALUES (@p645, @p646, @p647, @p648, @p649, @p650, @p651, @p652, @p653, @p654, @p655, @p656, @p657, @p658, @p659, @p660, @p661, @p662);
SELECT `RowVersion`
FROM `accounts`
WHERE ROW_COUNT() = 1 AND `Id` = @p645;

INSERT INTO `accounts` (`Id`, `AccountType`, `AllowPosting`, `Code`, `CreatedAt`, `CreatedBy`, `DeletedAt`, `DeletedBy`, `ExternalCode`, `IsActive`, `IsHeader`, `Level`, `Name`, `NormalBalance`, `ParentId`, `ReportMapping`, `UpdatedAt`, `UpdatedBy`)
VALUES (@p663, @p664, @p665, @p666, @p667, @p668, @p669, @p670, @p671, @p672, @p673, @p674, @p675, @p676, @p677, @p678, @p679, @p680);
SELECT `RowVersion`
FROM `accounts`
WHERE ROW_COUNT() = 1 AND `Id` = @p663;

INSERT INTO `accounts` (`Id`, `AccountType`, `AllowPosting`, `Code`, `CreatedAt`, `CreatedBy`, `DeletedAt`, `DeletedBy`, `ExternalCode`, `IsActive`, `IsHeader`, `Level`, `Name`, `NormalBalance`, `ParentId`, `ReportMapping`, `UpdatedAt`, `UpdatedBy`)
VALUES (@p681, @p682, @p683, @p684, @p685, @p686, @p687, @p688, @p689, @p690, @p691, @p692, @p693, @p694, @p695, @p696, @p697, @p698);
SELECT `RowVersion`
FROM `accounts`
WHERE ROW_COUNT() = 1 AND `Id` = @p681;
2026-08-26 10:18:44.004 +07:00 [ERR] An exception occurred in the database while saving changes for context type 'BLUDRSUD.Infrastructure.Persistence.BludRsudDbContext'.
Microsoft.EntityFrameworkCore.DbUpdateException: An error occurred while saving the entity changes. See the inner exception for details.
 ---> MySqlConnector.MySqlException (0x80004005): Field 'RowVersion' doesn't have a default value
   at MySqlConnector.Core.ServerSession.ReceiveReplyAsync(IOBehavior ioBehavior, CancellationToken cancellationToken) in /_/src/MySqlConnector/Core/ServerSession.cs:line 1081
   at MySqlConnector.Core.ResultSet.ReadResultSetHeaderAsync(IOBehavior ioBehavior) in /_/src/MySqlConnector/Core/ResultSet.cs:line 37
   at MySqlConnector.MySqlDataReader.ActivateResultSet(CancellationToken cancellationToken) in /_/src/MySqlConnector/MySqlDataReader.cs:line 131
   at MySqlConnector.MySqlDataReader.InitAsync(CommandListPosition commandListPosition, ICommandPayloadCreator payloadCreator, IDictionary`2 cachedProcedures, IMySqlCommand command, CommandBehavior behavior, Activity activity, IOBehavior ioBehavior, CancellationToken cancellationToken) in /_/src/MySqlConnector/MySqlDataReader.cs:line 487
   at MySqlConnector.Core.CommandExecutor.ExecuteReaderAsync(CommandListPosition commandListPosition, ICommandPayloadCreator payloadCreator, CommandBehavior behavior, Activity activity, IOBehavior ioBehavior, CancellationToken cancellationToken) in /_/src/MySqlConnector/Core/CommandExecutor.cs:line 56
   at MySqlConnector.MySqlCommand.ExecuteReaderAsync(CommandBehavior behavior, IOBehavior ioBehavior, CancellationToken cancellationToken) in /_/src/MySqlConnector/MySqlCommand.cs:line 357
   at MySqlConnector.MySqlCommand.ExecuteDbDataReaderAsync(CommandBehavior behavior, CancellationToken cancellationToken) in /_/src/MySqlConnector/MySqlCommand.cs:line 350
   at Microsoft.EntityFrameworkCore.Storage.RelationalCommand.ExecuteReaderAsync(RelationalCommandParameterObject parameterObject, CancellationToken cancellationToken)
   at Microsoft.EntityFrameworkCore.Storage.RelationalCommand.ExecuteReaderAsync(RelationalCommandParameterObject parameterObject, CancellationToken cancellationToken)
   at Microsoft.EntityFrameworkCore.Update.ReaderModificationCommandBatch.ExecuteAsync(IRelationalConnection connection, CancellationToken cancellationToken)
   --- End of inner exception stack trace ---
   at Microsoft.EntityFrameworkCore.Update.ReaderModificationCommandBatch.ExecuteAsync(IRelationalConnection connection, CancellationToken cancellationToken)
   at Microsoft.EntityFrameworkCore.Update.Internal.BatchExecutor.ExecuteAsync(IEnumerable`1 commandBatches, IRelationalConnection connection, CancellationToken cancellationToken)
   at Microsoft.EntityFrameworkCore.Update.Internal.BatchExecutor.ExecuteAsync(IEnumerable`1 commandBatches, IRelationalConnection connection, CancellationToken cancellationToken)
   at Microsoft.EntityFrameworkCore.Update.Internal.BatchExecutor.ExecuteAsync(IEnumerable`1 commandBatches, IRelationalConnection connection, CancellationToken cancellationToken)
   at Microsoft.EntityFrameworkCore.Storage.RelationalDatabase.SaveChangesAsync(IList`1 entries, CancellationToken cancellationToken)
   at Microsoft.EntityFrameworkCore.ChangeTracking.Internal.StateManager.SaveChangesAsync(IList`1 entriesToSave, CancellationToken cancellationToken)
   at Microsoft.EntityFrameworkCore.ChangeTracking.Internal.StateManager.SaveChangesAsync(StateManager stateManager, Boolean acceptAllChangesOnSuccess, CancellationToken cancellationToken)
   at Pomelo.EntityFrameworkCore.MySql.Storage.Internal.MySqlExecutionStrategy.ExecuteAsync[TState,TResult](TState state, Func`4 operation, Func`4 verifySucceeded, CancellationToken cancellationToken)
   at Microsoft.EntityFrameworkCore.DbContext.SaveChangesAsync(Boolean acceptAllChangesOnSuccess, CancellationToken cancellationToken)
Microsoft.EntityFrameworkCore.DbUpdateException: An error occurred while saving the entity changes. See the inner exception for details.
 ---> MySqlConnector.MySqlException (0x80004005): Field 'RowVersion' doesn't have a default value
   at MySqlConnector.Core.ServerSession.ReceiveReplyAsync(IOBehavior ioBehavior, CancellationToken cancellationToken) in /_/src/MySqlConnector/Core/ServerSession.cs:line 1081
   at MySqlConnector.Core.ResultSet.ReadResultSetHeaderAsync(IOBehavior ioBehavior) in /_/src/MySqlConnector/Core/ResultSet.cs:line 37
   at MySqlConnector.MySqlDataReader.ActivateResultSet(CancellationToken cancellationToken) in /_/src/MySqlConnector/MySqlDataReader.cs:line 131
   at MySqlConnector.MySqlDataReader.InitAsync(CommandListPosition commandListPosition, ICommandPayloadCreator payloadCreator, IDictionary`2 cachedProcedures, IMySqlCommand command, CommandBehavior behavior, Activity activity, IOBehavior ioBehavior, CancellationToken cancellationToken) in /_/src/MySqlConnector/MySqlDataReader.cs:line 487
   at MySqlConnector.Core.CommandExecutor.ExecuteReaderAsync(CommandListPosition commandListPosition, ICommandPayloadCreator payloadCreator, CommandBehavior behavior, Activity activity, IOBehavior ioBehavior, CancellationToken cancellationToken) in /_/src/MySqlConnector/Core/CommandExecutor.cs:line 56
   at MySqlConnector.MySqlCommand.ExecuteReaderAsync(CommandBehavior behavior, IOBehavior ioBehavior, CancellationToken cancellationToken) in /_/src/MySqlConnector/MySqlCommand.cs:line 357
   at MySqlConnector.MySqlCommand.ExecuteDbDataReaderAsync(CommandBehavior behavior, CancellationToken cancellationToken) in /_/src/MySqlConnector/MySqlCommand.cs:line 350
   at Microsoft.EntityFrameworkCore.Storage.RelationalCommand.ExecuteReaderAsync(RelationalCommandParameterObject parameterObject, CancellationToken cancellationToken)
   at Microsoft.EntityFrameworkCore.Storage.RelationalCommand.ExecuteReaderAsync(RelationalCommandParameterObject parameterObject, CancellationToken cancellationToken)
   at Microsoft.EntityFrameworkCore.Update.ReaderModificationCommandBatch.ExecuteAsync(IRelationalConnection connection, CancellationToken cancellationToken)
   --- End of inner exception stack trace ---
   at Microsoft.EntityFrameworkCore.Update.ReaderModificationCommandBatch.ExecuteAsync(IRelationalConnection connection, CancellationToken cancellationToken)
   at Microsoft.EntityFrameworkCore.Update.Internal.BatchExecutor.ExecuteAsync(IEnumerable`1 commandBatches, IRelationalConnection connection, CancellationToken cancellationToken)
   at Microsoft.EntityFrameworkCore.Update.Internal.BatchExecutor.ExecuteAsync(IEnumerable`1 commandBatches, IRelationalConnection connection, CancellationToken cancellationToken)
   at Microsoft.EntityFrameworkCore.Update.Internal.BatchExecutor.ExecuteAsync(IEnumerable`1 commandBatches, IRelationalConnection connection, CancellationToken cancellationToken)
   at Microsoft.EntityFrameworkCore.Storage.RelationalDatabase.SaveChangesAsync(IList`1 entries, CancellationToken cancellationToken)
   at Microsoft.EntityFrameworkCore.ChangeTracking.Internal.StateManager.SaveChangesAsync(IList`1 entriesToSave, CancellationToken cancellationToken)
   at Microsoft.EntityFrameworkCore.ChangeTracking.Internal.StateManager.SaveChangesAsync(StateManager stateManager, Boolean acceptAllChangesOnSuccess, CancellationToken cancellationToken)
   at Pomelo.EntityFrameworkCore.MySql.Storage.Internal.MySqlExecutionStrategy.ExecuteAsync[TState,TResult](TState state, Func`4 operation, Func`4 verifySucceeded, CancellationToken cancellationToken)
   at Microsoft.EntityFrameworkCore.DbContext.SaveChangesAsync(Boolean acceptAllChangesOnSuccess, CancellationToken cancellationToken)
2026-08-26 10:18:44.016 +07:00 [WRN] Startup seeding failed. The app will continue without seed data. Check the database schema and seed configuration.
Microsoft.EntityFrameworkCore.DbUpdateException: An error occurred while saving the entity changes. See the inner exception for details.
 ---> MySqlConnector.MySqlException (0x80004005): Field 'RowVersion' doesn't have a default value
   at MySqlConnector.Core.ServerSession.ReceiveReplyAsync(IOBehavior ioBehavior, CancellationToken cancellationToken) in /_/src/MySqlConnector/Core/ServerSession.cs:line 1081
   at MySqlConnector.Core.ResultSet.ReadResultSetHeaderAsync(IOBehavior ioBehavior) in /_/src/MySqlConnector/Core/ResultSet.cs:line 37
   at MySqlConnector.MySqlDataReader.ActivateResultSet(CancellationToken cancellationToken) in /_/src/MySqlConnector/MySqlDataReader.cs:line 131
   at MySqlConnector.MySqlDataReader.InitAsync(CommandListPosition commandListPosition, ICommandPayloadCreator payloadCreator, IDictionary`2 cachedProcedures, IMySqlCommand command, CommandBehavior behavior, Activity activity, IOBehavior ioBehavior, CancellationToken cancellationToken) in /_/src/MySqlConnector/MySqlDataReader.cs:line 487
   at MySqlConnector.Core.CommandExecutor.ExecuteReaderAsync(CommandListPosition commandListPosition, ICommandPayloadCreator payloadCreator, CommandBehavior behavior, Activity activity, IOBehavior ioBehavior, CancellationToken cancellationToken) in /_/src/MySqlConnector/Core/CommandExecutor.cs:line 56
   at MySqlConnector.MySqlCommand.ExecuteReaderAsync(CommandBehavior behavior, IOBehavior ioBehavior, CancellationToken cancellationToken) in /_/src/MySqlConnector/MySqlCommand.cs:line 357
   at MySqlConnector.MySqlCommand.ExecuteDbDataReaderAsync(CommandBehavior behavior, CancellationToken cancellationToken) in /_/src/MySqlConnector/MySqlCommand.cs:line 350
   at Microsoft.EntityFrameworkCore.Storage.RelationalCommand.ExecuteReaderAsync(RelationalCommandParameterObject parameterObject, CancellationToken cancellationToken)
   at Microsoft.EntityFrameworkCore.Storage.RelationalCommand.ExecuteReaderAsync(RelationalCommandParameterObject parameterObject, CancellationToken cancellationToken)
   at Microsoft.EntityFrameworkCore.Update.ReaderModificationCommandBatch.ExecuteAsync(IRelationalConnection connection, CancellationToken cancellationToken)
   --- End of inner exception stack trace ---
   at Microsoft.EntityFrameworkCore.Update.ReaderModificationCommandBatch.ExecuteAsync(IRelationalConnection connection, CancellationToken cancellationToken)
   at Microsoft.EntityFrameworkCore.Update.Internal.BatchExecutor.ExecuteAsync(IEnumerable`1 commandBatches, IRelationalConnection connection, CancellationToken cancellationToken)
   at Microsoft.EntityFrameworkCore.Update.Internal.BatchExecutor.ExecuteAsync(IEnumerable`1 commandBatches, IRelationalConnection connection, CancellationToken cancellationToken)
   at Microsoft.EntityFrameworkCore.Update.Internal.BatchExecutor.ExecuteAsync(IEnumerable`1 commandBatches, IRelationalConnection connection, CancellationToken cancellationToken)
   at Microsoft.EntityFrameworkCore.Storage.RelationalDatabase.SaveChangesAsync(IList`1 entries, CancellationToken cancellationToken)
   at Microsoft.EntityFrameworkCore.ChangeTracking.Internal.StateManager.SaveChangesAsync(IList`1 entriesToSave, CancellationToken cancellationToken)
   at Microsoft.EntityFrameworkCore.ChangeTracking.Internal.StateManager.SaveChangesAsync(StateManager stateManager, Boolean acceptAllChangesOnSuccess, CancellationToken cancellationToken)
   at Pomelo.EntityFrameworkCore.MySql.Storage.Internal.MySqlExecutionStrategy.ExecuteAsync[TState,TResult](TState state, Func`4 operation, Func`4 verifySucceeded, CancellationToken cancellationToken)
   at Microsoft.EntityFrameworkCore.DbContext.SaveChangesAsync(Boolean acceptAllChangesOnSuccess, CancellationToken cancellationToken)
   at Microsoft.EntityFrameworkCore.DbContext.SaveChangesAsync(Boolean acceptAllChangesOnSuccess, CancellationToken cancellationToken)
   at BLUDRSUD.Infrastructure.Persistence.DbSeeder.SeedAsync(BludRsudDbContext db, UserManager`1 userManager, RoleManager`1 roleManager, ILoggerFactory loggerFactory, CancellationToken ct) in D:\sandi\BLUD\src\BLUDRSUD.Infrastructure\Persistence\DbSeeder.cs:line 41
   at Program.<Main>$(String[] args) in D:\sandi\BLUD\src\BLUDRSUD.Web\Program.cs:line 122
2026-08-26 10:21:49.863 +07:00 [INF] Seeded 49 chart-of-accounts entries.
2026-08-26 10:21:49.927 +07:00 [INF] Seeded organization tree.
2026-08-26 10:21:49.971 +07:00 [INF] Seeded cost centers.
2026-08-26 10:21:50.008 +07:00 [INF] Seeded fund sources.
2026-08-26 10:21:50.057 +07:00 [INF] Seeded 2026 accounting periods.
2026-08-26 10:21:50.302 +07:00 [ERR] Failed executing DbCommand (16ms) [Parameters=[@p0='?' (DbType = Guid), @p1='?' (DbType = DateTime), @p2='?' (Size = 100), @p3='?' (Size = 20), @p4='?' (DbType = DateTime), @p5='?' (Size = 100), @p6='?' (DbType = DateTime), @p7='?' (Size = 100), @p8='?' (DbType = DateTime), @p9='?' (DbType = Int32), @p10='?' (DbType = Boolean), @p11='?' (Size = 100), @p12='?' (DbType = Int32), @p13='?' (Size = 20), @p14='?' (DbType = DateTime), @p15='?' (Size = 20), @p16='?' (DbType = DateTime), @p17='?' (Size = 100), @p18='?' (DbType = Guid), @p19='?' (DbType = DateTime), @p20='?' (Size = 100), @p21='?' (Size = 20), @p22='?' (DbType = DateTime), @p23='?' (Size = 100), @p24='?' (DbType = DateTime), @p25='?' (Size = 100), @p26='?' (DbType = DateTime), @p27='?' (DbType = Int32), @p28='?' (DbType = Boolean), @p29='?' (Size = 100), @p30='?' (DbType = Int32), @p31='?' (Size = 20), @p32='?' (DbType = DateTime), @p33='?' (Size = 20), @p34='?' (DbType = DateTime), @p35='?' (Size = 100), @p36='?' (DbType = Guid), @p37='?' (DbType = DateTime), @p38='?' (Size = 100), @p39='?' (Size = 20), @p40='?' (DbType = DateTime), @p41='?' (Size = 100), @p42='?' (DbType = DateTime), @p43='?' (Size = 100), @p44='?' (DbType = DateTime), @p45='?' (DbType = Int32), @p46='?' (DbType = Boolean), @p47='?' (Size = 100), @p48='?' (DbType = Int32), @p49='?' (Size = 20), @p50='?' (DbType = DateTime), @p51='?' (Size = 20), @p52='?' (DbType = DateTime), @p53='?' (Size = 100), @p54='?' (DbType = Guid), @p55='?' (DbType = DateTime), @p56='?' (Size = 100), @p57='?' (Size = 20), @p58='?' (DbType = DateTime), @p59='?' (Size = 100), @p60='?' (DbType = DateTime), @p61='?' (Size = 100), @p62='?' (DbType = DateTime), @p63='?' (DbType = Int32), @p64='?' (DbType = Boolean), @p65='?' (Size = 100), @p66='?' (DbType = Int32), @p67='?' (Size = 20), @p68='?' (DbType = DateTime), @p69='?' (Size = 20), @p70='?' (DbType = DateTime), @p71='?' (Size = 100), @p72='?' (DbType = Guid), @p73='?' (DbType = DateTime), @p74='?' (Size = 100), @p75='?' (Size = 20), @p76='?' (DbType = DateTime), @p77='?' (Size = 100), @p78='?' (DbType = DateTime), @p79='?' (Size = 100), @p80='?' (DbType = DateTime), @p81='?' (DbType = Int32), @p82='?' (DbType = Boolean), @p83='?' (Size = 100), @p84='?' (DbType = Int32), @p85='?' (Size = 20), @p86='?' (DbType = DateTime), @p87='?' (Size = 20), @p88='?' (DbType = DateTime), @p89='?' (Size = 100), @p90='?' (DbType = Guid), @p91='?' (DbType = DateTime), @p92='?' (Size = 100), @p93='?' (Size = 20), @p94='?' (DbType = DateTime), @p95='?' (Size = 100), @p96='?' (DbType = DateTime), @p97='?' (Size = 100), @p98='?' (DbType = DateTime), @p99='?' (DbType = Int32), @p100='?' (DbType = Boolean), @p101='?' (Size = 100), @p102='?' (DbType = Int32), @p103='?' (Size = 20), @p104='?' (DbType = DateTime), @p105='?' (Size = 20), @p106='?' (DbType = DateTime), @p107='?' (Size = 100), @p108='?' (DbType = Guid), @p109='?' (DbType = DateTime), @p110='?' (Size = 100), @p111='?' (Size = 20), @p112='?' (DbType = DateTime), @p113='?' (Size = 100), @p114='?' (DbType = DateTime), @p115='?' (Size = 100), @p116='?' (DbType = DateTime), @p117='?' (DbType = Int32), @p118='?' (DbType = Boolean), @p119='?' (Size = 100), @p120='?' (DbType = Int32), @p121='?' (Size = 20), @p122='?' (DbType = DateTime), @p123='?' (Size = 20), @p124='?' (DbType = DateTime), @p125='?' (Size = 100), @p126='?' (DbType = Guid), @p127='?' (DbType = DateTime), @p128='?' (Size = 100), @p129='?' (Size = 20), @p130='?' (DbType = DateTime), @p131='?' (Size = 100), @p132='?' (DbType = DateTime), @p133='?' (Size = 100), @p134='?' (DbType = DateTime), @p135='?' (DbType = Int32), @p136='?' (DbType = Boolean), @p137='?' (Size = 100), @p138='?' (DbType = Int32), @p139='?' (Size = 20), @p140='?' (DbType = DateTime), @p141='?' (Size = 20), @p142='?' (DbType = DateTime), @p143='?' (Size = 100), @p144='?' (DbType = Guid), @p145='?' (DbType = DateTime), @p146='?' (Size = 100), @p147='?' (Size = 20), @p148='?' (DbType = DateTime), @p149='?' (Size = 100), @p150='?' (DbType = DateTime), @p151='?' (Size = 100), @p152='?' (DbType = DateTime), @p153='?' (DbType = Int32), @p154='?' (DbType = Boolean), @p155='?' (Size = 100), @p156='?' (DbType = Int32), @p157='?' (Size = 20), @p158='?' (DbType = DateTime), @p159='?' (Size = 20), @p160='?' (DbType = DateTime), @p161='?' (Size = 100), @p162='?' (DbType = Guid), @p163='?' (DbType = DateTime), @p164='?' (Size = 100), @p165='?' (Size = 20), @p166='?' (DbType = DateTime), @p167='?' (Size = 100), @p168='?' (DbType = DateTime), @p169='?' (Size = 100), @p170='?' (DbType = DateTime), @p171='?' (DbType = Int32), @p172='?' (DbType = Boolean), @p173='?' (Size = 100), @p174='?' (DbType = Int32), @p175='?' (Size = 20), @p176='?' (DbType = DateTime), @p177='?' (Size = 20), @p178='?' (DbType = DateTime), @p179='?' (Size = 100), @p180='?' (DbType = Guid), @p181='?' (DbType = DateTime), @p182='?' (Size = 100), @p183='?' (Size = 20), @p184='?' (DbType = DateTime), @p185='?' (Size = 100), @p186='?' (DbType = DateTime), @p187='?' (Size = 100), @p188='?' (DbType = DateTime), @p189='?' (DbType = Int32), @p190='?' (DbType = Boolean), @p191='?' (Size = 100), @p192='?' (DbType = Int32), @p193='?' (Size = 20), @p194='?' (DbType = DateTime), @p195='?' (Size = 20), @p196='?' (DbType = DateTime), @p197='?' (Size = 100), @p198='?' (DbType = Guid), @p199='?' (DbType = DateTime), @p200='?' (Size = 100), @p201='?' (Size = 20), @p202='?' (DbType = DateTime), @p203='?' (Size = 100), @p204='?' (DbType = DateTime), @p205='?' (Size = 100), @p206='?' (DbType = DateTime), @p207='?' (DbType = Int32), @p208='?' (DbType = Boolean), @p209='?' (Size = 100), @p210='?' (DbType = Int32), @p211='?' (Size = 20), @p212='?' (DbType = DateTime), @p213='?' (Size = 20), @p214='?' (DbType = DateTime), @p215='?' (Size = 100), @p216='?' (DbType = Guid), @p217='?' (DbType = DateTime), @p218='?' (Size = 100), @p219='?' (Size = 20), @p220='?' (DbType = DateTime), @p221='?' (Size = 100), @p222='?' (DbType = DateTime), @p223='?' (Size = 100), @p224='?' (DbType = DateTime), @p225='?' (DbType = Int32), @p226='?' (DbType = Boolean), @p227='?' (Size = 100), @p228='?' (DbType = Int32), @p229='?' (Size = 20), @p230='?' (DbType = DateTime), @p231='?' (Size = 20), @p232='?' (DbType = DateTime), @p233='?' (Size = 100), @p234='?' (DbType = Guid), @p235='?' (Size = 30), @p236='?' (DbType = Boolean), @p237='?' (Size = 50), @p238='?' (DbType = DateTime), @p239='?' (Size = 100), @p240='?' (DbType = DateTime), @p241='?' (Size = 100), @p242='?' (Size = 50), @p243='?' (DbType = Boolean), @p244='?' (DbType = Boolean), @p245='?' (DbType = Int32), @p246='?' (Size = 255), @p247='?' (Size = 10), @p248='?' (DbType = Guid), @p249='?' (Size = 40), @p250='?' (DbType = DateTime), @p251='?' (Size = 100), @p252='?' (DbType = Guid), @p253='?' (Size = 30), @p254='?' (DbType = Boolean), @p255='?' (Size = 50), @p256='?' (DbType = DateTime), @p257='?' (Size = 100), @p258='?' (DbType = DateTime), @p259='?' (Size = 100), @p260='?' (Size = 50), @p261='?' (DbType = Boolean), @p262='?' (DbType = Boolean), @p263='?' (DbType = Int32), @p264='?' (Size = 255), @p265='?' (Size = 10), @p266='?' (DbType = Guid), @p267='?' (Size = 40), @p268='?' (DbType = DateTime), @p269='?' (Size = 100), @p270='?' (DbType = Guid), @p271='?' (Size = 30), @p272='?' (DbType = Boolean), @p273='?' (Size = 50), @p274='?' (DbType = DateTime), @p275='?' (Size = 100), @p276='?' (DbType = DateTime), @p277='?' (Size = 100), @p278='?' (Size = 50), @p279='?' (DbType = Boolean), @p280='?' (DbType = Boolean), @p281='?' (DbType = Int32), @p282='?' (Size = 255), @p283='?' (Size = 10), @p284='?' (DbType = Guid), @p285='?' (Size = 40), @p286='?' (DbType = DateTime), @p287='?' (Size = 100), @p288='?' (DbType = Guid), @p289='?' (Size = 30), @p290='?' (DbType = Boolean), @p291='?' (Size = 50), @p292='?' (DbType = DateTime), @p293='?' (Size = 100), @p294='?' (DbType = DateTime), @p295='?' (Size = 100), @p296='?' (Size = 50), @p297='?' (DbType = Boolean), @p298='?' (DbType = Boolean), @p299='?' (DbType = Int32), @p300='?' (Size = 255), @p301='?' (Size = 10), @p302='?' (DbType = Guid), @p303='?' (Size = 40), @p304='?' (DbType = DateTime), @p305='?' (Size = 100), @p306='?' (DbType = Guid), @p307='?' (Size = 30), @p308='?' (DbType = Boolean), @p309='?' (Size = 50), @p310='?' (DbType = DateTime), @p311='?' (Size = 100), @p312='?' (DbType = DateTime), @p313='?' (Size = 100), @p314='?' (Size = 50), @p315='?' (DbType = Boolean), @p316='?' (DbType = Boolean), @p317='?' (DbType = Int32), @p318='?' (Size = 255), @p319='?' (Size = 10), @p320='?' (DbType = Guid), @p321='?' (Size = 40), @p322='?' (DbType = DateTime), @p323='?' (Size = 100), @p324='?' (DbType = Guid), @p325='?' (Size = 30), @p326='?' (DbType = Boolean), @p327='?' (Size = 50), @p328='?' (DbType = DateTime), @p329='?' (Size = 100), @p330='?' (DbType = DateTime), @p331='?' (Size = 100), @p332='?' (Size = 50), @p333='?' (DbType = Boolean), @p334='?' (DbType = Boolean), @p335='?' (DbType = Int32), @p336='?' (Size = 255), @p337='?' (Size = 10), @p338='?' (DbType = Guid), @p339='?' (Size = 40), @p340='?' (DbType = DateTime), @p341='?' (Size = 100), @p342='?' (DbType = Guid), @p343='?' (Size = 30), @p344='?' (DbType = Boolean), @p345='?' (Size = 50), @p346='?' (DbType = DateTime), @p347='?' (Size = 100), @p348='?' (DbType = DateTime), @p349='?' (Size = 100), @p350='?' (Size = 50), @p351='?' (DbType = Boolean), @p352='?' (DbType = Boolean), @p353='?' (DbType = Int32), @p354='?' (Size = 255), @p355='?' (Size = 10), @p356='?' (DbType = Guid), @p357='?' (Size = 40), @p358='?' (DbType = DateTime), @p359='?' (Size = 100), @p360='?' (DbType = Guid), @p361='?' (Size = 50), @p362='?' (Size = 50), @p363='?' (DbType = DateTime), @p364='?' (Size = 100), @p365='?' (DbType = DateTime), @p366='?' (Size = 100), @p367='?' (Size = 500), @p368='?' (DbType = Boolean), @p369='?' (Size = 255), @p370='?' (DbType = Guid), @p371='?' (DbType = Guid), @p372='?' (DbType = DateTime), @p373='?' (Size = 100), @p374='?' (DbType = Guid), @p375='?' (Size = 50), @p376='?' (Size = 50), @p377='?' (DbType = DateTime), @p378='?' (Size = 100), @p379='?' (DbType = DateTime), @p380='?' (Size = 100), @p381='?' (Size = 500), @p382='?' (DbType = Boolean), @p383='?' (Size = 255), @p384='?' (DbType = Guid), @p385='?' (DbType = Guid), @p386='?' (DbType = DateTime), @p387='?' (Size = 100), @p388='?' (DbType = Guid), @p389='?' (Size = 50), @p390='?' (Size = 50), @p391='?' (DbType = DateTime), @p392='?' (Size = 100), @p393='?' (DbType = DateTime), @p394='?' (Size = 100), @p395='?' (Size = 500), @p396='?' (DbType = Boolean), @p397='?' (Size = 255), @p398='?' (DbType = Guid), @p399='?' (DbType = Guid), @p400='?' (DbType = DateTime), @p401='?' (Size = 100), @p402='?' (DbType = Guid), @p403='?' (Size = 50), @p404='?' (Size = 50), @p405='?' (DbType = DateTime), @p406='?' (Size = 100), @p407='?' (DbType = DateTime), @p408='?' (Size = 100), @p409='?' (Size = 500), @p410='?' (DbType = Boolean), @p411='?' (Size = 255), @p412='?' (DbType = Guid), @p413='?' (DbType = Guid), @p414='?' (DbType = DateTime), @p415='?' (Size = 100), @p416='?' (DbType = Guid), @p417='?' (Size = 50), @p418='?' (Size = 50), @p419='?' (DbType = DateTime), @p420='?' (Size = 100), @p421='?' (DbType = DateTime), @p422='?' (Size = 100), @p423='?' (Size = 500), @p424='?' (DbType = Boolean), @p425='?' (Size = 255), @p426='?' (DbType = Guid), @p427='?' (DbType = Guid), @p428='?' (DbType = DateTime), @p429='?' (Size = 100), @p430='?' (DbType = Guid), @p431='?' (Size = 50), @p432='?' (Size = 50), @p433='?' (DbType = DateTime), @p434='?' (Size = 100), @p435='?' (DbType = DateTime), @p436='?' (Size = 100), @p437='?' (Size = 500), @p438='?' (DbType = Boolean), @p439='?' (Size = 255), @p440='?' (DbType = Guid), @p441='?' (DbType = Guid), @p442='?' (DbType = DateTime), @p443='?' (Size = 100), @p444='?' (DbType = Guid), @p445='?' (Size = 50), @p446='?' (Size = 50), @p447='?' (DbType = DateTime), @p448='?' (Size = 100), @p449='?' (DbType = DateTime), @p450='?' (Size = 100), @p451='?' (Size = 500), @p452='?' (DbType = Boolean), @p453='?' (Size = 255), @p454='?' (DbType = Guid), @p455='?' (DbType = Guid), @p456='?' (DbType = DateTime), @p457='?' (Size = 100), @p458='?' (DbType = Guid), @p459='?' (Size = 50), @p460='?' (DbType = DateTime), @p461='?' (Size = 100), @p462='?' (DbType = DateTime), @p463='?' (Size = 100), @p464='?' (Size = 500), @p465='?' (Size = 50), @p466='?' (DbType = Boolean), @p467='?' (Size = 255), @p468='?' (DbType = Guid), @p469='?' (DbType = DateTime), @p470='?' (Size = 100), @p471='?' (DbType = Guid), @p472='?' (Size = 50), @p473='?' (DbType = DateTime), @p474='?' (Size = 100), @p475='?' (DbType = DateTime), @p476='?' (Size = 100), @p477='?' (Size = 500), @p478='?' (Size = 50), @p479='?' (DbType = Boolean), @p480='?' (Size = 255), @p481='?' (DbType = Guid), @p482='?' (DbType = DateTime), @p483='?' (Size = 100), @p484='?' (DbType = Guid), @p485='?' (Size = 50), @p486='?' (DbType = DateTime), @p487='?' (Size = 100), @p488='?' (DbType = DateTime), @p489='?' (Size = 100), @p490='?' (Size = 500), @p491='?' (Size = 50), @p492='?' (DbType = Boolean), @p493='?' (Size = 255), @p494='?' (DbType = Guid), @p495='?' (DbType = DateTime), @p496='?' (Size = 100), @p497='?' (DbType = Guid), @p498='?' (Size = 50), @p499='?' (DbType = DateTime), @p500='?' (Size = 100), @p501='?' (DbType = DateTime), @p502='?' (Size = 100), @p503='?' (Size = 500), @p504='?' (Size = 50), @p505='?' (DbType = Boolean), @p506='?' (Size = 255), @p507='?' (DbType = Guid), @p508='?' (DbType = DateTime), @p509='?' (Size = 100), @p510='?' (DbType = Guid), @p511='?' (Size = 50), @p512='?' (DbType = DateTime), @p513='?' (Size = 100), @p514='?' (DbType = DateTime), @p515='?' (Size = 100), @p516='?' (Size = 500), @p517='?' (Size = 50), @p518='?' (DbType = Boolean), @p519='?' (Size = 255), @p520='?' (DbType = Guid), @p521='?' (DbType = DateTime), @p522='?' (Size = 100), @p523='?' (DbType = Guid), @p524='?' (Size = 50), @p525='?' (DbType = DateTime), @p526='?' (Size = 100), @p527='?' (DbType = DateTime), @p528='?' (Size = 100), @p529='?' (Size = 200), @p530='?' (DbType = Boolean), @p531='?' (DbType = Int32), @p532='?' (Size = 255), @p533='?' (Size = 50), @p534='?' (DbType = Guid), @p535='?' (DbType = DateTime), @p536='?' (Size = 100), @p537='?' (DbType = Guid), @p538='?' (Size = 30), @p539='?' (DbType = Boolean), @p540='?' (Size = 50), @p541='?' (DbType = DateTime), @p542='?' (Size = 100), @p543='?' (DbType = DateTime), @p544='?' (Size = 100), @p545='?' (Size = 50), @p546='?' (DbType = Boolean), @p547='?' (DbType = Boolean), @p548='?' (DbType = Int32), @p549='?' (Size = 255), @p550='?' (Size = 10), @p551='?' (DbType = Guid), @p552='?' (Size = 40), @p553='?' (DbType = DateTime), @p554='?' (Size = 100), @p555='?' (DbType = Guid), @p556='?' (Size = 30), @p557='?' (DbType = Boolean), @p558='?' (Size = 50), @p559='?' (DbType = DateTime), @p560='?' (Size = 100), @p561='?' (DbType = DateTime), @p562='?' (Size = 100), @p563='?' (Size = 50), @p564='?' (DbType = Boolean), @p565='?' (DbType = Boolean), @p566='?' (DbType = Int32), @p567='?' (Size = 255), @p568='?' (Size = 10), @p569='?' (DbType = Guid), @p570='?' (Size = 40), @p571='?' (DbType = DateTime), @p572='?' (Size = 100), @p573='?' (DbType = Guid), @p574='?' (Size = 30), @p575='?' (DbType = Boolean), @p576='?' (Size = 50), @p577='?' (DbType = DateTime), @p578='?' (Size = 100), @p579='?' (DbType = DateTime), @p580='?' (Size = 100), @p581='?' (Size = 50), @p582='?' (DbType = Boolean), @p583='?' (DbType = Boolean), @p584='?' (DbType = Int32), @p585='?' (Size = 255), @p586='?' (Size = 10), @p587='?' (DbType = Guid), @p588='?' (Size = 40), @p589='?' (DbType = DateTime), @p590='?' (Size = 100), @p591='?' (DbType = Guid), @p592='?' (Size = 30), @p593='?' (DbType = Boolean), @p594='?' (Size = 50), @p595='?' (DbType = DateTime), @p596='?' (Size = 100), @p597='?' (DbType = DateTime), @p598='?' (Size = 100), @p599='?' (Size = 50), @p600='?' (DbType = Boolean), @p601='?' (DbType = Boolean), @p602='?' (DbType = Int32), @p603='?' (Size = 255), @p604='?' (Size = 10), @p605='?' (DbType = Guid), @p606='?' (Size = 40), @p607='?' (DbType = DateTime), @p608='?' (Size = 100), @p609='?' (DbType = Guid), @p610='?' (Size = 30), @p611='?' (DbType = Boolean), @p612='?' (Size = 50), @p613='?' (DbType = DateTime), @p614='?' (Size = 100), @p615='?' (DbType = DateTime), @p616='?' (Size = 100), @p617='?' (Size = 50), @p618='?' (DbType = Boolean), @p619='?' (DbType = Boolean), @p620='?' (DbType = Int32), @p621='?' (Size = 255), @p622='?' (Size = 10), @p623='?' (DbType = Guid), @p624='?' (Size = 40), @p625='?' (DbType = DateTime), @p626='?' (Size = 100), @p627='?' (DbType = Guid), @p628='?' (Size = 30), @p629='?' (DbType = Boolean), @p630='?' (Size = 50), @p631='?' (DbType = DateTime), @p632='?' (Size = 100), @p633='?' (DbType = DateTime), @p634='?' (Size = 100), @p635='?' (Size = 50), @p636='?' (DbType = Boolean), @p637='?' (DbType = Boolean), @p638='?' (DbType = Int32), @p639='?' (Size = 255), @p640='?' (Size = 10), @p641='?' (DbType = Guid), @p642='?' (Size = 40), @p643='?' (DbType = DateTime), @p644='?' (Size = 100), @p645='?' (DbType = Guid), @p646='?' (Size = 30), @p647='?' (DbType = Boolean), @p648='?' (Size = 50), @p649='?' (DbType = DateTime), @p650='?' (Size = 100), @p651='?' (DbType = DateTime), @p652='?' (Size = 100), @p653='?' (Size = 50), @p654='?' (DbType = Boolean), @p655='?' (DbType = Boolean), @p656='?' (DbType = Int32), @p657='?' (Size = 255), @p658='?' (Size = 10), @p659='?' (DbType = Guid), @p660='?' (Size = 40), @p661='?' (DbType = DateTime), @p662='?' (Size = 100), @p663='?' (DbType = Guid), @p664='?' (Size = 30), @p665='?' (DbType = Boolean), @p666='?' (Size = 50), @p667='?' (DbType = DateTime), @p668='?' (Size = 100), @p669='?' (DbType = DateTime), @p670='?' (Size = 100), @p671='?' (Size = 50), @p672='?' (DbType = Boolean), @p673='?' (DbType = Boolean), @p674='?' (DbType = Int32), @p675='?' (Size = 255), @p676='?' (Size = 10), @p677='?' (DbType = Guid), @p678='?' (Size = 40), @p679='?' (DbType = DateTime), @p680='?' (Size = 100), @p681='?' (DbType = Guid), @p682='?' (Size = 30), @p683='?' (DbType = Boolean), @p684='?' (Size = 50), @p685='?' (DbType = DateTime), @p686='?' (Size = 100), @p687='?' (DbType = DateTime), @p688='?' (Size = 100), @p689='?' (Size = 50), @p690='?' (DbType = Boolean), @p691='?' (DbType = Boolean), @p692='?' (DbType = Int32), @p693='?' (Size = 255), @p694='?' (Size = 10), @p695='?' (DbType = Guid), @p696='?' (Size = 40), @p697='?' (DbType = DateTime), @p698='?' (Size = 100)], CommandType='"Text"', CommandTimeout='30']
INSERT INTO `accounting_periods` (`Id`, `ClosedAt`, `ClosedBy`, `Code`, `CreatedAt`, `CreatedBy`, `DeletedAt`, `DeletedBy`, `EndDate`, `FiscalYear`, `IsCurrent`, `Name`, `PeriodNumber`, `PeriodType`, `StartDate`, `Status`, `UpdatedAt`, `UpdatedBy`)
VALUES (@p0, @p1, @p2, @p3, @p4, @p5, @p6, @p7, @p8, @p9, @p10, @p11, @p12, @p13, @p14, @p15, @p16, @p17);
SELECT `RowVersion`
FROM `accounting_periods`
WHERE ROW_COUNT() = 1 AND `Id` = @p0;

INSERT INTO `accounting_periods` (`Id`, `ClosedAt`, `ClosedBy`, `Code`, `CreatedAt`, `CreatedBy`, `DeletedAt`, `DeletedBy`, `EndDate`, `FiscalYear`, `IsCurrent`, `Name`, `PeriodNumber`, `PeriodType`, `StartDate`, `Status`, `UpdatedAt`, `UpdatedBy`)
VALUES (@p18, @p19, @p20, @p21, @p22, @p23, @p24, @p25, @p26, @p27, @p28, @p29, @p30, @p31, @p32, @p33, @p34, @p35);
SELECT `RowVersion`
FROM `accounting_periods`
WHERE ROW_COUNT() = 1 AND `Id` = @p18;

INSERT INTO `accounting_periods` (`Id`, `ClosedAt`, `ClosedBy`, `Code`, `CreatedAt`, `CreatedBy`, `DeletedAt`, `DeletedBy`, `EndDate`, `FiscalYear`, `IsCurrent`, `Name`, `PeriodNumber`, `PeriodType`, `StartDate`, `Status`, `UpdatedAt`, `UpdatedBy`)
VALUES (@p36, @p37, @p38, @p39, @p40, @p41, @p42, @p43, @p44, @p45, @p46, @p47, @p48, @p49, @p50, @p51, @p52, @p53);
SELECT `RowVersion`
FROM `accounting_periods`
WHERE ROW_COUNT() = 1 AND `Id` = @p36;

INSERT INTO `accounting_periods` (`Id`, `ClosedAt`, `ClosedBy`, `Code`, `CreatedAt`, `CreatedBy`, `DeletedAt`, `DeletedBy`, `EndDate`, `FiscalYear`, `IsCurrent`, `Name`, `PeriodNumber`, `PeriodType`, `StartDate`, `Status`, `UpdatedAt`, `UpdatedBy`)
VALUES (@p54, @p55, @p56, @p57, @p58, @p59, @p60, @p61, @p62, @p63, @p64, @p65, @p66, @p67, @p68, @p69, @p70, @p71);
SELECT `RowVersion`
FROM `accounting_periods`
WHERE ROW_COUNT() = 1 AND `Id` = @p54;

INSERT INTO `accounting_periods` (`Id`, `ClosedAt`, `ClosedBy`, `Code`, `CreatedAt`, `CreatedBy`, `DeletedAt`, `DeletedBy`, `EndDate`, `FiscalYear`, `IsCurrent`, `Name`, `PeriodNumber`, `PeriodType`, `StartDate`, `Status`, `UpdatedAt`, `UpdatedBy`)
VALUES (@p72, @p73, @p74, @p75, @p76, @p77, @p78, @p79, @p80, @p81, @p82, @p83, @p84, @p85, @p86, @p87, @p88, @p89);
SELECT `RowVersion`
FROM `accounting_periods`
WHERE ROW_COUNT() = 1 AND `Id` = @p72;

INSERT INTO `accounting_periods` (`Id`, `ClosedAt`, `ClosedBy`, `Code`, `CreatedAt`, `CreatedBy`, `DeletedAt`, `DeletedBy`, `EndDate`, `FiscalYear`, `IsCurrent`, `Name`, `PeriodNumber`, `PeriodType`, `StartDate`, `Status`, `UpdatedAt`, `UpdatedBy`)
VALUES (@p90, @p91, @p92, @p93, @p94, @p95, @p96, @p97, @p98, @p99, @p100, @p101, @p102, @p103, @p104, @p105, @p106, @p107);
SELECT `RowVersion`
FROM `accounting_periods`
WHERE ROW_COUNT() = 1 AND `Id` = @p90;

INSERT INTO `accounting_periods` (`Id`, `ClosedAt`, `ClosedBy`, `Code`, `CreatedAt`, `CreatedBy`, `DeletedAt`, `DeletedBy`, `EndDate`, `FiscalYear`, `IsCurrent`, `Name`, `PeriodNumber`, `PeriodType`, `StartDate`, `Status`, `UpdatedAt`, `UpdatedBy`)
VALUES (@p108, @p109, @p110, @p111, @p112, @p113, @p114, @p115, @p116, @p117, @p118, @p119, @p120, @p121, @p122, @p123, @p124, @p125);
SELECT `RowVersion`
FROM `accounting_periods`
WHERE ROW_COUNT() = 1 AND `Id` = @p108;

INSERT INTO `accounting_periods` (`Id`, `ClosedAt`, `ClosedBy`, `Code`, `CreatedAt`, `CreatedBy`, `DeletedAt`, `DeletedBy`, `EndDate`, `FiscalYear`, `IsCurrent`, `Name`, `PeriodNumber`, `PeriodType`, `StartDate`, `Status`, `UpdatedAt`, `UpdatedBy`)
VALUES (@p126, @p127, @p128, @p129, @p130, @p131, @p132, @p133, @p134, @p135, @p136, @p137, @p138, @p139, @p140, @p141, @p142, @p143);
SELECT `RowVersion`
FROM `accounting_periods`
WHERE ROW_COUNT() = 1 AND `Id` = @p126;

INSERT INTO `accounting_periods` (`Id`, `ClosedAt`, `ClosedBy`, `Code`, `CreatedAt`, `CreatedBy`, `DeletedAt`, `DeletedBy`, `EndDate`, `FiscalYear`, `IsCurrent`, `Name`, `PeriodNumber`, `PeriodType`, `StartDate`, `Status`, `UpdatedAt`, `UpdatedBy`)
VALUES (@p144, @p145, @p146, @p147, @p148, @p149, @p150, @p151, @p152, @p153, @p154, @p155, @p156, @p157, @p158, @p159, @p160, @p161);
SELECT `RowVersion`
FROM `accounting_periods`
WHERE ROW_COUNT() = 1 AND `Id` = @p144;

INSERT INTO `accounting_periods` (`Id`, `ClosedAt`, `ClosedBy`, `Code`, `CreatedAt`, `CreatedBy`, `DeletedAt`, `DeletedBy`, `EndDate`, `FiscalYear`, `IsCurrent`, `Name`, `PeriodNumber`, `PeriodType`, `StartDate`, `Status`, `UpdatedAt`, `UpdatedBy`)
VALUES (@p162, @p163, @p164, @p165, @p166, @p167, @p168, @p169, @p170, @p171, @p172, @p173, @p174, @p175, @p176, @p177, @p178, @p179);
SELECT `RowVersion`
FROM `accounting_periods`
WHERE ROW_COUNT() = 1 AND `Id` = @p162;

INSERT INTO `accounting_periods` (`Id`, `ClosedAt`, `ClosedBy`, `Code`, `CreatedAt`, `CreatedBy`, `DeletedAt`, `DeletedBy`, `EndDate`, `FiscalYear`, `IsCurrent`, `Name`, `PeriodNumber`, `PeriodType`, `StartDate`, `Status`, `UpdatedAt`, `UpdatedBy`)
VALUES (@p180, @p181, @p182, @p183, @p184, @p185, @p186, @p187, @p188, @p189, @p190, @p191, @p192, @p193, @p194, @p195, @p196, @p197);
SELECT `RowVersion`
FROM `accounting_periods`
WHERE ROW_COUNT() = 1 AND `Id` = @p180;

INSERT INTO `accounting_periods` (`Id`, `ClosedAt`, `ClosedBy`, `Code`, `CreatedAt`, `CreatedBy`, `DeletedAt`, `DeletedBy`, `EndDate`, `FiscalYear`, `IsCurrent`, `Name`, `PeriodNumber`, `PeriodType`, `StartDate`, `Status`, `UpdatedAt`, `UpdatedBy`)
VALUES (@p198, @p199, @p200, @p201, @p202, @p203, @p204, @p205, @p206, @p207, @p208, @p209, @p210, @p211, @p212, @p213, @p214, @p215);
SELECT `RowVersion`
FROM `accounting_periods`
WHERE ROW_COUNT() = 1 AND `Id` = @p198;

INSERT INTO `accounting_periods` (`Id`, `ClosedAt`, `ClosedBy`, `Code`, `CreatedAt`, `CreatedBy`, `DeletedAt`, `DeletedBy`, `EndDate`, `FiscalYear`, `IsCurrent`, `Name`, `PeriodNumber`, `PeriodType`, `StartDate`, `Status`, `UpdatedAt`, `UpdatedBy`)
VALUES (@p216, @p217, @p218, @p219, @p220, @p221, @p222, @p223, @p224, @p225, @p226, @p227, @p228, @p229, @p230, @p231, @p232, @p233);
SELECT `RowVersion`
FROM `accounting_periods`
WHERE ROW_COUNT() = 1 AND `Id` = @p216;

INSERT INTO `accounts` (`Id`, `AccountType`, `AllowPosting`, `Code`, `CreatedAt`, `CreatedBy`, `DeletedAt`, `DeletedBy`, `ExternalCode`, `IsActive`, `IsHeader`, `Level`, `Name`, `NormalBalance`, `ParentId`, `ReportMapping`, `UpdatedAt`, `UpdatedBy`)
VALUES (@p234, @p235, @p236, @p237, @p238, @p239, @p240, @p241, @p242, @p243, @p244, @p245, @p246, @p247, @p248, @p249, @p250, @p251);
SELECT `RowVersion`
FROM `accounts`
WHERE ROW_COUNT() = 1 AND `Id` = @p234;

INSERT INTO `accounts` (`Id`, `AccountType`, `AllowPosting`, `Code`, `CreatedAt`, `CreatedBy`, `DeletedAt`, `DeletedBy`, `ExternalCode`, `IsActive`, `IsHeader`, `Level`, `Name`, `NormalBalance`, `ParentId`, `ReportMapping`, `UpdatedAt`, `UpdatedBy`)
VALUES (@p252, @p253, @p254, @p255, @p256, @p257, @p258, @p259, @p260, @p261, @p262, @p263, @p264, @p265, @p266, @p267, @p268, @p269);
SELECT `RowVersion`
FROM `accounts`
WHERE ROW_COUNT() = 1 AND `Id` = @p252;

INSERT INTO `accounts` (`Id`, `AccountType`, `AllowPosting`, `Code`, `CreatedAt`, `CreatedBy`, `DeletedAt`, `DeletedBy`, `ExternalCode`, `IsActive`, `IsHeader`, `Level`, `Name`, `NormalBalance`, `ParentId`, `ReportMapping`, `UpdatedAt`, `UpdatedBy`)
VALUES (@p270, @p271, @p272, @p273, @p274, @p275, @p276, @p277, @p278, @p279, @p280, @p281, @p282, @p283, @p284, @p285, @p286, @p287);
SELECT `RowVersion`
FROM `accounts`
WHERE ROW_COUNT() = 1 AND `Id` = @p270;

INSERT INTO `accounts` (`Id`, `AccountType`, `AllowPosting`, `Code`, `CreatedAt`, `CreatedBy`, `DeletedAt`, `DeletedBy`, `ExternalCode`, `IsActive`, `IsHeader`, `Level`, `Name`, `NormalBalance`, `ParentId`, `ReportMapping`, `UpdatedAt`, `UpdatedBy`)
VALUES (@p288, @p289, @p290, @p291, @p292, @p293, @p294, @p295, @p296, @p297, @p298, @p299, @p300, @p301, @p302, @p303, @p304, @p305);
SELECT `RowVersion`
FROM `accounts`
WHERE ROW_COUNT() = 1 AND `Id` = @p288;

INSERT INTO `accounts` (`Id`, `AccountType`, `AllowPosting`, `Code`, `CreatedAt`, `CreatedBy`, `DeletedAt`, `DeletedBy`, `ExternalCode`, `IsActive`, `IsHeader`, `Level`, `Name`, `NormalBalance`, `ParentId`, `ReportMapping`, `UpdatedAt`, `UpdatedBy`)
VALUES (@p306, @p307, @p308, @p309, @p310, @p311, @p312, @p313, @p314, @p315, @p316, @p317, @p318, @p319, @p320, @p321, @p322, @p323);
SELECT `RowVersion`
FROM `accounts`
WHERE ROW_COUNT() = 1 AND `Id` = @p306;

INSERT INTO `accounts` (`Id`, `AccountType`, `AllowPosting`, `Code`, `CreatedAt`, `CreatedBy`, `DeletedAt`, `DeletedBy`, `ExternalCode`, `IsActive`, `IsHeader`, `Level`, `Name`, `NormalBalance`, `ParentId`, `ReportMapping`, `UpdatedAt`, `UpdatedBy`)
VALUES (@p324, @p325, @p326, @p327, @p328, @p329, @p330, @p331, @p332, @p333, @p334, @p335, @p336, @p337, @p338, @p339, @p340, @p341);
SELECT `RowVersion`
FROM `accounts`
WHERE ROW_COUNT() = 1 AND `Id` = @p324;

INSERT INTO `accounts` (`Id`, `AccountType`, `AllowPosting`, `Code`, `CreatedAt`, `CreatedBy`, `DeletedAt`, `DeletedBy`, `ExternalCode`, `IsActive`, `IsHeader`, `Level`, `Name`, `NormalBalance`, `ParentId`, `ReportMapping`, `UpdatedAt`, `UpdatedBy`)
VALUES (@p342, @p343, @p344, @p345, @p346, @p347, @p348, @p349, @p350, @p351, @p352, @p353, @p354, @p355, @p356, @p357, @p358, @p359);
SELECT `RowVersion`
FROM `accounts`
WHERE ROW_COUNT() = 1 AND `Id` = @p342;

INSERT INTO `cost_centers` (`Id`, `Code`, `CostCenterType`, `CreatedAt`, `CreatedBy`, `DeletedAt`, `DeletedBy`, `Description`, `IsActive`, `Name`, `OrganizationId`, `ParentId`, `UpdatedAt`, `UpdatedBy`)
VALUES (@p360, @p361, @p362, @p363, @p364, @p365, @p366, @p367, @p368, @p369, @p370, @p371, @p372, @p373),
(@p374, @p375, @p376, @p377, @p378, @p379, @p380, @p381, @p382, @p383, @p384, @p385, @p386, @p387),
(@p388, @p389, @p390, @p391, @p392, @p393, @p394, @p395, @p396, @p397, @p398, @p399, @p400, @p401),
(@p402, @p403, @p404, @p405, @p406, @p407, @p408, @p409, @p410, @p411, @p412, @p413, @p414, @p415),
(@p416, @p417, @p418, @p419, @p420, @p421, @p422, @p423, @p424, @p425, @p426, @p427, @p428, @p429),
(@p430, @p431, @p432, @p433, @p434, @p435, @p436, @p437, @p438, @p439, @p440, @p441, @p442, @p443),
(@p444, @p445, @p446, @p447, @p448, @p449, @p450, @p451, @p452, @p453, @p454, @p455, @p456, @p457);
INSERT INTO `fund_sources` (`Id`, `Code`, `CreatedAt`, `CreatedBy`, `DeletedAt`, `DeletedBy`, `Description`, `FundCategory`, `IsActive`, `Name`, `ParentId`, `UpdatedAt`, `UpdatedBy`)
VALUES (@p458, @p459, @p460, @p461, @p462, @p463, @p464, @p465, @p466, @p467, @p468, @p469, @p470),
(@p471, @p472, @p473, @p474, @p475, @p476, @p477, @p478, @p479, @p480, @p481, @p482, @p483),
(@p484, @p485, @p486, @p487, @p488, @p489, @p490, @p491, @p492, @p493, @p494, @p495, @p496),
(@p497, @p498, @p499, @p500, @p501, @p502, @p503, @p504, @p505, @p506, @p507, @p508, @p509),
(@p510, @p511, @p512, @p513, @p514, @p515, @p516, @p517, @p518, @p519, @p520, @p521, @p522);
INSERT INTO `organizations` (`Id`, `Code`, `CreatedAt`, `CreatedBy`, `DeletedAt`, `DeletedBy`, `HeadName`, `IsActive`, `Level`, `Name`, `OrganizationType`, `ParentId`, `UpdatedAt`, `UpdatedBy`)
VALUES (@p523, @p524, @p525, @p526, @p527, @p528, @p529, @p530, @p531, @p532, @p533, @p534, @p535, @p536);
INSERT INTO `accounts` (`Id`, `AccountType`, `AllowPosting`, `Code`, `CreatedAt`, `CreatedBy`, `DeletedAt`, `DeletedBy`, `ExternalCode`, `IsActive`, `IsHeader`, `Level`, `Name`, `NormalBalance`, `ParentId`, `ReportMapping`, `UpdatedAt`, `UpdatedBy`)
VALUES (@p537, @p538, @p539, @p540, @p541, @p542, @p543, @p544, @p545, @p546, @p547, @p548, @p549, @p550, @p551, @p552, @p553, @p554);
SELECT `RowVersion`
FROM `accounts`
WHERE ROW_COUNT() = 1 AND `Id` = @p537;

INSERT INTO `accounts` (`Id`, `AccountType`, `AllowPosting`, `Code`, `CreatedAt`, `CreatedBy`, `DeletedAt`, `DeletedBy`, `ExternalCode`, `IsActive`, `IsHeader`, `Level`, `Name`, `NormalBalance`, `ParentId`, `ReportMapping`, `UpdatedAt`, `UpdatedBy`)
VALUES (@p555, @p556, @p557, @p558, @p559, @p560, @p561, @p562, @p563, @p564, @p565, @p566, @p567, @p568, @p569, @p570, @p571, @p572);
SELECT `RowVersion`
FROM `accounts`
WHERE ROW_COUNT() = 1 AND `Id` = @p555;

INSERT INTO `accounts` (`Id`, `AccountType`, `AllowPosting`, `Code`, `CreatedAt`, `CreatedBy`, `DeletedAt`, `DeletedBy`, `ExternalCode`, `IsActive`, `IsHeader`, `Level`, `Name`, `NormalBalance`, `ParentId`, `ReportMapping`, `UpdatedAt`, `UpdatedBy`)
VALUES (@p573, @p574, @p575, @p576, @p577, @p578, @p579, @p580, @p581, @p582, @p583, @p584, @p585, @p586, @p587, @p588, @p589, @p590);
SELECT `RowVersion`
FROM `accounts`
WHERE ROW_COUNT() = 1 AND `Id` = @p573;

INSERT INTO `accounts` (`Id`, `AccountType`, `AllowPosting`, `Code`, `CreatedAt`, `CreatedBy`, `DeletedAt`, `DeletedBy`, `ExternalCode`, `IsActive`, `IsHeader`, `Level`, `Name`, `NormalBalance`, `ParentId`, `ReportMapping`, `UpdatedAt`, `UpdatedBy`)
VALUES (@p591, @p592, @p593, @p594, @p595, @p596, @p597, @p598, @p599, @p600, @p601, @p602, @p603, @p604, @p605, @p606, @p607, @p608);
SELECT `RowVersion`
FROM `accounts`
WHERE ROW_COUNT() = 1 AND `Id` = @p591;

INSERT INTO `accounts` (`Id`, `AccountType`, `AllowPosting`, `Code`, `CreatedAt`, `CreatedBy`, `DeletedAt`, `DeletedBy`, `ExternalCode`, `IsActive`, `IsHeader`, `Level`, `Name`, `NormalBalance`, `ParentId`, `ReportMapping`, `UpdatedAt`, `UpdatedBy`)
VALUES (@p609, @p610, @p611, @p612, @p613, @p614, @p615, @p616, @p617, @p618, @p619, @p620, @p621, @p622, @p623, @p624, @p625, @p626);
SELECT `RowVersion`
FROM `accounts`
WHERE ROW_COUNT() = 1 AND `Id` = @p609;

INSERT INTO `accounts` (`Id`, `AccountType`, `AllowPosting`, `Code`, `CreatedAt`, `CreatedBy`, `DeletedAt`, `DeletedBy`, `ExternalCode`, `IsActive`, `IsHeader`, `Level`, `Name`, `NormalBalance`, `ParentId`, `ReportMapping`, `UpdatedAt`, `UpdatedBy`)
VALUES (@p627, @p628, @p629, @p630, @p631, @p632, @p633, @p634, @p635, @p636, @p637, @p638, @p639, @p640, @p641, @p642, @p643, @p644);
SELECT `RowVersion`
FROM `accounts`
WHERE ROW_COUNT() = 1 AND `Id` = @p627;

INSERT INTO `accounts` (`Id`, `AccountType`, `AllowPosting`, `Code`, `CreatedAt`, `CreatedBy`, `DeletedAt`, `DeletedBy`, `ExternalCode`, `IsActive`, `IsHeader`, `Level`, `Name`, `NormalBalance`, `ParentId`, `ReportMapping`, `UpdatedAt`, `UpdatedBy`)
VALUES (@p645, @p646, @p647, @p648, @p649, @p650, @p651, @p652, @p653, @p654, @p655, @p656, @p657, @p658, @p659, @p660, @p661, @p662);
SELECT `RowVersion`
FROM `accounts`
WHERE ROW_COUNT() = 1 AND `Id` = @p645;

INSERT INTO `accounts` (`Id`, `AccountType`, `AllowPosting`, `Code`, `CreatedAt`, `CreatedBy`, `DeletedAt`, `DeletedBy`, `ExternalCode`, `IsActive`, `IsHeader`, `Level`, `Name`, `NormalBalance`, `ParentId`, `ReportMapping`, `UpdatedAt`, `UpdatedBy`)
VALUES (@p663, @p664, @p665, @p666, @p667, @p668, @p669, @p670, @p671, @p672, @p673, @p674, @p675, @p676, @p677, @p678, @p679, @p680);
SELECT `RowVersion`
FROM `accounts`
WHERE ROW_COUNT() = 1 AND `Id` = @p663;

INSERT INTO `accounts` (`Id`, `AccountType`, `AllowPosting`, `Code`, `CreatedAt`, `CreatedBy`, `DeletedAt`, `DeletedBy`, `ExternalCode`, `IsActive`, `IsHeader`, `Level`, `Name`, `NormalBalance`, `ParentId`, `ReportMapping`, `UpdatedAt`, `UpdatedBy`)
VALUES (@p681, @p682, @p683, @p684, @p685, @p686, @p687, @p688, @p689, @p690, @p691, @p692, @p693, @p694, @p695, @p696, @p697, @p698);
SELECT `RowVersion`
FROM `accounts`
WHERE ROW_COUNT() = 1 AND `Id` = @p681;
2026-08-26 10:21:50.338 +07:00 [ERR] An exception occurred in the database while saving changes for context type 'BLUDRSUD.Infrastructure.Persistence.BludRsudDbContext'.
Microsoft.EntityFrameworkCore.DbUpdateException: An error occurred while saving the entity changes. See the inner exception for details.
 ---> MySqlConnector.MySqlException (0x80004005): Field 'RowVersion' doesn't have a default value
   at MySqlConnector.Core.ServerSession.ReceiveReplyAsync(IOBehavior ioBehavior, CancellationToken cancellationToken) in /_/src/MySqlConnector/Core/ServerSession.cs:line 1081
   at MySqlConnector.Core.ResultSet.ReadResultSetHeaderAsync(IOBehavior ioBehavior) in /_/src/MySqlConnector/Core/ResultSet.cs:line 37
   at MySqlConnector.MySqlDataReader.ActivateResultSet(CancellationToken cancellationToken) in /_/src/MySqlConnector/MySqlDataReader.cs:line 131
   at MySqlConnector.MySqlDataReader.InitAsync(CommandListPosition commandListPosition, ICommandPayloadCreator payloadCreator, IDictionary`2 cachedProcedures, IMySqlCommand command, CommandBehavior behavior, Activity activity, IOBehavior ioBehavior, CancellationToken cancellationToken) in /_/src/MySqlConnector/MySqlDataReader.cs:line 487
   at MySqlConnector.Core.CommandExecutor.ExecuteReaderAsync(CommandListPosition commandListPosition, ICommandPayloadCreator payloadCreator, CommandBehavior behavior, Activity activity, IOBehavior ioBehavior, CancellationToken cancellationToken) in /_/src/MySqlConnector/Core/CommandExecutor.cs:line 56
   at MySqlConnector.MySqlCommand.ExecuteReaderAsync(CommandBehavior behavior, IOBehavior ioBehavior, CancellationToken cancellationToken) in /_/src/MySqlConnector/MySqlCommand.cs:line 357
   at MySqlConnector.MySqlCommand.ExecuteDbDataReaderAsync(CommandBehavior behavior, CancellationToken cancellationToken) in /_/src/MySqlConnector/MySqlCommand.cs:line 350
   at Microsoft.EntityFrameworkCore.Storage.RelationalCommand.ExecuteReaderAsync(RelationalCommandParameterObject parameterObject, CancellationToken cancellationToken)
   at Microsoft.EntityFrameworkCore.Storage.RelationalCommand.ExecuteReaderAsync(RelationalCommandParameterObject parameterObject, CancellationToken cancellationToken)
   at Microsoft.EntityFrameworkCore.Update.ReaderModificationCommandBatch.ExecuteAsync(IRelationalConnection connection, CancellationToken cancellationToken)
   --- End of inner exception stack trace ---
   at Microsoft.EntityFrameworkCore.Update.ReaderModificationCommandBatch.ExecuteAsync(IRelationalConnection connection, CancellationToken cancellationToken)
   at Microsoft.EntityFrameworkCore.Update.Internal.BatchExecutor.ExecuteAsync(IEnumerable`1 commandBatches, IRelationalConnection connection, CancellationToken cancellationToken)
   at Microsoft.EntityFrameworkCore.Update.Internal.BatchExecutor.ExecuteAsync(IEnumerable`1 commandBatches, IRelationalConnection connection, CancellationToken cancellationToken)
   at Microsoft.EntityFrameworkCore.Update.Internal.BatchExecutor.ExecuteAsync(IEnumerable`1 commandBatches, IRelationalConnection connection, CancellationToken cancellationToken)
   at Microsoft.EntityFrameworkCore.Storage.RelationalDatabase.SaveChangesAsync(IList`1 entries, CancellationToken cancellationToken)
   at Microsoft.EntityFrameworkCore.ChangeTracking.Internal.StateManager.SaveChangesAsync(IList`1 entriesToSave, CancellationToken cancellationToken)
   at Microsoft.EntityFrameworkCore.ChangeTracking.Internal.StateManager.SaveChangesAsync(StateManager stateManager, Boolean acceptAllChangesOnSuccess, CancellationToken cancellationToken)
   at Pomelo.EntityFrameworkCore.MySql.Storage.Internal.MySqlExecutionStrategy.ExecuteAsync[TState,TResult](TState state, Func`4 operation, Func`4 verifySucceeded, CancellationToken cancellationToken)
   at Microsoft.EntityFrameworkCore.DbContext.SaveChangesAsync(Boolean acceptAllChangesOnSuccess, CancellationToken cancellationToken)
Microsoft.EntityFrameworkCore.DbUpdateException: An error occurred while saving the entity changes. See the inner exception for details.
 ---> MySqlConnector.MySqlException (0x80004005): Field 'RowVersion' doesn't have a default value
   at MySqlConnector.Core.ServerSession.ReceiveReplyAsync(IOBehavior ioBehavior, CancellationToken cancellationToken) in /_/src/MySqlConnector/Core/ServerSession.cs:line 1081
   at MySqlConnector.Core.ResultSet.ReadResultSetHeaderAsync(IOBehavior ioBehavior) in /_/src/MySqlConnector/Core/ResultSet.cs:line 37
   at MySqlConnector.MySqlDataReader.ActivateResultSet(CancellationToken cancellationToken) in /_/src/MySqlConnector/MySqlDataReader.cs:line 131
   at MySqlConnector.MySqlDataReader.InitAsync(CommandListPosition commandListPosition, ICommandPayloadCreator payloadCreator, IDictionary`2 cachedProcedures, IMySqlCommand command, CommandBehavior behavior, Activity activity, IOBehavior ioBehavior, CancellationToken cancellationToken) in /_/src/MySqlConnector/MySqlDataReader.cs:line 487
   at MySqlConnector.Core.CommandExecutor.ExecuteReaderAsync(CommandListPosition commandListPosition, ICommandPayloadCreator payloadCreator, CommandBehavior behavior, Activity activity, IOBehavior ioBehavior, CancellationToken cancellationToken) in /_/src/MySqlConnector/Core/CommandExecutor.cs:line 56
   at MySqlConnector.MySqlCommand.ExecuteReaderAsync(CommandBehavior behavior, IOBehavior ioBehavior, CancellationToken cancellationToken) in /_/src/MySqlConnector/MySqlCommand.cs:line 357
   at MySqlConnector.MySqlCommand.ExecuteDbDataReaderAsync(CommandBehavior behavior, CancellationToken cancellationToken) in /_/src/MySqlConnector/MySqlCommand.cs:line 350
   at Microsoft.EntityFrameworkCore.Storage.RelationalCommand.ExecuteReaderAsync(RelationalCommandParameterObject parameterObject, CancellationToken cancellationToken)
   at Microsoft.EntityFrameworkCore.Storage.RelationalCommand.ExecuteReaderAsync(RelationalCommandParameterObject parameterObject, CancellationToken cancellationToken)
   at Microsoft.EntityFrameworkCore.Update.ReaderModificationCommandBatch.ExecuteAsync(IRelationalConnection connection, CancellationToken cancellationToken)
   --- End of inner exception stack trace ---
   at Microsoft.EntityFrameworkCore.Update.ReaderModificationCommandBatch.ExecuteAsync(IRelationalConnection connection, CancellationToken cancellationToken)
   at Microsoft.EntityFrameworkCore.Update.Internal.BatchExecutor.ExecuteAsync(IEnumerable`1 commandBatches, IRelationalConnection connection, CancellationToken cancellationToken)
   at Microsoft.EntityFrameworkCore.Update.Internal.BatchExecutor.ExecuteAsync(IEnumerable`1 commandBatches, IRelationalConnection connection, CancellationToken cancellationToken)
   at Microsoft.EntityFrameworkCore.Update.Internal.BatchExecutor.ExecuteAsync(IEnumerable`1 commandBatches, IRelationalConnection connection, CancellationToken cancellationToken)
   at Microsoft.EntityFrameworkCore.Storage.RelationalDatabase.SaveChangesAsync(IList`1 entries, CancellationToken cancellationToken)
   at Microsoft.EntityFrameworkCore.ChangeTracking.Internal.StateManager.SaveChangesAsync(IList`1 entriesToSave, CancellationToken cancellationToken)
   at Microsoft.EntityFrameworkCore.ChangeTracking.Internal.StateManager.SaveChangesAsync(StateManager stateManager, Boolean acceptAllChangesOnSuccess, CancellationToken cancellationToken)
   at Pomelo.EntityFrameworkCore.MySql.Storage.Internal.MySqlExecutionStrategy.ExecuteAsync[TState,TResult](TState state, Func`4 operation, Func`4 verifySucceeded, CancellationToken cancellationToken)
   at Microsoft.EntityFrameworkCore.DbContext.SaveChangesAsync(Boolean acceptAllChangesOnSuccess, CancellationToken cancellationToken)
2026-08-26 10:21:50.351 +07:00 [WRN] Startup seeding failed. The app will continue without seed data. Check the database schema and seed configuration.
Microsoft.EntityFrameworkCore.DbUpdateException: An error occurred while saving the entity changes. See the inner exception for details.
 ---> MySqlConnector.MySqlException (0x80004005): Field 'RowVersion' doesn't have a default value
   at MySqlConnector.Core.ServerSession.ReceiveReplyAsync(IOBehavior ioBehavior, CancellationToken cancellationToken) in /_/src/MySqlConnector/Core/ServerSession.cs:line 1081
   at MySqlConnector.Core.ResultSet.ReadResultSetHeaderAsync(IOBehavior ioBehavior) in /_/src/MySqlConnector/Core/ResultSet.cs:line 37
   at MySqlConnector.MySqlDataReader.ActivateResultSet(CancellationToken cancellationToken) in /_/src/MySqlConnector/MySqlDataReader.cs:line 131
   at MySqlConnector.MySqlDataReader.InitAsync(CommandListPosition commandListPosition, ICommandPayloadCreator payloadCreator, IDictionary`2 cachedProcedures, IMySqlCommand command, CommandBehavior behavior, Activity activity, IOBehavior ioBehavior, CancellationToken cancellationToken) in /_/src/MySqlConnector/MySqlDataReader.cs:line 487
   at MySqlConnector.Core.CommandExecutor.ExecuteReaderAsync(CommandListPosition commandListPosition, ICommandPayloadCreator payloadCreator, CommandBehavior behavior, Activity activity, IOBehavior ioBehavior, CancellationToken cancellationToken) in /_/src/MySqlConnector/Core/CommandExecutor.cs:line 56
   at MySqlConnector.MySqlCommand.ExecuteReaderAsync(CommandBehavior behavior, IOBehavior ioBehavior, CancellationToken cancellationToken) in /_/src/MySqlConnector/MySqlCommand.cs:line 357
   at MySqlConnector.MySqlCommand.ExecuteDbDataReaderAsync(CommandBehavior behavior, CancellationToken cancellationToken) in /_/src/MySqlConnector/MySqlCommand.cs:line 350
   at Microsoft.EntityFrameworkCore.Storage.RelationalCommand.ExecuteReaderAsync(RelationalCommandParameterObject parameterObject, CancellationToken cancellationToken)
   at Microsoft.EntityFrameworkCore.Storage.RelationalCommand.ExecuteReaderAsync(RelationalCommandParameterObject parameterObject, CancellationToken cancellationToken)
   at Microsoft.EntityFrameworkCore.Update.ReaderModificationCommandBatch.ExecuteAsync(IRelationalConnection connection, CancellationToken cancellationToken)
   --- End of inner exception stack trace ---
   at Microsoft.EntityFrameworkCore.Update.ReaderModificationCommandBatch.ExecuteAsync(IRelationalConnection connection, CancellationToken cancellationToken)
   at Microsoft.EntityFrameworkCore.Update.Internal.BatchExecutor.ExecuteAsync(IEnumerable`1 commandBatches, IRelationalConnection connection, CancellationToken cancellationToken)
   at Microsoft.EntityFrameworkCore.Update.Internal.BatchExecutor.ExecuteAsync(IEnumerable`1 commandBatches, IRelationalConnection connection, CancellationToken cancellationToken)
   at Microsoft.EntityFrameworkCore.Update.Internal.BatchExecutor.ExecuteAsync(IEnumerable`1 commandBatches, IRelationalConnection connection, CancellationToken cancellationToken)
   at Microsoft.EntityFrameworkCore.Storage.RelationalDatabase.SaveChangesAsync(IList`1 entries, CancellationToken cancellationToken)
   at Microsoft.EntityFrameworkCore.ChangeTracking.Internal.StateManager.SaveChangesAsync(IList`1 entriesToSave, CancellationToken cancellationToken)
   at Microsoft.EntityFrameworkCore.ChangeTracking.Internal.StateManager.SaveChangesAsync(StateManager stateManager, Boolean acceptAllChangesOnSuccess, CancellationToken cancellationToken)
   at Pomelo.EntityFrameworkCore.MySql.Storage.Internal.MySqlExecutionStrategy.ExecuteAsync[TState,TResult](TState state, Func`4 operation, Func`4 verifySucceeded, CancellationToken cancellationToken)
   at Microsoft.EntityFrameworkCore.DbContext.SaveChangesAsync(Boolean acceptAllChangesOnSuccess, CancellationToken cancellationToken)
   at Microsoft.EntityFrameworkCore.DbContext.SaveChangesAsync(Boolean acceptAllChangesOnSuccess, CancellationToken cancellationToken)
   at BLUDRSUD.Infrastructure.Persistence.DbSeeder.SeedAsync(BludRsudDbContext db, UserManager`1 userManager, RoleManager`1 roleManager, ILoggerFactory loggerFactory, CancellationToken ct) in D:\sandi\BLUD\src\BLUDRSUD.Infrastructure\Persistence\DbSeeder.cs:line 41
   at Program.<Main>$(String[] args) in D:\sandi\BLUD\src\bludrsud.web\Program.cs:line 122
2026-08-26 10:59:54.575 +07:00 [INF] Seeded 49 chart-of-accounts entries.
2026-08-26 10:59:54.635 +07:00 [INF] Seeded organization tree.
2026-08-26 10:59:54.678 +07:00 [INF] Seeded cost centers.
2026-08-26 10:59:54.710 +07:00 [INF] Seeded fund sources.
2026-08-26 10:59:54.755 +07:00 [INF] Seeded 2026 accounting periods.
2026-08-26 10:59:54.900 +07:00 [ERR] Failed executing DbCommand (17ms) [Parameters=[@p0='?' (DbType = Guid), @p1='?' (DbType = DateTime), @p2='?' (Size = 100), @p3='?' (Size = 20), @p4='?' (DbType = DateTime), @p5='?' (Size = 100), @p6='?' (DbType = DateTime), @p7='?' (Size = 100), @p8='?' (DbType = DateTime), @p9='?' (DbType = Int32), @p10='?' (DbType = Boolean), @p11='?' (Size = 100), @p12='?' (DbType = Int32), @p13='?' (Size = 20), @p14='?' (DbType = DateTime), @p15='?' (Size = 20), @p16='?' (DbType = DateTime), @p17='?' (Size = 100), @p18='?' (DbType = Guid), @p19='?' (DbType = DateTime), @p20='?' (Size = 100), @p21='?' (Size = 20), @p22='?' (DbType = DateTime), @p23='?' (Size = 100), @p24='?' (DbType = DateTime), @p25='?' (Size = 100), @p26='?' (DbType = DateTime), @p27='?' (DbType = Int32), @p28='?' (DbType = Boolean), @p29='?' (Size = 100), @p30='?' (DbType = Int32), @p31='?' (Size = 20), @p32='?' (DbType = DateTime), @p33='?' (Size = 20), @p34='?' (DbType = DateTime), @p35='?' (Size = 100), @p36='?' (DbType = Guid), @p37='?' (DbType = DateTime), @p38='?' (Size = 100), @p39='?' (Size = 20), @p40='?' (DbType = DateTime), @p41='?' (Size = 100), @p42='?' (DbType = DateTime), @p43='?' (Size = 100), @p44='?' (DbType = DateTime), @p45='?' (DbType = Int32), @p46='?' (DbType = Boolean), @p47='?' (Size = 100), @p48='?' (DbType = Int32), @p49='?' (Size = 20), @p50='?' (DbType = DateTime), @p51='?' (Size = 20), @p52='?' (DbType = DateTime), @p53='?' (Size = 100), @p54='?' (DbType = Guid), @p55='?' (DbType = DateTime), @p56='?' (Size = 100), @p57='?' (Size = 20), @p58='?' (DbType = DateTime), @p59='?' (Size = 100), @p60='?' (DbType = DateTime), @p61='?' (Size = 100), @p62='?' (DbType = DateTime), @p63='?' (DbType = Int32), @p64='?' (DbType = Boolean), @p65='?' (Size = 100), @p66='?' (DbType = Int32), @p67='?' (Size = 20), @p68='?' (DbType = DateTime), @p69='?' (Size = 20), @p70='?' (DbType = DateTime), @p71='?' (Size = 100), @p72='?' (DbType = Guid), @p73='?' (DbType = DateTime), @p74='?' (Size = 100), @p75='?' (Size = 20), @p76='?' (DbType = DateTime), @p77='?' (Size = 100), @p78='?' (DbType = DateTime), @p79='?' (Size = 100), @p80='?' (DbType = DateTime), @p81='?' (DbType = Int32), @p82='?' (DbType = Boolean), @p83='?' (Size = 100), @p84='?' (DbType = Int32), @p85='?' (Size = 20), @p86='?' (DbType = DateTime), @p87='?' (Size = 20), @p88='?' (DbType = DateTime), @p89='?' (Size = 100), @p90='?' (DbType = Guid), @p91='?' (DbType = DateTime), @p92='?' (Size = 100), @p93='?' (Size = 20), @p94='?' (DbType = DateTime), @p95='?' (Size = 100), @p96='?' (DbType = DateTime), @p97='?' (Size = 100), @p98='?' (DbType = DateTime), @p99='?' (DbType = Int32), @p100='?' (DbType = Boolean), @p101='?' (Size = 100), @p102='?' (DbType = Int32), @p103='?' (Size = 20), @p104='?' (DbType = DateTime), @p105='?' (Size = 20), @p106='?' (DbType = DateTime), @p107='?' (Size = 100), @p108='?' (DbType = Guid), @p109='?' (DbType = DateTime), @p110='?' (Size = 100), @p111='?' (Size = 20), @p112='?' (DbType = DateTime), @p113='?' (Size = 100), @p114='?' (DbType = DateTime), @p115='?' (Size = 100), @p116='?' (DbType = DateTime), @p117='?' (DbType = Int32), @p118='?' (DbType = Boolean), @p119='?' (Size = 100), @p120='?' (DbType = Int32), @p121='?' (Size = 20), @p122='?' (DbType = DateTime), @p123='?' (Size = 20), @p124='?' (DbType = DateTime), @p125='?' (Size = 100), @p126='?' (DbType = Guid), @p127='?' (DbType = DateTime), @p128='?' (Size = 100), @p129='?' (Size = 20), @p130='?' (DbType = DateTime), @p131='?' (Size = 100), @p132='?' (DbType = DateTime), @p133='?' (Size = 100), @p134='?' (DbType = DateTime), @p135='?' (DbType = Int32), @p136='?' (DbType = Boolean), @p137='?' (Size = 100), @p138='?' (DbType = Int32), @p139='?' (Size = 20), @p140='?' (DbType = DateTime), @p141='?' (Size = 20), @p142='?' (DbType = DateTime), @p143='?' (Size = 100), @p144='?' (DbType = Guid), @p145='?' (DbType = DateTime), @p146='?' (Size = 100), @p147='?' (Size = 20), @p148='?' (DbType = DateTime), @p149='?' (Size = 100), @p150='?' (DbType = DateTime), @p151='?' (Size = 100), @p152='?' (DbType = DateTime), @p153='?' (DbType = Int32), @p154='?' (DbType = Boolean), @p155='?' (Size = 100), @p156='?' (DbType = Int32), @p157='?' (Size = 20), @p158='?' (DbType = DateTime), @p159='?' (Size = 20), @p160='?' (DbType = DateTime), @p161='?' (Size = 100), @p162='?' (DbType = Guid), @p163='?' (DbType = DateTime), @p164='?' (Size = 100), @p165='?' (Size = 20), @p166='?' (DbType = DateTime), @p167='?' (Size = 100), @p168='?' (DbType = DateTime), @p169='?' (Size = 100), @p170='?' (DbType = DateTime), @p171='?' (DbType = Int32), @p172='?' (DbType = Boolean), @p173='?' (Size = 100), @p174='?' (DbType = Int32), @p175='?' (Size = 20), @p176='?' (DbType = DateTime), @p177='?' (Size = 20), @p178='?' (DbType = DateTime), @p179='?' (Size = 100), @p180='?' (DbType = Guid), @p181='?' (DbType = DateTime), @p182='?' (Size = 100), @p183='?' (Size = 20), @p184='?' (DbType = DateTime), @p185='?' (Size = 100), @p186='?' (DbType = DateTime), @p187='?' (Size = 100), @p188='?' (DbType = DateTime), @p189='?' (DbType = Int32), @p190='?' (DbType = Boolean), @p191='?' (Size = 100), @p192='?' (DbType = Int32), @p193='?' (Size = 20), @p194='?' (DbType = DateTime), @p195='?' (Size = 20), @p196='?' (DbType = DateTime), @p197='?' (Size = 100), @p198='?' (DbType = Guid), @p199='?' (DbType = DateTime), @p200='?' (Size = 100), @p201='?' (Size = 20), @p202='?' (DbType = DateTime), @p203='?' (Size = 100), @p204='?' (DbType = DateTime), @p205='?' (Size = 100), @p206='?' (DbType = DateTime), @p207='?' (DbType = Int32), @p208='?' (DbType = Boolean), @p209='?' (Size = 100), @p210='?' (DbType = Int32), @p211='?' (Size = 20), @p212='?' (DbType = DateTime), @p213='?' (Size = 20), @p214='?' (DbType = DateTime), @p215='?' (Size = 100), @p216='?' (DbType = Guid), @p217='?' (DbType = DateTime), @p218='?' (Size = 100), @p219='?' (Size = 20), @p220='?' (DbType = DateTime), @p221='?' (Size = 100), @p222='?' (DbType = DateTime), @p223='?' (Size = 100), @p224='?' (DbType = DateTime), @p225='?' (DbType = Int32), @p226='?' (DbType = Boolean), @p227='?' (Size = 100), @p228='?' (DbType = Int32), @p229='?' (Size = 20), @p230='?' (DbType = DateTime), @p231='?' (Size = 20), @p232='?' (DbType = DateTime), @p233='?' (Size = 100), @p234='?' (DbType = Guid), @p235='?' (Size = 30), @p236='?' (DbType = Boolean), @p237='?' (Size = 50), @p238='?' (DbType = DateTime), @p239='?' (Size = 100), @p240='?' (DbType = DateTime), @p241='?' (Size = 100), @p242='?' (Size = 50), @p243='?' (DbType = Boolean), @p244='?' (DbType = Boolean), @p245='?' (DbType = Int32), @p246='?' (Size = 255), @p247='?' (Size = 10), @p248='?' (DbType = Guid), @p249='?' (Size = 40), @p250='?' (DbType = DateTime), @p251='?' (Size = 100), @p252='?' (DbType = Guid), @p253='?' (Size = 30), @p254='?' (DbType = Boolean), @p255='?' (Size = 50), @p256='?' (DbType = DateTime), @p257='?' (Size = 100), @p258='?' (DbType = DateTime), @p259='?' (Size = 100), @p260='?' (Size = 50), @p261='?' (DbType = Boolean), @p262='?' (DbType = Boolean), @p263='?' (DbType = Int32), @p264='?' (Size = 255), @p265='?' (Size = 10), @p266='?' (DbType = Guid), @p267='?' (Size = 40), @p268='?' (DbType = DateTime), @p269='?' (Size = 100), @p270='?' (DbType = Guid), @p271='?' (Size = 30), @p272='?' (DbType = Boolean), @p273='?' (Size = 50), @p274='?' (DbType = DateTime), @p275='?' (Size = 100), @p276='?' (DbType = DateTime), @p277='?' (Size = 100), @p278='?' (Size = 50), @p279='?' (DbType = Boolean), @p280='?' (DbType = Boolean), @p281='?' (DbType = Int32), @p282='?' (Size = 255), @p283='?' (Size = 10), @p284='?' (DbType = Guid), @p285='?' (Size = 40), @p286='?' (DbType = DateTime), @p287='?' (Size = 100), @p288='?' (DbType = Guid), @p289='?' (Size = 30), @p290='?' (DbType = Boolean), @p291='?' (Size = 50), @p292='?' (DbType = DateTime), @p293='?' (Size = 100), @p294='?' (DbType = DateTime), @p295='?' (Size = 100), @p296='?' (Size = 50), @p297='?' (DbType = Boolean), @p298='?' (DbType = Boolean), @p299='?' (DbType = Int32), @p300='?' (Size = 255), @p301='?' (Size = 10), @p302='?' (DbType = Guid), @p303='?' (Size = 40), @p304='?' (DbType = DateTime), @p305='?' (Size = 100), @p306='?' (DbType = Guid), @p307='?' (Size = 30), @p308='?' (DbType = Boolean), @p309='?' (Size = 50), @p310='?' (DbType = DateTime), @p311='?' (Size = 100), @p312='?' (DbType = DateTime), @p313='?' (Size = 100), @p314='?' (Size = 50), @p315='?' (DbType = Boolean), @p316='?' (DbType = Boolean), @p317='?' (DbType = Int32), @p318='?' (Size = 255), @p319='?' (Size = 10), @p320='?' (DbType = Guid), @p321='?' (Size = 40), @p322='?' (DbType = DateTime), @p323='?' (Size = 100), @p324='?' (DbType = Guid), @p325='?' (Size = 30), @p326='?' (DbType = Boolean), @p327='?' (Size = 50), @p328='?' (DbType = DateTime), @p329='?' (Size = 100), @p330='?' (DbType = DateTime), @p331='?' (Size = 100), @p332='?' (Size = 50), @p333='?' (DbType = Boolean), @p334='?' (DbType = Boolean), @p335='?' (DbType = Int32), @p336='?' (Size = 255), @p337='?' (Size = 10), @p338='?' (DbType = Guid), @p339='?' (Size = 40), @p340='?' (DbType = DateTime), @p341='?' (Size = 100), @p342='?' (DbType = Guid), @p343='?' (Size = 30), @p344='?' (DbType = Boolean), @p345='?' (Size = 50), @p346='?' (DbType = DateTime), @p347='?' (Size = 100), @p348='?' (DbType = DateTime), @p349='?' (Size = 100), @p350='?' (Size = 50), @p351='?' (DbType = Boolean), @p352='?' (DbType = Boolean), @p353='?' (DbType = Int32), @p354='?' (Size = 255), @p355='?' (Size = 10), @p356='?' (DbType = Guid), @p357='?' (Size = 40), @p358='?' (DbType = DateTime), @p359='?' (Size = 100), @p360='?' (DbType = Guid), @p361='?' (Size = 50), @p362='?' (Size = 50), @p363='?' (DbType = DateTime), @p364='?' (Size = 100), @p365='?' (DbType = DateTime), @p366='?' (Size = 100), @p367='?' (Size = 500), @p368='?' (DbType = Boolean), @p369='?' (Size = 255), @p370='?' (DbType = Guid), @p371='?' (DbType = Guid), @p372='?' (DbType = DateTime), @p373='?' (Size = 100), @p374='?' (DbType = Guid), @p375='?' (Size = 50), @p376='?' (Size = 50), @p377='?' (DbType = DateTime), @p378='?' (Size = 100), @p379='?' (DbType = DateTime), @p380='?' (Size = 100), @p381='?' (Size = 500), @p382='?' (DbType = Boolean), @p383='?' (Size = 255), @p384='?' (DbType = Guid), @p385='?' (DbType = Guid), @p386='?' (DbType = DateTime), @p387='?' (Size = 100), @p388='?' (DbType = Guid), @p389='?' (Size = 50), @p390='?' (Size = 50), @p391='?' (DbType = DateTime), @p392='?' (Size = 100), @p393='?' (DbType = DateTime), @p394='?' (Size = 100), @p395='?' (Size = 500), @p396='?' (DbType = Boolean), @p397='?' (Size = 255), @p398='?' (DbType = Guid), @p399='?' (DbType = Guid), @p400='?' (DbType = DateTime), @p401='?' (Size = 100), @p402='?' (DbType = Guid), @p403='?' (Size = 50), @p404='?' (Size = 50), @p405='?' (DbType = DateTime), @p406='?' (Size = 100), @p407='?' (DbType = DateTime), @p408='?' (Size = 100), @p409='?' (Size = 500), @p410='?' (DbType = Boolean), @p411='?' (Size = 255), @p412='?' (DbType = Guid), @p413='?' (DbType = Guid), @p414='?' (DbType = DateTime), @p415='?' (Size = 100), @p416='?' (DbType = Guid), @p417='?' (Size = 50), @p418='?' (Size = 50), @p419='?' (DbType = DateTime), @p420='?' (Size = 100), @p421='?' (DbType = DateTime), @p422='?' (Size = 100), @p423='?' (Size = 500), @p424='?' (DbType = Boolean), @p425='?' (Size = 255), @p426='?' (DbType = Guid), @p427='?' (DbType = Guid), @p428='?' (DbType = DateTime), @p429='?' (Size = 100), @p430='?' (DbType = Guid), @p431='?' (Size = 50), @p432='?' (Size = 50), @p433='?' (DbType = DateTime), @p434='?' (Size = 100), @p435='?' (DbType = DateTime), @p436='?' (Size = 100), @p437='?' (Size = 500), @p438='?' (DbType = Boolean), @p439='?' (Size = 255), @p440='?' (DbType = Guid), @p441='?' (DbType = Guid), @p442='?' (DbType = DateTime), @p443='?' (Size = 100), @p444='?' (DbType = Guid), @p445='?' (Size = 50), @p446='?' (Size = 50), @p447='?' (DbType = DateTime), @p448='?' (Size = 100), @p449='?' (DbType = DateTime), @p450='?' (Size = 100), @p451='?' (Size = 500), @p452='?' (DbType = Boolean), @p453='?' (Size = 255), @p454='?' (DbType = Guid), @p455='?' (DbType = Guid), @p456='?' (DbType = DateTime), @p457='?' (Size = 100), @p458='?' (DbType = Guid), @p459='?' (Size = 50), @p460='?' (DbType = DateTime), @p461='?' (Size = 100), @p462='?' (DbType = DateTime), @p463='?' (Size = 100), @p464='?' (Size = 500), @p465='?' (Size = 50), @p466='?' (DbType = Boolean), @p467='?' (Size = 255), @p468='?' (DbType = Guid), @p469='?' (DbType = DateTime), @p470='?' (Size = 100), @p471='?' (DbType = Guid), @p472='?' (Size = 50), @p473='?' (DbType = DateTime), @p474='?' (Size = 100), @p475='?' (DbType = DateTime), @p476='?' (Size = 100), @p477='?' (Size = 500), @p478='?' (Size = 50), @p479='?' (DbType = Boolean), @p480='?' (Size = 255), @p481='?' (DbType = Guid), @p482='?' (DbType = DateTime), @p483='?' (Size = 100), @p484='?' (DbType = Guid), @p485='?' (Size = 50), @p486='?' (DbType = DateTime), @p487='?' (Size = 100), @p488='?' (DbType = DateTime), @p489='?' (Size = 100), @p490='?' (Size = 500), @p491='?' (Size = 50), @p492='?' (DbType = Boolean), @p493='?' (Size = 255), @p494='?' (DbType = Guid), @p495='?' (DbType = DateTime), @p496='?' (Size = 100), @p497='?' (DbType = Guid), @p498='?' (Size = 50), @p499='?' (DbType = DateTime), @p500='?' (Size = 100), @p501='?' (DbType = DateTime), @p502='?' (Size = 100), @p503='?' (Size = 500), @p504='?' (Size = 50), @p505='?' (DbType = Boolean), @p506='?' (Size = 255), @p507='?' (DbType = Guid), @p508='?' (DbType = DateTime), @p509='?' (Size = 100), @p510='?' (DbType = Guid), @p511='?' (Size = 50), @p512='?' (DbType = DateTime), @p513='?' (Size = 100), @p514='?' (DbType = DateTime), @p515='?' (Size = 100), @p516='?' (Size = 500), @p517='?' (Size = 50), @p518='?' (DbType = Boolean), @p519='?' (Size = 255), @p520='?' (DbType = Guid), @p521='?' (DbType = DateTime), @p522='?' (Size = 100), @p523='?' (DbType = Guid), @p524='?' (Size = 50), @p525='?' (DbType = DateTime), @p526='?' (Size = 100), @p527='?' (DbType = DateTime), @p528='?' (Size = 100), @p529='?' (Size = 200), @p530='?' (DbType = Boolean), @p531='?' (DbType = Int32), @p532='?' (Size = 255), @p533='?' (Size = 50), @p534='?' (DbType = Guid), @p535='?' (DbType = DateTime), @p536='?' (Size = 100), @p537='?' (DbType = Guid), @p538='?' (Size = 30), @p539='?' (DbType = Boolean), @p540='?' (Size = 50), @p541='?' (DbType = DateTime), @p542='?' (Size = 100), @p543='?' (DbType = DateTime), @p544='?' (Size = 100), @p545='?' (Size = 50), @p546='?' (DbType = Boolean), @p547='?' (DbType = Boolean), @p548='?' (DbType = Int32), @p549='?' (Size = 255), @p550='?' (Size = 10), @p551='?' (DbType = Guid), @p552='?' (Size = 40), @p553='?' (DbType = DateTime), @p554='?' (Size = 100), @p555='?' (DbType = Guid), @p556='?' (Size = 30), @p557='?' (DbType = Boolean), @p558='?' (Size = 50), @p559='?' (DbType = DateTime), @p560='?' (Size = 100), @p561='?' (DbType = DateTime), @p562='?' (Size = 100), @p563='?' (Size = 50), @p564='?' (DbType = Boolean), @p565='?' (DbType = Boolean), @p566='?' (DbType = Int32), @p567='?' (Size = 255), @p568='?' (Size = 10), @p569='?' (DbType = Guid), @p570='?' (Size = 40), @p571='?' (DbType = DateTime), @p572='?' (Size = 100), @p573='?' (DbType = Guid), @p574='?' (Size = 30), @p575='?' (DbType = Boolean), @p576='?' (Size = 50), @p577='?' (DbType = DateTime), @p578='?' (Size = 100), @p579='?' (DbType = DateTime), @p580='?' (Size = 100), @p581='?' (Size = 50), @p582='?' (DbType = Boolean), @p583='?' (DbType = Boolean), @p584='?' (DbType = Int32), @p585='?' (Size = 255), @p586='?' (Size = 10), @p587='?' (DbType = Guid), @p588='?' (Size = 40), @p589='?' (DbType = DateTime), @p590='?' (Size = 100), @p591='?' (DbType = Guid), @p592='?' (Size = 30), @p593='?' (DbType = Boolean), @p594='?' (Size = 50), @p595='?' (DbType = DateTime), @p596='?' (Size = 100), @p597='?' (DbType = DateTime), @p598='?' (Size = 100), @p599='?' (Size = 50), @p600='?' (DbType = Boolean), @p601='?' (DbType = Boolean), @p602='?' (DbType = Int32), @p603='?' (Size = 255), @p604='?' (Size = 10), @p605='?' (DbType = Guid), @p606='?' (Size = 40), @p607='?' (DbType = DateTime), @p608='?' (Size = 100), @p609='?' (DbType = Guid), @p610='?' (Size = 30), @p611='?' (DbType = Boolean), @p612='?' (Size = 50), @p613='?' (DbType = DateTime), @p614='?' (Size = 100), @p615='?' (DbType = DateTime), @p616='?' (Size = 100), @p617='?' (Size = 50), @p618='?' (DbType = Boolean), @p619='?' (DbType = Boolean), @p620='?' (DbType = Int32), @p621='?' (Size = 255), @p622='?' (Size = 10), @p623='?' (DbType = Guid), @p624='?' (Size = 40), @p625='?' (DbType = DateTime), @p626='?' (Size = 100), @p627='?' (DbType = Guid), @p628='?' (Size = 30), @p629='?' (DbType = Boolean), @p630='?' (Size = 50), @p631='?' (DbType = DateTime), @p632='?' (Size = 100), @p633='?' (DbType = DateTime), @p634='?' (Size = 100), @p635='?' (Size = 50), @p636='?' (DbType = Boolean), @p637='?' (DbType = Boolean), @p638='?' (DbType = Int32), @p639='?' (Size = 255), @p640='?' (Size = 10), @p641='?' (DbType = Guid), @p642='?' (Size = 40), @p643='?' (DbType = DateTime), @p644='?' (Size = 100), @p645='?' (DbType = Guid), @p646='?' (Size = 30), @p647='?' (DbType = Boolean), @p648='?' (Size = 50), @p649='?' (DbType = DateTime), @p650='?' (Size = 100), @p651='?' (DbType = DateTime), @p652='?' (Size = 100), @p653='?' (Size = 50), @p654='?' (DbType = Boolean), @p655='?' (DbType = Boolean), @p656='?' (DbType = Int32), @p657='?' (Size = 255), @p658='?' (Size = 10), @p659='?' (DbType = Guid), @p660='?' (Size = 40), @p661='?' (DbType = DateTime), @p662='?' (Size = 100), @p663='?' (DbType = Guid), @p664='?' (Size = 30), @p665='?' (DbType = Boolean), @p666='?' (Size = 50), @p667='?' (DbType = DateTime), @p668='?' (Size = 100), @p669='?' (DbType = DateTime), @p670='?' (Size = 100), @p671='?' (Size = 50), @p672='?' (DbType = Boolean), @p673='?' (DbType = Boolean), @p674='?' (DbType = Int32), @p675='?' (Size = 255), @p676='?' (Size = 10), @p677='?' (DbType = Guid), @p678='?' (Size = 40), @p679='?' (DbType = DateTime), @p680='?' (Size = 100), @p681='?' (DbType = Guid), @p682='?' (Size = 30), @p683='?' (DbType = Boolean), @p684='?' (Size = 50), @p685='?' (DbType = DateTime), @p686='?' (Size = 100), @p687='?' (DbType = DateTime), @p688='?' (Size = 100), @p689='?' (Size = 50), @p690='?' (DbType = Boolean), @p691='?' (DbType = Boolean), @p692='?' (DbType = Int32), @p693='?' (Size = 255), @p694='?' (Size = 10), @p695='?' (DbType = Guid), @p696='?' (Size = 40), @p697='?' (DbType = DateTime), @p698='?' (Size = 100)], CommandType='"Text"', CommandTimeout='30']
INSERT INTO `accounting_periods` (`Id`, `ClosedAt`, `ClosedBy`, `Code`, `CreatedAt`, `CreatedBy`, `DeletedAt`, `DeletedBy`, `EndDate`, `FiscalYear`, `IsCurrent`, `Name`, `PeriodNumber`, `PeriodType`, `StartDate`, `Status`, `UpdatedAt`, `UpdatedBy`)
VALUES (@p0, @p1, @p2, @p3, @p4, @p5, @p6, @p7, @p8, @p9, @p10, @p11, @p12, @p13, @p14, @p15, @p16, @p17);
SELECT `RowVersion`
FROM `accounting_periods`
WHERE ROW_COUNT() = 1 AND `Id` = @p0;

INSERT INTO `accounting_periods` (`Id`, `ClosedAt`, `ClosedBy`, `Code`, `CreatedAt`, `CreatedBy`, `DeletedAt`, `DeletedBy`, `EndDate`, `FiscalYear`, `IsCurrent`, `Name`, `PeriodNumber`, `PeriodType`, `StartDate`, `Status`, `UpdatedAt`, `UpdatedBy`)
VALUES (@p18, @p19, @p20, @p21, @p22, @p23, @p24, @p25, @p26, @p27, @p28, @p29, @p30, @p31, @p32, @p33, @p34, @p35);
SELECT `RowVersion`
FROM `accounting_periods`
WHERE ROW_COUNT() = 1 AND `Id` = @p18;

INSERT INTO `accounting_periods` (`Id`, `ClosedAt`, `ClosedBy`, `Code`, `CreatedAt`, `CreatedBy`, `DeletedAt`, `DeletedBy`, `EndDate`, `FiscalYear`, `IsCurrent`, `Name`, `PeriodNumber`, `PeriodType`, `StartDate`, `Status`, `UpdatedAt`, `UpdatedBy`)
VALUES (@p36, @p37, @p38, @p39, @p40, @p41, @p42, @p43, @p44, @p45, @p46, @p47, @p48, @p49, @p50, @p51, @p52, @p53);
SELECT `RowVersion`
FROM `accounting_periods`
WHERE ROW_COUNT() = 1 AND `Id` = @p36;

INSERT INTO `accounting_periods` (`Id`, `ClosedAt`, `ClosedBy`, `Code`, `CreatedAt`, `CreatedBy`, `DeletedAt`, `DeletedBy`, `EndDate`, `FiscalYear`, `IsCurrent`, `Name`, `PeriodNumber`, `PeriodType`, `StartDate`, `Status`, `UpdatedAt`, `UpdatedBy`)
VALUES (@p54, @p55, @p56, @p57, @p58, @p59, @p60, @p61, @p62, @p63, @p64, @p65, @p66, @p67, @p68, @p69, @p70, @p71);
SELECT `RowVersion`
FROM `accounting_periods`
WHERE ROW_COUNT() = 1 AND `Id` = @p54;

INSERT INTO `accounting_periods` (`Id`, `ClosedAt`, `ClosedBy`, `Code`, `CreatedAt`, `CreatedBy`, `DeletedAt`, `DeletedBy`, `EndDate`, `FiscalYear`, `IsCurrent`, `Name`, `PeriodNumber`, `PeriodType`, `StartDate`, `Status`, `UpdatedAt`, `UpdatedBy`)
VALUES (@p72, @p73, @p74, @p75, @p76, @p77, @p78, @p79, @p80, @p81, @p82, @p83, @p84, @p85, @p86, @p87, @p88, @p89);
SELECT `RowVersion`
FROM `accounting_periods`
WHERE ROW_COUNT() = 1 AND `Id` = @p72;

INSERT INTO `accounting_periods` (`Id`, `ClosedAt`, `ClosedBy`, `Code`, `CreatedAt`, `CreatedBy`, `DeletedAt`, `DeletedBy`, `EndDate`, `FiscalYear`, `IsCurrent`, `Name`, `PeriodNumber`, `PeriodType`, `StartDate`, `Status`, `UpdatedAt`, `UpdatedBy`)
VALUES (@p90, @p91, @p92, @p93, @p94, @p95, @p96, @p97, @p98, @p99, @p100, @p101, @p102, @p103, @p104, @p105, @p106, @p107);
SELECT `RowVersion`
FROM `accounting_periods`
WHERE ROW_COUNT() = 1 AND `Id` = @p90;

INSERT INTO `accounting_periods` (`Id`, `ClosedAt`, `ClosedBy`, `Code`, `CreatedAt`, `CreatedBy`, `DeletedAt`, `DeletedBy`, `EndDate`, `FiscalYear`, `IsCurrent`, `Name`, `PeriodNumber`, `PeriodType`, `StartDate`, `Status`, `UpdatedAt`, `UpdatedBy`)
VALUES (@p108, @p109, @p110, @p111, @p112, @p113, @p114, @p115, @p116, @p117, @p118, @p119, @p120, @p121, @p122, @p123, @p124, @p125);
SELECT `RowVersion`
FROM `accounting_periods`
WHERE ROW_COUNT() = 1 AND `Id` = @p108;

INSERT INTO `accounting_periods` (`Id`, `ClosedAt`, `ClosedBy`, `Code`, `CreatedAt`, `CreatedBy`, `DeletedAt`, `DeletedBy`, `EndDate`, `FiscalYear`, `IsCurrent`, `Name`, `PeriodNumber`, `PeriodType`, `StartDate`, `Status`, `UpdatedAt`, `UpdatedBy`)
VALUES (@p126, @p127, @p128, @p129, @p130, @p131, @p132, @p133, @p134, @p135, @p136, @p137, @p138, @p139, @p140, @p141, @p142, @p143);
SELECT `RowVersion`
FROM `accounting_periods`
WHERE ROW_COUNT() = 1 AND `Id` = @p126;

INSERT INTO `accounting_periods` (`Id`, `ClosedAt`, `ClosedBy`, `Code`, `CreatedAt`, `CreatedBy`, `DeletedAt`, `DeletedBy`, `EndDate`, `FiscalYear`, `IsCurrent`, `Name`, `PeriodNumber`, `PeriodType`, `StartDate`, `Status`, `UpdatedAt`, `UpdatedBy`)
VALUES (@p144, @p145, @p146, @p147, @p148, @p149, @p150, @p151, @p152, @p153, @p154, @p155, @p156, @p157, @p158, @p159, @p160, @p161);
SELECT `RowVersion`
FROM `accounting_periods`
WHERE ROW_COUNT() = 1 AND `Id` = @p144;

INSERT INTO `accounting_periods` (`Id`, `ClosedAt`, `ClosedBy`, `Code`, `CreatedAt`, `CreatedBy`, `DeletedAt`, `DeletedBy`, `EndDate`, `FiscalYear`, `IsCurrent`, `Name`, `PeriodNumber`, `PeriodType`, `StartDate`, `Status`, `UpdatedAt`, `UpdatedBy`)
VALUES (@p162, @p163, @p164, @p165, @p166, @p167, @p168, @p169, @p170, @p171, @p172, @p173, @p174, @p175, @p176, @p177, @p178, @p179);
SELECT `RowVersion`
FROM `accounting_periods`
WHERE ROW_COUNT() = 1 AND `Id` = @p162;

INSERT INTO `accounting_periods` (`Id`, `ClosedAt`, `ClosedBy`, `Code`, `CreatedAt`, `CreatedBy`, `DeletedAt`, `DeletedBy`, `EndDate`, `FiscalYear`, `IsCurrent`, `Name`, `PeriodNumber`, `PeriodType`, `StartDate`, `Status`, `UpdatedAt`, `UpdatedBy`)
VALUES (@p180, @p181, @p182, @p183, @p184, @p185, @p186, @p187, @p188, @p189, @p190, @p191, @p192, @p193, @p194, @p195, @p196, @p197);
SELECT `RowVersion`
FROM `accounting_periods`
WHERE ROW_COUNT() = 1 AND `Id` = @p180;

INSERT INTO `accounting_periods` (`Id`, `ClosedAt`, `ClosedBy`, `Code`, `CreatedAt`, `CreatedBy`, `DeletedAt`, `DeletedBy`, `EndDate`, `FiscalYear`, `IsCurrent`, `Name`, `PeriodNumber`, `PeriodType`, `StartDate`, `Status`, `UpdatedAt`, `UpdatedBy`)
VALUES (@p198, @p199, @p200, @p201, @p202, @p203, @p204, @p205, @p206, @p207, @p208, @p209, @p210, @p211, @p212, @p213, @p214, @p215);
SELECT `RowVersion`
FROM `accounting_periods`
WHERE ROW_COUNT() = 1 AND `Id` = @p198;

INSERT INTO `accounting_periods` (`Id`, `ClosedAt`, `ClosedBy`, `Code`, `CreatedAt`, `CreatedBy`, `DeletedAt`, `DeletedBy`, `EndDate`, `FiscalYear`, `IsCurrent`, `Name`, `PeriodNumber`, `PeriodType`, `StartDate`, `Status`, `UpdatedAt`, `UpdatedBy`)
VALUES (@p216, @p217, @p218, @p219, @p220, @p221, @p222, @p223, @p224, @p225, @p226, @p227, @p228, @p229, @p230, @p231, @p232, @p233);
SELECT `RowVersion`
FROM `accounting_periods`
WHERE ROW_COUNT() = 1 AND `Id` = @p216;

INSERT INTO `accounts` (`Id`, `AccountType`, `AllowPosting`, `Code`, `CreatedAt`, `CreatedBy`, `DeletedAt`, `DeletedBy`, `ExternalCode`, `IsActive`, `IsHeader`, `Level`, `Name`, `NormalBalance`, `ParentId`, `ReportMapping`, `UpdatedAt`, `UpdatedBy`)
VALUES (@p234, @p235, @p236, @p237, @p238, @p239, @p240, @p241, @p242, @p243, @p244, @p245, @p246, @p247, @p248, @p249, @p250, @p251);
SELECT `RowVersion`
FROM `accounts`
WHERE ROW_COUNT() = 1 AND `Id` = @p234;

INSERT INTO `accounts` (`Id`, `AccountType`, `AllowPosting`, `Code`, `CreatedAt`, `CreatedBy`, `DeletedAt`, `DeletedBy`, `ExternalCode`, `IsActive`, `IsHeader`, `Level`, `Name`, `NormalBalance`, `ParentId`, `ReportMapping`, `UpdatedAt`, `UpdatedBy`)
VALUES (@p252, @p253, @p254, @p255, @p256, @p257, @p258, @p259, @p260, @p261, @p262, @p263, @p264, @p265, @p266, @p267, @p268, @p269);
SELECT `RowVersion`
FROM `accounts`
WHERE ROW_COUNT() = 1 AND `Id` = @p252;

INSERT INTO `accounts` (`Id`, `AccountType`, `AllowPosting`, `Code`, `CreatedAt`, `CreatedBy`, `DeletedAt`, `DeletedBy`, `ExternalCode`, `IsActive`, `IsHeader`, `Level`, `Name`, `NormalBalance`, `ParentId`, `ReportMapping`, `UpdatedAt`, `UpdatedBy`)
VALUES (@p270, @p271, @p272, @p273, @p274, @p275, @p276, @p277, @p278, @p279, @p280, @p281, @p282, @p283, @p284, @p285, @p286, @p287);
SELECT `RowVersion`
FROM `accounts`
WHERE ROW_COUNT() = 1 AND `Id` = @p270;

INSERT INTO `accounts` (`Id`, `AccountType`, `AllowPosting`, `Code`, `CreatedAt`, `CreatedBy`, `DeletedAt`, `DeletedBy`, `ExternalCode`, `IsActive`, `IsHeader`, `Level`, `Name`, `NormalBalance`, `ParentId`, `ReportMapping`, `UpdatedAt`, `UpdatedBy`)
VALUES (@p288, @p289, @p290, @p291, @p292, @p293, @p294, @p295, @p296, @p297, @p298, @p299, @p300, @p301, @p302, @p303, @p304, @p305);
SELECT `RowVersion`
FROM `accounts`
WHERE ROW_COUNT() = 1 AND `Id` = @p288;

INSERT INTO `accounts` (`Id`, `AccountType`, `AllowPosting`, `Code`, `CreatedAt`, `CreatedBy`, `DeletedAt`, `DeletedBy`, `ExternalCode`, `IsActive`, `IsHeader`, `Level`, `Name`, `NormalBalance`, `ParentId`, `ReportMapping`, `UpdatedAt`, `UpdatedBy`)
VALUES (@p306, @p307, @p308, @p309, @p310, @p311, @p312, @p313, @p314, @p315, @p316, @p317, @p318, @p319, @p320, @p321, @p322, @p323);
SELECT `RowVersion`
FROM `accounts`
WHERE ROW_COUNT() = 1 AND `Id` = @p306;

INSERT INTO `accounts` (`Id`, `AccountType`, `AllowPosting`, `Code`, `CreatedAt`, `CreatedBy`, `DeletedAt`, `DeletedBy`, `ExternalCode`, `IsActive`, `IsHeader`, `Level`, `Name`, `NormalBalance`, `ParentId`, `ReportMapping`, `UpdatedAt`, `UpdatedBy`)
VALUES (@p324, @p325, @p326, @p327, @p328, @p329, @p330, @p331, @p332, @p333, @p334, @p335, @p336, @p337, @p338, @p339, @p340, @p341);
SELECT `RowVersion`
FROM `accounts`
WHERE ROW_COUNT() = 1 AND `Id` = @p324;

INSERT INTO `accounts` (`Id`, `AccountType`, `AllowPosting`, `Code`, `CreatedAt`, `CreatedBy`, `DeletedAt`, `DeletedBy`, `ExternalCode`, `IsActive`, `IsHeader`, `Level`, `Name`, `NormalBalance`, `ParentId`, `ReportMapping`, `UpdatedAt`, `UpdatedBy`)
VALUES (@p342, @p343, @p344, @p345, @p346, @p347, @p348, @p349, @p350, @p351, @p352, @p353, @p354, @p355, @p356, @p357, @p358, @p359);
SELECT `RowVersion`
FROM `accounts`
WHERE ROW_COUNT() = 1 AND `Id` = @p342;

INSERT INTO `cost_centers` (`Id`, `Code`, `CostCenterType`, `CreatedAt`, `CreatedBy`, `DeletedAt`, `DeletedBy`, `Description`, `IsActive`, `Name`, `OrganizationId`, `ParentId`, `UpdatedAt`, `UpdatedBy`)
VALUES (@p360, @p361, @p362, @p363, @p364, @p365, @p366, @p367, @p368, @p369, @p370, @p371, @p372, @p373),
(@p374, @p375, @p376, @p377, @p378, @p379, @p380, @p381, @p382, @p383, @p384, @p385, @p386, @p387),
(@p388, @p389, @p390, @p391, @p392, @p393, @p394, @p395, @p396, @p397, @p398, @p399, @p400, @p401),
(@p402, @p403, @p404, @p405, @p406, @p407, @p408, @p409, @p410, @p411, @p412, @p413, @p414, @p415),
(@p416, @p417, @p418, @p419, @p420, @p421, @p422, @p423, @p424, @p425, @p426, @p427, @p428, @p429),
(@p430, @p431, @p432, @p433, @p434, @p435, @p436, @p437, @p438, @p439, @p440, @p441, @p442, @p443),
(@p444, @p445, @p446, @p447, @p448, @p449, @p450, @p451, @p452, @p453, @p454, @p455, @p456, @p457);
INSERT INTO `fund_sources` (`Id`, `Code`, `CreatedAt`, `CreatedBy`, `DeletedAt`, `DeletedBy`, `Description`, `FundCategory`, `IsActive`, `Name`, `ParentId`, `UpdatedAt`, `UpdatedBy`)
VALUES (@p458, @p459, @p460, @p461, @p462, @p463, @p464, @p465, @p466, @p467, @p468, @p469, @p470),
(@p471, @p472, @p473, @p474, @p475, @p476, @p477, @p478, @p479, @p480, @p481, @p482, @p483),
(@p484, @p485, @p486, @p487, @p488, @p489, @p490, @p491, @p492, @p493, @p494, @p495, @p496),
(@p497, @p498, @p499, @p500, @p501, @p502, @p503, @p504, @p505, @p506, @p507, @p508, @p509),
(@p510, @p511, @p512, @p513, @p514, @p515, @p516, @p517, @p518, @p519, @p520, @p521, @p522);
INSERT INTO `organizations` (`Id`, `Code`, `CreatedAt`, `CreatedBy`, `DeletedAt`, `DeletedBy`, `HeadName`, `IsActive`, `Level`, `Name`, `OrganizationType`, `ParentId`, `UpdatedAt`, `UpdatedBy`)
VALUES (@p523, @p524, @p525, @p526, @p527, @p528, @p529, @p530, @p531, @p532, @p533, @p534, @p535, @p536);
INSERT INTO `accounts` (`Id`, `AccountType`, `AllowPosting`, `Code`, `CreatedAt`, `CreatedBy`, `DeletedAt`, `DeletedBy`, `ExternalCode`, `IsActive`, `IsHeader`, `Level`, `Name`, `NormalBalance`, `ParentId`, `ReportMapping`, `UpdatedAt`, `UpdatedBy`)
VALUES (@p537, @p538, @p539, @p540, @p541, @p542, @p543, @p544, @p545, @p546, @p547, @p548, @p549, @p550, @p551, @p552, @p553, @p554);
SELECT `RowVersion`
FROM `accounts`
WHERE ROW_COUNT() = 1 AND `Id` = @p537;

INSERT INTO `accounts` (`Id`, `AccountType`, `AllowPosting`, `Code`, `CreatedAt`, `CreatedBy`, `DeletedAt`, `DeletedBy`, `ExternalCode`, `IsActive`, `IsHeader`, `Level`, `Name`, `NormalBalance`, `ParentId`, `ReportMapping`, `UpdatedAt`, `UpdatedBy`)
VALUES (@p555, @p556, @p557, @p558, @p559, @p560, @p561, @p562, @p563, @p564, @p565, @p566, @p567, @p568, @p569, @p570, @p571, @p572);
SELECT `RowVersion`
FROM `accounts`
WHERE ROW_COUNT() = 1 AND `Id` = @p555;

INSERT INTO `accounts` (`Id`, `AccountType`, `AllowPosting`, `Code`, `CreatedAt`, `CreatedBy`, `DeletedAt`, `DeletedBy`, `ExternalCode`, `IsActive`, `IsHeader`, `Level`, `Name`, `NormalBalance`, `ParentId`, `ReportMapping`, `UpdatedAt`, `UpdatedBy`)
VALUES (@p573, @p574, @p575, @p576, @p577, @p578, @p579, @p580, @p581, @p582, @p583, @p584, @p585, @p586, @p587, @p588, @p589, @p590);
SELECT `RowVersion`
FROM `accounts`
WHERE ROW_COUNT() = 1 AND `Id` = @p573;

INSERT INTO `accounts` (`Id`, `AccountType`, `AllowPosting`, `Code`, `CreatedAt`, `CreatedBy`, `DeletedAt`, `DeletedBy`, `ExternalCode`, `IsActive`, `IsHeader`, `Level`, `Name`, `NormalBalance`, `ParentId`, `ReportMapping`, `UpdatedAt`, `UpdatedBy`)
VALUES (@p591, @p592, @p593, @p594, @p595, @p596, @p597, @p598, @p599, @p600, @p601, @p602, @p603, @p604, @p605, @p606, @p607, @p608);
SELECT `RowVersion`
FROM `accounts`
WHERE ROW_COUNT() = 1 AND `Id` = @p591;

INSERT INTO `accounts` (`Id`, `AccountType`, `AllowPosting`, `Code`, `CreatedAt`, `CreatedBy`, `DeletedAt`, `DeletedBy`, `ExternalCode`, `IsActive`, `IsHeader`, `Level`, `Name`, `NormalBalance`, `ParentId`, `ReportMapping`, `UpdatedAt`, `UpdatedBy`)
VALUES (@p609, @p610, @p611, @p612, @p613, @p614, @p615, @p616, @p617, @p618, @p619, @p620, @p621, @p622, @p623, @p624, @p625, @p626);
SELECT `RowVersion`
FROM `accounts`
WHERE ROW_COUNT() = 1 AND `Id` = @p609;

INSERT INTO `accounts` (`Id`, `AccountType`, `AllowPosting`, `Code`, `CreatedAt`, `CreatedBy`, `DeletedAt`, `DeletedBy`, `ExternalCode`, `IsActive`, `IsHeader`, `Level`, `Name`, `NormalBalance`, `ParentId`, `ReportMapping`, `UpdatedAt`, `UpdatedBy`)
VALUES (@p627, @p628, @p629, @p630, @p631, @p632, @p633, @p634, @p635, @p636, @p637, @p638, @p639, @p640, @p641, @p642, @p643, @p644);
SELECT `RowVersion`
FROM `accounts`
WHERE ROW_COUNT() = 1 AND `Id` = @p627;

INSERT INTO `accounts` (`Id`, `AccountType`, `AllowPosting`, `Code`, `CreatedAt`, `CreatedBy`, `DeletedAt`, `DeletedBy`, `ExternalCode`, `IsActive`, `IsHeader`, `Level`, `Name`, `NormalBalance`, `ParentId`, `ReportMapping`, `UpdatedAt`, `UpdatedBy`)
VALUES (@p645, @p646, @p647, @p648, @p649, @p650, @p651, @p652, @p653, @p654, @p655, @p656, @p657, @p658, @p659, @p660, @p661, @p662);
SELECT `RowVersion`
FROM `accounts`
WHERE ROW_COUNT() = 1 AND `Id` = @p645;

INSERT INTO `accounts` (`Id`, `AccountType`, `AllowPosting`, `Code`, `CreatedAt`, `CreatedBy`, `DeletedAt`, `DeletedBy`, `ExternalCode`, `IsActive`, `IsHeader`, `Level`, `Name`, `NormalBalance`, `ParentId`, `ReportMapping`, `UpdatedAt`, `UpdatedBy`)
VALUES (@p663, @p664, @p665, @p666, @p667, @p668, @p669, @p670, @p671, @p672, @p673, @p674, @p675, @p676, @p677, @p678, @p679, @p680);
SELECT `RowVersion`
FROM `accounts`
WHERE ROW_COUNT() = 1 AND `Id` = @p663;

INSERT INTO `accounts` (`Id`, `AccountType`, `AllowPosting`, `Code`, `CreatedAt`, `CreatedBy`, `DeletedAt`, `DeletedBy`, `ExternalCode`, `IsActive`, `IsHeader`, `Level`, `Name`, `NormalBalance`, `ParentId`, `ReportMapping`, `UpdatedAt`, `UpdatedBy`)
VALUES (@p681, @p682, @p683, @p684, @p685, @p686, @p687, @p688, @p689, @p690, @p691, @p692, @p693, @p694, @p695, @p696, @p697, @p698);
SELECT `RowVersion`
FROM `accounts`
WHERE ROW_COUNT() = 1 AND `Id` = @p681;
2026-08-26 10:59:54.947 +07:00 [ERR] An exception occurred in the database while saving changes for context type 'BLUDRSUD.Infrastructure.Persistence.BludRsudDbContext'.
Microsoft.EntityFrameworkCore.DbUpdateException: An error occurred while saving the entity changes. See the inner exception for details.
 ---> MySqlConnector.MySqlException (0x80004005): Field 'RowVersion' doesn't have a default value
   at MySqlConnector.Core.ServerSession.ReceiveReplyAsync(IOBehavior ioBehavior, CancellationToken cancellationToken) in /_/src/MySqlConnector/Core/ServerSession.cs:line 1081
   at MySqlConnector.Core.ResultSet.ReadResultSetHeaderAsync(IOBehavior ioBehavior) in /_/src/MySqlConnector/Core/ResultSet.cs:line 37
   at MySqlConnector.MySqlDataReader.ActivateResultSet(CancellationToken cancellationToken) in /_/src/MySqlConnector/MySqlDataReader.cs:line 131
   at MySqlConnector.MySqlDataReader.InitAsync(CommandListPosition commandListPosition, ICommandPayloadCreator payloadCreator, IDictionary`2 cachedProcedures, IMySqlCommand command, CommandBehavior behavior, Activity activity, IOBehavior ioBehavior, CancellationToken cancellationToken) in /_/src/MySqlConnector/MySqlDataReader.cs:line 487
   at MySqlConnector.Core.CommandExecutor.ExecuteReaderAsync(CommandListPosition commandListPosition, ICommandPayloadCreator payloadCreator, CommandBehavior behavior, Activity activity, IOBehavior ioBehavior, CancellationToken cancellationToken) in /_/src/MySqlConnector/Core/CommandExecutor.cs:line 56
   at MySqlConnector.MySqlCommand.ExecuteReaderAsync(CommandBehavior behavior, IOBehavior ioBehavior, CancellationToken cancellationToken) in /_/src/MySqlConnector/MySqlCommand.cs:line 357
   at MySqlConnector.MySqlCommand.ExecuteDbDataReaderAsync(CommandBehavior behavior, CancellationToken cancellationToken) in /_/src/MySqlConnector/MySqlCommand.cs:line 350
   at Microsoft.EntityFrameworkCore.Storage.RelationalCommand.ExecuteReaderAsync(RelationalCommandParameterObject parameterObject, CancellationToken cancellationToken)
   at Microsoft.EntityFrameworkCore.Storage.RelationalCommand.ExecuteReaderAsync(RelationalCommandParameterObject parameterObject, CancellationToken cancellationToken)
   at Microsoft.EntityFrameworkCore.Update.ReaderModificationCommandBatch.ExecuteAsync(IRelationalConnection connection, CancellationToken cancellationToken)
   --- End of inner exception stack trace ---
   at Microsoft.EntityFrameworkCore.Update.ReaderModificationCommandBatch.ExecuteAsync(IRelationalConnection connection, CancellationToken cancellationToken)
   at Microsoft.EntityFrameworkCore.Update.Internal.BatchExecutor.ExecuteAsync(IEnumerable`1 commandBatches, IRelationalConnection connection, CancellationToken cancellationToken)
   at Microsoft.EntityFrameworkCore.Update.Internal.BatchExecutor.ExecuteAsync(IEnumerable`1 commandBatches, IRelationalConnection connection, CancellationToken cancellationToken)
   at Microsoft.EntityFrameworkCore.Update.Internal.BatchExecutor.ExecuteAsync(IEnumerable`1 commandBatches, IRelationalConnection connection, CancellationToken cancellationToken)
   at Microsoft.EntityFrameworkCore.Storage.RelationalDatabase.SaveChangesAsync(IList`1 entries, CancellationToken cancellationToken)
   at Microsoft.EntityFrameworkCore.ChangeTracking.Internal.StateManager.SaveChangesAsync(IList`1 entriesToSave, CancellationToken cancellationToken)
   at Microsoft.EntityFrameworkCore.ChangeTracking.Internal.StateManager.SaveChangesAsync(StateManager stateManager, Boolean acceptAllChangesOnSuccess, CancellationToken cancellationToken)
   at Pomelo.EntityFrameworkCore.MySql.Storage.Internal.MySqlExecutionStrategy.ExecuteAsync[TState,TResult](TState state, Func`4 operation, Func`4 verifySucceeded, CancellationToken cancellationToken)
   at Microsoft.EntityFrameworkCore.DbContext.SaveChangesAsync(Boolean acceptAllChangesOnSuccess, CancellationToken cancellationToken)
Microsoft.EntityFrameworkCore.DbUpdateException: An error occurred while saving the entity changes. See the inner exception for details.
 ---> MySqlConnector.MySqlException (0x80004005): Field 'RowVersion' doesn't have a default value
   at MySqlConnector.Core.ServerSession.ReceiveReplyAsync(IOBehavior ioBehavior, CancellationToken cancellationToken) in /_/src/MySqlConnector/Core/ServerSession.cs:line 1081
   at MySqlConnector.Core.ResultSet.ReadResultSetHeaderAsync(IOBehavior ioBehavior) in /_/src/MySqlConnector/Core/ResultSet.cs:line 37
   at MySqlConnector.MySqlDataReader.ActivateResultSet(CancellationToken cancellationToken) in /_/src/MySqlConnector/MySqlDataReader.cs:line 131
   at MySqlConnector.MySqlDataReader.InitAsync(CommandListPosition commandListPosition, ICommandPayloadCreator payloadCreator, IDictionary`2 cachedProcedures, IMySqlCommand command, CommandBehavior behavior, Activity activity, IOBehavior ioBehavior, CancellationToken cancellationToken) in /_/src/MySqlConnector/MySqlDataReader.cs:line 487
   at MySqlConnector.Core.CommandExecutor.ExecuteReaderAsync(CommandListPosition commandListPosition, ICommandPayloadCreator payloadCreator, CommandBehavior behavior, Activity activity, IOBehavior ioBehavior, CancellationToken cancellationToken) in /_/src/MySqlConnector/Core/CommandExecutor.cs:line 56
   at MySqlConnector.MySqlCommand.ExecuteReaderAsync(CommandBehavior behavior, IOBehavior ioBehavior, CancellationToken cancellationToken) in /_/src/MySqlConnector/MySqlCommand.cs:line 357
   at MySqlConnector.MySqlCommand.ExecuteDbDataReaderAsync(CommandBehavior behavior, CancellationToken cancellationToken) in /_/src/MySqlConnector/MySqlCommand.cs:line 350
   at Microsoft.EntityFrameworkCore.Storage.RelationalCommand.ExecuteReaderAsync(RelationalCommandParameterObject parameterObject, CancellationToken cancellationToken)
   at Microsoft.EntityFrameworkCore.Storage.RelationalCommand.ExecuteReaderAsync(RelationalCommandParameterObject parameterObject, CancellationToken cancellationToken)
   at Microsoft.EntityFrameworkCore.Update.ReaderModificationCommandBatch.ExecuteAsync(IRelationalConnection connection, CancellationToken cancellationToken)
   --- End of inner exception stack trace ---
   at Microsoft.EntityFrameworkCore.Update.ReaderModificationCommandBatch.ExecuteAsync(IRelationalConnection connection, CancellationToken cancellationToken)
   at Microsoft.EntityFrameworkCore.Update.Internal.BatchExecutor.ExecuteAsync(IEnumerable`1 commandBatches, IRelationalConnection connection, CancellationToken cancellationToken)
   at Microsoft.EntityFrameworkCore.Update.Internal.BatchExecutor.ExecuteAsync(IEnumerable`1 commandBatches, IRelationalConnection connection, CancellationToken cancellationToken)
   at Microsoft.EntityFrameworkCore.Update.Internal.BatchExecutor.ExecuteAsync(IEnumerable`1 commandBatches, IRelationalConnection connection, CancellationToken cancellationToken)
   at Microsoft.EntityFrameworkCore.Storage.RelationalDatabase.SaveChangesAsync(IList`1 entries, CancellationToken cancellationToken)
   at Microsoft.EntityFrameworkCore.ChangeTracking.Internal.StateManager.SaveChangesAsync(IList`1 entriesToSave, CancellationToken cancellationToken)
   at Microsoft.EntityFrameworkCore.ChangeTracking.Internal.StateManager.SaveChangesAsync(StateManager stateManager, Boolean acceptAllChangesOnSuccess, CancellationToken cancellationToken)
   at Pomelo.EntityFrameworkCore.MySql.Storage.Internal.MySqlExecutionStrategy.ExecuteAsync[TState,TResult](TState state, Func`4 operation, Func`4 verifySucceeded, CancellationToken cancellationToken)
   at Microsoft.EntityFrameworkCore.DbContext.SaveChangesAsync(Boolean acceptAllChangesOnSuccess, CancellationToken cancellationToken)
2026-08-26 10:59:54.962 +07:00 [WRN] Startup seeding failed. The app will continue without seed data. Check the database schema and seed configuration.
Microsoft.EntityFrameworkCore.DbUpdateException: An error occurred while saving the entity changes. See the inner exception for details.
 ---> MySqlConnector.MySqlException (0x80004005): Field 'RowVersion' doesn't have a default value
   at MySqlConnector.Core.ServerSession.ReceiveReplyAsync(IOBehavior ioBehavior, CancellationToken cancellationToken) in /_/src/MySqlConnector/Core/ServerSession.cs:line 1081
   at MySqlConnector.Core.ResultSet.ReadResultSetHeaderAsync(IOBehavior ioBehavior) in /_/src/MySqlConnector/Core/ResultSet.cs:line 37
   at MySqlConnector.MySqlDataReader.ActivateResultSet(CancellationToken cancellationToken) in /_/src/MySqlConnector/MySqlDataReader.cs:line 131
   at MySqlConnector.MySqlDataReader.InitAsync(CommandListPosition commandListPosition, ICommandPayloadCreator payloadCreator, IDictionary`2 cachedProcedures, IMySqlCommand command, CommandBehavior behavior, Activity activity, IOBehavior ioBehavior, CancellationToken cancellationToken) in /_/src/MySqlConnector/MySqlDataReader.cs:line 487
   at MySqlConnector.Core.CommandExecutor.ExecuteReaderAsync(CommandListPosition commandListPosition, ICommandPayloadCreator payloadCreator, CommandBehavior behavior, Activity activity, IOBehavior ioBehavior, CancellationToken cancellationToken) in /_/src/MySqlConnector/Core/CommandExecutor.cs:line 56
   at MySqlConnector.MySqlCommand.ExecuteReaderAsync(CommandBehavior behavior, IOBehavior ioBehavior, CancellationToken cancellationToken) in /_/src/MySqlConnector/MySqlCommand.cs:line 357
   at MySqlConnector.MySqlCommand.ExecuteDbDataReaderAsync(CommandBehavior behavior, CancellationToken cancellationToken) in /_/src/MySqlConnector/MySqlCommand.cs:line 350
   at Microsoft.EntityFrameworkCore.Storage.RelationalCommand.ExecuteReaderAsync(RelationalCommandParameterObject parameterObject, CancellationToken cancellationToken)
   at Microsoft.EntityFrameworkCore.Storage.RelationalCommand.ExecuteReaderAsync(RelationalCommandParameterObject parameterObject, CancellationToken cancellationToken)
   at Microsoft.EntityFrameworkCore.Update.ReaderModificationCommandBatch.ExecuteAsync(IRelationalConnection connection, CancellationToken cancellationToken)
   --- End of inner exception stack trace ---
   at Microsoft.EntityFrameworkCore.Update.ReaderModificationCommandBatch.ExecuteAsync(IRelationalConnection connection, CancellationToken cancellationToken)
   at Microsoft.EntityFrameworkCore.Update.Internal.BatchExecutor.ExecuteAsync(IEnumerable`1 commandBatches, IRelationalConnection connection, CancellationToken cancellationToken)
   at Microsoft.EntityFrameworkCore.Update.Internal.BatchExecutor.ExecuteAsync(IEnumerable`1 commandBatches, IRelationalConnection connection, CancellationToken cancellationToken)
   at Microsoft.EntityFrameworkCore.Update.Internal.BatchExecutor.ExecuteAsync(IEnumerable`1 commandBatches, IRelationalConnection connection, CancellationToken cancellationToken)
   at Microsoft.EntityFrameworkCore.Storage.RelationalDatabase.SaveChangesAsync(IList`1 entries, CancellationToken cancellationToken)
   at Microsoft.EntityFrameworkCore.ChangeTracking.Internal.StateManager.SaveChangesAsync(IList`1 entriesToSave, CancellationToken cancellationToken)
   at Microsoft.EntityFrameworkCore.ChangeTracking.Internal.StateManager.SaveChangesAsync(StateManager stateManager, Boolean acceptAllChangesOnSuccess, CancellationToken cancellationToken)
   at Pomelo.EntityFrameworkCore.MySql.Storage.Internal.MySqlExecutionStrategy.ExecuteAsync[TState,TResult](TState state, Func`4 operation, Func`4 verifySucceeded, CancellationToken cancellationToken)
   at Microsoft.EntityFrameworkCore.DbContext.SaveChangesAsync(Boolean acceptAllChangesOnSuccess, CancellationToken cancellationToken)
   at Microsoft.EntityFrameworkCore.DbContext.SaveChangesAsync(Boolean acceptAllChangesOnSuccess, CancellationToken cancellationToken)
   at BLUDRSUD.Infrastructure.Persistence.DbSeeder.SeedAsync(BludRsudDbContext db, UserManager`1 userManager, RoleManager`1 roleManager, ILoggerFactory loggerFactory, CancellationToken ct) in D:\sandi\BLUD\src\BLUDRSUD.Infrastructure\Persistence\DbSeeder.cs:line 41
   at Program.<Main>$(String[] args) in D:\sandi\BLUD\src\bludrsud.web\Program.cs:line 122
2026-08-26 11:04:06.315 +07:00 [WRN] Failed to determine the https port for redirect.
2026-08-26 11:04:06.427 +07:00 [INF] HTTP GET / responded 302 in 86.6550 ms
2026-08-26 11:04:06.452 +07:00 [INF] HTTP GET /Dashboard responded 302 in 9.5394 ms
2026-08-26 11:04:06.555 +07:00 [INF] HTTP GET /Account/Login responded 200 in 93.4773 ms
2026-08-26 11:04:06.569 +07:00 [INF] HTTP GET /lib/tailwind/tailwind.min.css responded 404 in 1.4252 ms
2026-08-26 11:04:06.607 +07:00 [INF] HTTP GET /favicon.ico responded 404 in 0.4508 ms
2026-08-26 11:04:06.608 +07:00 [INF] HTTP GET /lib/tailwind/tailwind.min.css responded 404 in 0.1081 ms
2026-08-26 11:04:22.826 +07:00 [INF] User admin logged in.
2026-08-26 11:04:22.833 +07:00 [INF] HTTP POST /Account/Login responded 302 in 699.3682 ms
2026-08-26 11:04:23.015 +07:00 [INF] HTTP GET /Dashboard responded 200 in 173.9584 ms
2026-08-26 11:04:55.910 +07:00 [INF] HTTP GET /Dashboard responded 302 in 1.8371 ms
2026-08-26 11:04:55.977 +07:00 [INF] HTTP GET /Account/Login responded 200 in 37.1061 ms
2026-08-26 11:04:56.059 +07:00 [INF] HTTP GET /lib/tailwind/tailwind.min.css responded 404 in 0.1342 ms
2026-08-26 11:04:56.228 +07:00 [INF] HTTP GET /favicon.ico responded 404 in 0.1172 ms
2026-08-26 11:05:11.415 +07:00 [INF] User admin logged in.
2026-08-26 11:05:11.417 +07:00 [INF] HTTP POST /Account/Login responded 302 in 79.5272 ms
2026-08-26 11:05:11.432 +07:00 [INF] HTTP GET /Dashboard responded 200 in 9.4413 ms
2026-08-26 11:05:58.573 +07:00 [INF] HTTP GET /Dashboard responded 200 in 9.9347 ms
2026-08-26 11:13:58.247 +07:00 [INF] Seeded 49 chart-of-accounts entries.
2026-08-26 11:13:58.304 +07:00 [INF] Seeded organization tree.
2026-08-26 11:13:58.345 +07:00 [INF] Seeded cost centers.
2026-08-26 11:13:58.374 +07:00 [INF] Seeded fund sources.
2026-08-26 11:13:58.416 +07:00 [INF] Seeded 2026 accounting periods.
2026-08-26 11:13:58.553 +07:00 [ERR] Failed executing DbCommand (14ms) [Parameters=[@p0='?' (DbType = Guid), @p1='?' (DbType = DateTime), @p2='?' (Size = 100), @p3='?' (Size = 20), @p4='?' (DbType = DateTime), @p5='?' (Size = 100), @p6='?' (DbType = DateTime), @p7='?' (Size = 100), @p8='?' (DbType = DateTime), @p9='?' (DbType = Int32), @p10='?' (DbType = Boolean), @p11='?' (Size = 100), @p12='?' (DbType = Int32), @p13='?' (Size = 20), @p14='?' (DbType = DateTime), @p15='?' (Size = 20), @p16='?' (DbType = DateTime), @p17='?' (Size = 100), @p18='?' (DbType = Guid), @p19='?' (DbType = DateTime), @p20='?' (Size = 100), @p21='?' (Size = 20), @p22='?' (DbType = DateTime), @p23='?' (Size = 100), @p24='?' (DbType = DateTime), @p25='?' (Size = 100), @p26='?' (DbType = DateTime), @p27='?' (DbType = Int32), @p28='?' (DbType = Boolean), @p29='?' (Size = 100), @p30='?' (DbType = Int32), @p31='?' (Size = 20), @p32='?' (DbType = DateTime), @p33='?' (Size = 20), @p34='?' (DbType = DateTime), @p35='?' (Size = 100), @p36='?' (DbType = Guid), @p37='?' (DbType = DateTime), @p38='?' (Size = 100), @p39='?' (Size = 20), @p40='?' (DbType = DateTime), @p41='?' (Size = 100), @p42='?' (DbType = DateTime), @p43='?' (Size = 100), @p44='?' (DbType = DateTime), @p45='?' (DbType = Int32), @p46='?' (DbType = Boolean), @p47='?' (Size = 100), @p48='?' (DbType = Int32), @p49='?' (Size = 20), @p50='?' (DbType = DateTime), @p51='?' (Size = 20), @p52='?' (DbType = DateTime), @p53='?' (Size = 100), @p54='?' (DbType = Guid), @p55='?' (DbType = DateTime), @p56='?' (Size = 100), @p57='?' (Size = 20), @p58='?' (DbType = DateTime), @p59='?' (Size = 100), @p60='?' (DbType = DateTime), @p61='?' (Size = 100), @p62='?' (DbType = DateTime), @p63='?' (DbType = Int32), @p64='?' (DbType = Boolean), @p65='?' (Size = 100), @p66='?' (DbType = Int32), @p67='?' (Size = 20), @p68='?' (DbType = DateTime), @p69='?' (Size = 20), @p70='?' (DbType = DateTime), @p71='?' (Size = 100), @p72='?' (DbType = Guid), @p73='?' (DbType = DateTime), @p74='?' (Size = 100), @p75='?' (Size = 20), @p76='?' (DbType = DateTime), @p77='?' (Size = 100), @p78='?' (DbType = DateTime), @p79='?' (Size = 100), @p80='?' (DbType = DateTime), @p81='?' (DbType = Int32), @p82='?' (DbType = Boolean), @p83='?' (Size = 100), @p84='?' (DbType = Int32), @p85='?' (Size = 20), @p86='?' (DbType = DateTime), @p87='?' (Size = 20), @p88='?' (DbType = DateTime), @p89='?' (Size = 100), @p90='?' (DbType = Guid), @p91='?' (DbType = DateTime), @p92='?' (Size = 100), @p93='?' (Size = 20), @p94='?' (DbType = DateTime), @p95='?' (Size = 100), @p96='?' (DbType = DateTime), @p97='?' (Size = 100), @p98='?' (DbType = DateTime), @p99='?' (DbType = Int32), @p100='?' (DbType = Boolean), @p101='?' (Size = 100), @p102='?' (DbType = Int32), @p103='?' (Size = 20), @p104='?' (DbType = DateTime), @p105='?' (Size = 20), @p106='?' (DbType = DateTime), @p107='?' (Size = 100), @p108='?' (DbType = Guid), @p109='?' (DbType = DateTime), @p110='?' (Size = 100), @p111='?' (Size = 20), @p112='?' (DbType = DateTime), @p113='?' (Size = 100), @p114='?' (DbType = DateTime), @p115='?' (Size = 100), @p116='?' (DbType = DateTime), @p117='?' (DbType = Int32), @p118='?' (DbType = Boolean), @p119='?' (Size = 100), @p120='?' (DbType = Int32), @p121='?' (Size = 20), @p122='?' (DbType = DateTime), @p123='?' (Size = 20), @p124='?' (DbType = DateTime), @p125='?' (Size = 100), @p126='?' (DbType = Guid), @p127='?' (DbType = DateTime), @p128='?' (Size = 100), @p129='?' (Size = 20), @p130='?' (DbType = DateTime), @p131='?' (Size = 100), @p132='?' (DbType = DateTime), @p133='?' (Size = 100), @p134='?' (DbType = DateTime), @p135='?' (DbType = Int32), @p136='?' (DbType = Boolean), @p137='?' (Size = 100), @p138='?' (DbType = Int32), @p139='?' (Size = 20), @p140='?' (DbType = DateTime), @p141='?' (Size = 20), @p142='?' (DbType = DateTime), @p143='?' (Size = 100), @p144='?' (DbType = Guid), @p145='?' (DbType = DateTime), @p146='?' (Size = 100), @p147='?' (Size = 20), @p148='?' (DbType = DateTime), @p149='?' (Size = 100), @p150='?' (DbType = DateTime), @p151='?' (Size = 100), @p152='?' (DbType = DateTime), @p153='?' (DbType = Int32), @p154='?' (DbType = Boolean), @p155='?' (Size = 100), @p156='?' (DbType = Int32), @p157='?' (Size = 20), @p158='?' (DbType = DateTime), @p159='?' (Size = 20), @p160='?' (DbType = DateTime), @p161='?' (Size = 100), @p162='?' (DbType = Guid), @p163='?' (DbType = DateTime), @p164='?' (Size = 100), @p165='?' (Size = 20), @p166='?' (DbType = DateTime), @p167='?' (Size = 100), @p168='?' (DbType = DateTime), @p169='?' (Size = 100), @p170='?' (DbType = DateTime), @p171='?' (DbType = Int32), @p172='?' (DbType = Boolean), @p173='?' (Size = 100), @p174='?' (DbType = Int32), @p175='?' (Size = 20), @p176='?' (DbType = DateTime), @p177='?' (Size = 20), @p178='?' (DbType = DateTime), @p179='?' (Size = 100), @p180='?' (DbType = Guid), @p181='?' (DbType = DateTime), @p182='?' (Size = 100), @p183='?' (Size = 20), @p184='?' (DbType = DateTime), @p185='?' (Size = 100), @p186='?' (DbType = DateTime), @p187='?' (Size = 100), @p188='?' (DbType = DateTime), @p189='?' (DbType = Int32), @p190='?' (DbType = Boolean), @p191='?' (Size = 100), @p192='?' (DbType = Int32), @p193='?' (Size = 20), @p194='?' (DbType = DateTime), @p195='?' (Size = 20), @p196='?' (DbType = DateTime), @p197='?' (Size = 100), @p198='?' (DbType = Guid), @p199='?' (DbType = DateTime), @p200='?' (Size = 100), @p201='?' (Size = 20), @p202='?' (DbType = DateTime), @p203='?' (Size = 100), @p204='?' (DbType = DateTime), @p205='?' (Size = 100), @p206='?' (DbType = DateTime), @p207='?' (DbType = Int32), @p208='?' (DbType = Boolean), @p209='?' (Size = 100), @p210='?' (DbType = Int32), @p211='?' (Size = 20), @p212='?' (DbType = DateTime), @p213='?' (Size = 20), @p214='?' (DbType = DateTime), @p215='?' (Size = 100), @p216='?' (DbType = Guid), @p217='?' (DbType = DateTime), @p218='?' (Size = 100), @p219='?' (Size = 20), @p220='?' (DbType = DateTime), @p221='?' (Size = 100), @p222='?' (DbType = DateTime), @p223='?' (Size = 100), @p224='?' (DbType = DateTime), @p225='?' (DbType = Int32), @p226='?' (DbType = Boolean), @p227='?' (Size = 100), @p228='?' (DbType = Int32), @p229='?' (Size = 20), @p230='?' (DbType = DateTime), @p231='?' (Size = 20), @p232='?' (DbType = DateTime), @p233='?' (Size = 100), @p234='?' (DbType = Guid), @p235='?' (Size = 30), @p236='?' (DbType = Boolean), @p237='?' (Size = 50), @p238='?' (DbType = DateTime), @p239='?' (Size = 100), @p240='?' (DbType = DateTime), @p241='?' (Size = 100), @p242='?' (Size = 50), @p243='?' (DbType = Boolean), @p244='?' (DbType = Boolean), @p245='?' (DbType = Int32), @p246='?' (Size = 255), @p247='?' (Size = 10), @p248='?' (DbType = Guid), @p249='?' (Size = 40), @p250='?' (DbType = DateTime), @p251='?' (Size = 100), @p252='?' (DbType = Guid), @p253='?' (Size = 30), @p254='?' (DbType = Boolean), @p255='?' (Size = 50), @p256='?' (DbType = DateTime), @p257='?' (Size = 100), @p258='?' (DbType = DateTime), @p259='?' (Size = 100), @p260='?' (Size = 50), @p261='?' (DbType = Boolean), @p262='?' (DbType = Boolean), @p263='?' (DbType = Int32), @p264='?' (Size = 255), @p265='?' (Size = 10), @p266='?' (DbType = Guid), @p267='?' (Size = 40), @p268='?' (DbType = DateTime), @p269='?' (Size = 100), @p270='?' (DbType = Guid), @p271='?' (Size = 30), @p272='?' (DbType = Boolean), @p273='?' (Size = 50), @p274='?' (DbType = DateTime), @p275='?' (Size = 100), @p276='?' (DbType = DateTime), @p277='?' (Size = 100), @p278='?' (Size = 50), @p279='?' (DbType = Boolean), @p280='?' (DbType = Boolean), @p281='?' (DbType = Int32), @p282='?' (Size = 255), @p283='?' (Size = 10), @p284='?' (DbType = Guid), @p285='?' (Size = 40), @p286='?' (DbType = DateTime), @p287='?' (Size = 100), @p288='?' (DbType = Guid), @p289='?' (Size = 30), @p290='?' (DbType = Boolean), @p291='?' (Size = 50), @p292='?' (DbType = DateTime), @p293='?' (Size = 100), @p294='?' (DbType = DateTime), @p295='?' (Size = 100), @p296='?' (Size = 50), @p297='?' (DbType = Boolean), @p298='?' (DbType = Boolean), @p299='?' (DbType = Int32), @p300='?' (Size = 255), @p301='?' (Size = 10), @p302='?' (DbType = Guid), @p303='?' (Size = 40), @p304='?' (DbType = DateTime), @p305='?' (Size = 100), @p306='?' (DbType = Guid), @p307='?' (Size = 30), @p308='?' (DbType = Boolean), @p309='?' (Size = 50), @p310='?' (DbType = DateTime), @p311='?' (Size = 100), @p312='?' (DbType = DateTime), @p313='?' (Size = 100), @p314='?' (Size = 50), @p315='?' (DbType = Boolean), @p316='?' (DbType = Boolean), @p317='?' (DbType = Int32), @p318='?' (Size = 255), @p319='?' (Size = 10), @p320='?' (DbType = Guid), @p321='?' (Size = 40), @p322='?' (DbType = DateTime), @p323='?' (Size = 100), @p324='?' (DbType = Guid), @p325='?' (Size = 30), @p326='?' (DbType = Boolean), @p327='?' (Size = 50), @p328='?' (DbType = DateTime), @p329='?' (Size = 100), @p330='?' (DbType = DateTime), @p331='?' (Size = 100), @p332='?' (Size = 50), @p333='?' (DbType = Boolean), @p334='?' (DbType = Boolean), @p335='?' (DbType = Int32), @p336='?' (Size = 255), @p337='?' (Size = 10), @p338='?' (DbType = Guid), @p339='?' (Size = 40), @p340='?' (DbType = DateTime), @p341='?' (Size = 100), @p342='?' (DbType = Guid), @p343='?' (Size = 30), @p344='?' (DbType = Boolean), @p345='?' (Size = 50), @p346='?' (DbType = DateTime), @p347='?' (Size = 100), @p348='?' (DbType = DateTime), @p349='?' (Size = 100), @p350='?' (Size = 50), @p351='?' (DbType = Boolean), @p352='?' (DbType = Boolean), @p353='?' (DbType = Int32), @p354='?' (Size = 255), @p355='?' (Size = 10), @p356='?' (DbType = Guid), @p357='?' (Size = 40), @p358='?' (DbType = DateTime), @p359='?' (Size = 100), @p360='?' (DbType = Guid), @p361='?' (Size = 50), @p362='?' (Size = 50), @p363='?' (DbType = DateTime), @p364='?' (Size = 100), @p365='?' (DbType = DateTime), @p366='?' (Size = 100), @p367='?' (Size = 500), @p368='?' (DbType = Boolean), @p369='?' (Size = 255), @p370='?' (DbType = Guid), @p371='?' (DbType = Guid), @p372='?' (DbType = DateTime), @p373='?' (Size = 100), @p374='?' (DbType = Guid), @p375='?' (Size = 50), @p376='?' (Size = 50), @p377='?' (DbType = DateTime), @p378='?' (Size = 100), @p379='?' (DbType = DateTime), @p380='?' (Size = 100), @p381='?' (Size = 500), @p382='?' (DbType = Boolean), @p383='?' (Size = 255), @p384='?' (DbType = Guid), @p385='?' (DbType = Guid), @p386='?' (DbType = DateTime), @p387='?' (Size = 100), @p388='?' (DbType = Guid), @p389='?' (Size = 50), @p390='?' (Size = 50), @p391='?' (DbType = DateTime), @p392='?' (Size = 100), @p393='?' (DbType = DateTime), @p394='?' (Size = 100), @p395='?' (Size = 500), @p396='?' (DbType = Boolean), @p397='?' (Size = 255), @p398='?' (DbType = Guid), @p399='?' (DbType = Guid), @p400='?' (DbType = DateTime), @p401='?' (Size = 100), @p402='?' (DbType = Guid), @p403='?' (Size = 50), @p404='?' (Size = 50), @p405='?' (DbType = DateTime), @p406='?' (Size = 100), @p407='?' (DbType = DateTime), @p408='?' (Size = 100), @p409='?' (Size = 500), @p410='?' (DbType = Boolean), @p411='?' (Size = 255), @p412='?' (DbType = Guid), @p413='?' (DbType = Guid), @p414='?' (DbType = DateTime), @p415='?' (Size = 100), @p416='?' (DbType = Guid), @p417='?' (Size = 50), @p418='?' (Size = 50), @p419='?' (DbType = DateTime), @p420='?' (Size = 100), @p421='?' (DbType = DateTime), @p422='?' (Size = 100), @p423='?' (Size = 500), @p424='?' (DbType = Boolean), @p425='?' (Size = 255), @p426='?' (DbType = Guid), @p427='?' (DbType = Guid), @p428='?' (DbType = DateTime), @p429='?' (Size = 100), @p430='?' (DbType = Guid), @p431='?' (Size = 50), @p432='?' (Size = 50), @p433='?' (DbType = DateTime), @p434='?' (Size = 100), @p435='?' (DbType = DateTime), @p436='?' (Size = 100), @p437='?' (Size = 500), @p438='?' (DbType = Boolean), @p439='?' (Size = 255), @p440='?' (DbType = Guid), @p441='?' (DbType = Guid), @p442='?' (DbType = DateTime), @p443='?' (Size = 100), @p444='?' (DbType = Guid), @p445='?' (Size = 50), @p446='?' (Size = 50), @p447='?' (DbType = DateTime), @p448='?' (Size = 100), @p449='?' (DbType = DateTime), @p450='?' (Size = 100), @p451='?' (Size = 500), @p452='?' (DbType = Boolean), @p453='?' (Size = 255), @p454='?' (DbType = Guid), @p455='?' (DbType = Guid), @p456='?' (DbType = DateTime), @p457='?' (Size = 100), @p458='?' (DbType = Guid), @p459='?' (Size = 50), @p460='?' (DbType = DateTime), @p461='?' (Size = 100), @p462='?' (DbType = DateTime), @p463='?' (Size = 100), @p464='?' (Size = 500), @p465='?' (Size = 50), @p466='?' (DbType = Boolean), @p467='?' (Size = 255), @p468='?' (DbType = Guid), @p469='?' (DbType = DateTime), @p470='?' (Size = 100), @p471='?' (DbType = Guid), @p472='?' (Size = 50), @p473='?' (DbType = DateTime), @p474='?' (Size = 100), @p475='?' (DbType = DateTime), @p476='?' (Size = 100), @p477='?' (Size = 500), @p478='?' (Size = 50), @p479='?' (DbType = Boolean), @p480='?' (Size = 255), @p481='?' (DbType = Guid), @p482='?' (DbType = DateTime), @p483='?' (Size = 100), @p484='?' (DbType = Guid), @p485='?' (Size = 50), @p486='?' (DbType = DateTime), @p487='?' (Size = 100), @p488='?' (DbType = DateTime), @p489='?' (Size = 100), @p490='?' (Size = 500), @p491='?' (Size = 50), @p492='?' (DbType = Boolean), @p493='?' (Size = 255), @p494='?' (DbType = Guid), @p495='?' (DbType = DateTime), @p496='?' (Size = 100), @p497='?' (DbType = Guid), @p498='?' (Size = 50), @p499='?' (DbType = DateTime), @p500='?' (Size = 100), @p501='?' (DbType = DateTime), @p502='?' (Size = 100), @p503='?' (Size = 500), @p504='?' (Size = 50), @p505='?' (DbType = Boolean), @p506='?' (Size = 255), @p507='?' (DbType = Guid), @p508='?' (DbType = DateTime), @p509='?' (Size = 100), @p510='?' (DbType = Guid), @p511='?' (Size = 50), @p512='?' (DbType = DateTime), @p513='?' (Size = 100), @p514='?' (DbType = DateTime), @p515='?' (Size = 100), @p516='?' (Size = 500), @p517='?' (Size = 50), @p518='?' (DbType = Boolean), @p519='?' (Size = 255), @p520='?' (DbType = Guid), @p521='?' (DbType = DateTime), @p522='?' (Size = 100), @p523='?' (DbType = Guid), @p524='?' (Size = 50), @p525='?' (DbType = DateTime), @p526='?' (Size = 100), @p527='?' (DbType = DateTime), @p528='?' (Size = 100), @p529='?' (Size = 200), @p530='?' (DbType = Boolean), @p531='?' (DbType = Int32), @p532='?' (Size = 255), @p533='?' (Size = 50), @p534='?' (DbType = Guid), @p535='?' (DbType = DateTime), @p536='?' (Size = 100), @p537='?' (DbType = Guid), @p538='?' (Size = 30), @p539='?' (DbType = Boolean), @p540='?' (Size = 50), @p541='?' (DbType = DateTime), @p542='?' (Size = 100), @p543='?' (DbType = DateTime), @p544='?' (Size = 100), @p545='?' (Size = 50), @p546='?' (DbType = Boolean), @p547='?' (DbType = Boolean), @p548='?' (DbType = Int32), @p549='?' (Size = 255), @p550='?' (Size = 10), @p551='?' (DbType = Guid), @p552='?' (Size = 40), @p553='?' (DbType = DateTime), @p554='?' (Size = 100), @p555='?' (DbType = Guid), @p556='?' (Size = 30), @p557='?' (DbType = Boolean), @p558='?' (Size = 50), @p559='?' (DbType = DateTime), @p560='?' (Size = 100), @p561='?' (DbType = DateTime), @p562='?' (Size = 100), @p563='?' (Size = 50), @p564='?' (DbType = Boolean), @p565='?' (DbType = Boolean), @p566='?' (DbType = Int32), @p567='?' (Size = 255), @p568='?' (Size = 10), @p569='?' (DbType = Guid), @p570='?' (Size = 40), @p571='?' (DbType = DateTime), @p572='?' (Size = 100), @p573='?' (DbType = Guid), @p574='?' (Size = 30), @p575='?' (DbType = Boolean), @p576='?' (Size = 50), @p577='?' (DbType = DateTime), @p578='?' (Size = 100), @p579='?' (DbType = DateTime), @p580='?' (Size = 100), @p581='?' (Size = 50), @p582='?' (DbType = Boolean), @p583='?' (DbType = Boolean), @p584='?' (DbType = Int32), @p585='?' (Size = 255), @p586='?' (Size = 10), @p587='?' (DbType = Guid), @p588='?' (Size = 40), @p589='?' (DbType = DateTime), @p590='?' (Size = 100), @p591='?' (DbType = Guid), @p592='?' (Size = 30), @p593='?' (DbType = Boolean), @p594='?' (Size = 50), @p595='?' (DbType = DateTime), @p596='?' (Size = 100), @p597='?' (DbType = DateTime), @p598='?' (Size = 100), @p599='?' (Size = 50), @p600='?' (DbType = Boolean), @p601='?' (DbType = Boolean), @p602='?' (DbType = Int32), @p603='?' (Size = 255), @p604='?' (Size = 10), @p605='?' (DbType = Guid), @p606='?' (Size = 40), @p607='?' (DbType = DateTime), @p608='?' (Size = 100), @p609='?' (DbType = Guid), @p610='?' (Size = 30), @p611='?' (DbType = Boolean), @p612='?' (Size = 50), @p613='?' (DbType = DateTime), @p614='?' (Size = 100), @p615='?' (DbType = DateTime), @p616='?' (Size = 100), @p617='?' (Size = 50), @p618='?' (DbType = Boolean), @p619='?' (DbType = Boolean), @p620='?' (DbType = Int32), @p621='?' (Size = 255), @p622='?' (Size = 10), @p623='?' (DbType = Guid), @p624='?' (Size = 40), @p625='?' (DbType = DateTime), @p626='?' (Size = 100), @p627='?' (DbType = Guid), @p628='?' (Size = 30), @p629='?' (DbType = Boolean), @p630='?' (Size = 50), @p631='?' (DbType = DateTime), @p632='?' (Size = 100), @p633='?' (DbType = DateTime), @p634='?' (Size = 100), @p635='?' (Size = 50), @p636='?' (DbType = Boolean), @p637='?' (DbType = Boolean), @p638='?' (DbType = Int32), @p639='?' (Size = 255), @p640='?' (Size = 10), @p641='?' (DbType = Guid), @p642='?' (Size = 40), @p643='?' (DbType = DateTime), @p644='?' (Size = 100), @p645='?' (DbType = Guid), @p646='?' (Size = 30), @p647='?' (DbType = Boolean), @p648='?' (Size = 50), @p649='?' (DbType = DateTime), @p650='?' (Size = 100), @p651='?' (DbType = DateTime), @p652='?' (Size = 100), @p653='?' (Size = 50), @p654='?' (DbType = Boolean), @p655='?' (DbType = Boolean), @p656='?' (DbType = Int32), @p657='?' (Size = 255), @p658='?' (Size = 10), @p659='?' (DbType = Guid), @p660='?' (Size = 40), @p661='?' (DbType = DateTime), @p662='?' (Size = 100), @p663='?' (DbType = Guid), @p664='?' (Size = 30), @p665='?' (DbType = Boolean), @p666='?' (Size = 50), @p667='?' (DbType = DateTime), @p668='?' (Size = 100), @p669='?' (DbType = DateTime), @p670='?' (Size = 100), @p671='?' (Size = 50), @p672='?' (DbType = Boolean), @p673='?' (DbType = Boolean), @p674='?' (DbType = Int32), @p675='?' (Size = 255), @p676='?' (Size = 10), @p677='?' (DbType = Guid), @p678='?' (Size = 40), @p679='?' (DbType = DateTime), @p680='?' (Size = 100), @p681='?' (DbType = Guid), @p682='?' (Size = 30), @p683='?' (DbType = Boolean), @p684='?' (Size = 50), @p685='?' (DbType = DateTime), @p686='?' (Size = 100), @p687='?' (DbType = DateTime), @p688='?' (Size = 100), @p689='?' (Size = 50), @p690='?' (DbType = Boolean), @p691='?' (DbType = Boolean), @p692='?' (DbType = Int32), @p693='?' (Size = 255), @p694='?' (Size = 10), @p695='?' (DbType = Guid), @p696='?' (Size = 40), @p697='?' (DbType = DateTime), @p698='?' (Size = 100)], CommandType='"Text"', CommandTimeout='30']
INSERT INTO `accounting_periods` (`Id`, `ClosedAt`, `ClosedBy`, `Code`, `CreatedAt`, `CreatedBy`, `DeletedAt`, `DeletedBy`, `EndDate`, `FiscalYear`, `IsCurrent`, `Name`, `PeriodNumber`, `PeriodType`, `StartDate`, `Status`, `UpdatedAt`, `UpdatedBy`)
VALUES (@p0, @p1, @p2, @p3, @p4, @p5, @p6, @p7, @p8, @p9, @p10, @p11, @p12, @p13, @p14, @p15, @p16, @p17);
SELECT `RowVersion`
FROM `accounting_periods`
WHERE ROW_COUNT() = 1 AND `Id` = @p0;

INSERT INTO `accounting_periods` (`Id`, `ClosedAt`, `ClosedBy`, `Code`, `CreatedAt`, `CreatedBy`, `DeletedAt`, `DeletedBy`, `EndDate`, `FiscalYear`, `IsCurrent`, `Name`, `PeriodNumber`, `PeriodType`, `StartDate`, `Status`, `UpdatedAt`, `UpdatedBy`)
VALUES (@p18, @p19, @p20, @p21, @p22, @p23, @p24, @p25, @p26, @p27, @p28, @p29, @p30, @p31, @p32, @p33, @p34, @p35);
SELECT `RowVersion`
FROM `accounting_periods`
WHERE ROW_COUNT() = 1 AND `Id` = @p18;

INSERT INTO `accounting_periods` (`Id`, `ClosedAt`, `ClosedBy`, `Code`, `CreatedAt`, `CreatedBy`, `DeletedAt`, `DeletedBy`, `EndDate`, `FiscalYear`, `IsCurrent`, `Name`, `PeriodNumber`, `PeriodType`, `StartDate`, `Status`, `UpdatedAt`, `UpdatedBy`)
VALUES (@p36, @p37, @p38, @p39, @p40, @p41, @p42, @p43, @p44, @p45, @p46, @p47, @p48, @p49, @p50, @p51, @p52, @p53);
SELECT `RowVersion`
FROM `accounting_periods`
WHERE ROW_COUNT() = 1 AND `Id` = @p36;

INSERT INTO `accounting_periods` (`Id`, `ClosedAt`, `ClosedBy`, `Code`, `CreatedAt`, `CreatedBy`, `DeletedAt`, `DeletedBy`, `EndDate`, `FiscalYear`, `IsCurrent`, `Name`, `PeriodNumber`, `PeriodType`, `StartDate`, `Status`, `UpdatedAt`, `UpdatedBy`)
VALUES (@p54, @p55, @p56, @p57, @p58, @p59, @p60, @p61, @p62, @p63, @p64, @p65, @p66, @p67, @p68, @p69, @p70, @p71);
SELECT `RowVersion`
FROM `accounting_periods`
WHERE ROW_COUNT() = 1 AND `Id` = @p54;

INSERT INTO `accounting_periods` (`Id`, `ClosedAt`, `ClosedBy`, `Code`, `CreatedAt`, `CreatedBy`, `DeletedAt`, `DeletedBy`, `EndDate`, `FiscalYear`, `IsCurrent`, `Name`, `PeriodNumber`, `PeriodType`, `StartDate`, `Status`, `UpdatedAt`, `UpdatedBy`)
VALUES (@p72, @p73, @p74, @p75, @p76, @p77, @p78, @p79, @p80, @p81, @p82, @p83, @p84, @p85, @p86, @p87, @p88, @p89);
SELECT `RowVersion`
FROM `accounting_periods`
WHERE ROW_COUNT() = 1 AND `Id` = @p72;

INSERT INTO `accounting_periods` (`Id`, `ClosedAt`, `ClosedBy`, `Code`, `CreatedAt`, `CreatedBy`, `DeletedAt`, `DeletedBy`, `EndDate`, `FiscalYear`, `IsCurrent`, `Name`, `PeriodNumber`, `PeriodType`, `StartDate`, `Status`, `UpdatedAt`, `UpdatedBy`)
VALUES (@p90, @p91, @p92, @p93, @p94, @p95, @p96, @p97, @p98, @p99, @p100, @p101, @p102, @p103, @p104, @p105, @p106, @p107);
SELECT `RowVersion`
FROM `accounting_periods`
WHERE ROW_COUNT() = 1 AND `Id` = @p90;

INSERT INTO `accounting_periods` (`Id`, `ClosedAt`, `ClosedBy`, `Code`, `CreatedAt`, `CreatedBy`, `DeletedAt`, `DeletedBy`, `EndDate`, `FiscalYear`, `IsCurrent`, `Name`, `PeriodNumber`, `PeriodType`, `StartDate`, `Status`, `UpdatedAt`, `UpdatedBy`)
VALUES (@p108, @p109, @p110, @p111, @p112, @p113, @p114, @p115, @p116, @p117, @p118, @p119, @p120, @p121, @p122, @p123, @p124, @p125);
SELECT `RowVersion`
FROM `accounting_periods`
WHERE ROW_COUNT() = 1 AND `Id` = @p108;

INSERT INTO `accounting_periods` (`Id`, `ClosedAt`, `ClosedBy`, `Code`, `CreatedAt`, `CreatedBy`, `DeletedAt`, `DeletedBy`, `EndDate`, `FiscalYear`, `IsCurrent`, `Name`, `PeriodNumber`, `PeriodType`, `StartDate`, `Status`, `UpdatedAt`, `UpdatedBy`)
VALUES (@p126, @p127, @p128, @p129, @p130, @p131, @p132, @p133, @p134, @p135, @p136, @p137, @p138, @p139, @p140, @p141, @p142, @p143);
SELECT `RowVersion`
FROM `accounting_periods`
WHERE ROW_COUNT() = 1 AND `Id` = @p126;

INSERT INTO `accounting_periods` (`Id`, `ClosedAt`, `ClosedBy`, `Code`, `CreatedAt`, `CreatedBy`, `DeletedAt`, `DeletedBy`, `EndDate`, `FiscalYear`, `IsCurrent`, `Name`, `PeriodNumber`, `PeriodType`, `StartDate`, `Status`, `UpdatedAt`, `UpdatedBy`)
VALUES (@p144, @p145, @p146, @p147, @p148, @p149, @p150, @p151, @p152, @p153, @p154, @p155, @p156, @p157, @p158, @p159, @p160, @p161);
SELECT `RowVersion`
FROM `accounting_periods`
WHERE ROW_COUNT() = 1 AND `Id` = @p144;

INSERT INTO `accounting_periods` (`Id`, `ClosedAt`, `ClosedBy`, `Code`, `CreatedAt`, `CreatedBy`, `DeletedAt`, `DeletedBy`, `EndDate`, `FiscalYear`, `IsCurrent`, `Name`, `PeriodNumber`, `PeriodType`, `StartDate`, `Status`, `UpdatedAt`, `UpdatedBy`)
VALUES (@p162, @p163, @p164, @p165, @p166, @p167, @p168, @p169, @p170, @p171, @p172, @p173, @p174, @p175, @p176, @p177, @p178, @p179);
SELECT `RowVersion`
FROM `accounting_periods`
WHERE ROW_COUNT() = 1 AND `Id` = @p162;

INSERT INTO `accounting_periods` (`Id`, `ClosedAt`, `ClosedBy`, `Code`, `CreatedAt`, `CreatedBy`, `DeletedAt`, `DeletedBy`, `EndDate`, `FiscalYear`, `IsCurrent`, `Name`, `PeriodNumber`, `PeriodType`, `StartDate`, `Status`, `UpdatedAt`, `UpdatedBy`)
VALUES (@p180, @p181, @p182, @p183, @p184, @p185, @p186, @p187, @p188, @p189, @p190, @p191, @p192, @p193, @p194, @p195, @p196, @p197);
SELECT `RowVersion`
FROM `accounting_periods`
WHERE ROW_COUNT() = 1 AND `Id` = @p180;

INSERT INTO `accounting_periods` (`Id`, `ClosedAt`, `ClosedBy`, `Code`, `CreatedAt`, `CreatedBy`, `DeletedAt`, `DeletedBy`, `EndDate`, `FiscalYear`, `IsCurrent`, `Name`, `PeriodNumber`, `PeriodType`, `StartDate`, `Status`, `UpdatedAt`, `UpdatedBy`)
VALUES (@p198, @p199, @p200, @p201, @p202, @p203, @p204, @p205, @p206, @p207, @p208, @p209, @p210, @p211, @p212, @p213, @p214, @p215);
SELECT `RowVersion`
FROM `accounting_periods`
WHERE ROW_COUNT() = 1 AND `Id` = @p198;

INSERT INTO `accounting_periods` (`Id`, `ClosedAt`, `ClosedBy`, `Code`, `CreatedAt`, `CreatedBy`, `DeletedAt`, `DeletedBy`, `EndDate`, `FiscalYear`, `IsCurrent`, `Name`, `PeriodNumber`, `PeriodType`, `StartDate`, `Status`, `UpdatedAt`, `UpdatedBy`)
VALUES (@p216, @p217, @p218, @p219, @p220, @p221, @p222, @p223, @p224, @p225, @p226, @p227, @p228, @p229, @p230, @p231, @p232, @p233);
SELECT `RowVersion`
FROM `accounting_periods`
WHERE ROW_COUNT() = 1 AND `Id` = @p216;

INSERT INTO `accounts` (`Id`, `AccountType`, `AllowPosting`, `Code`, `CreatedAt`, `CreatedBy`, `DeletedAt`, `DeletedBy`, `ExternalCode`, `IsActive`, `IsHeader`, `Level`, `Name`, `NormalBalance`, `ParentId`, `ReportMapping`, `UpdatedAt`, `UpdatedBy`)
VALUES (@p234, @p235, @p236, @p237, @p238, @p239, @p240, @p241, @p242, @p243, @p244, @p245, @p246, @p247, @p248, @p249, @p250, @p251);
SELECT `RowVersion`
FROM `accounts`
WHERE ROW_COUNT() = 1 AND `Id` = @p234;

INSERT INTO `accounts` (`Id`, `AccountType`, `AllowPosting`, `Code`, `CreatedAt`, `CreatedBy`, `DeletedAt`, `DeletedBy`, `ExternalCode`, `IsActive`, `IsHeader`, `Level`, `Name`, `NormalBalance`, `ParentId`, `ReportMapping`, `UpdatedAt`, `UpdatedBy`)
VALUES (@p252, @p253, @p254, @p255, @p256, @p257, @p258, @p259, @p260, @p261, @p262, @p263, @p264, @p265, @p266, @p267, @p268, @p269);
SELECT `RowVersion`
FROM `accounts`
WHERE ROW_COUNT() = 1 AND `Id` = @p252;

INSERT INTO `accounts` (`Id`, `AccountType`, `AllowPosting`, `Code`, `CreatedAt`, `CreatedBy`, `DeletedAt`, `DeletedBy`, `ExternalCode`, `IsActive`, `IsHeader`, `Level`, `Name`, `NormalBalance`, `ParentId`, `ReportMapping`, `UpdatedAt`, `UpdatedBy`)
VALUES (@p270, @p271, @p272, @p273, @p274, @p275, @p276, @p277, @p278, @p279, @p280, @p281, @p282, @p283, @p284, @p285, @p286, @p287);
SELECT `RowVersion`
FROM `accounts`
WHERE ROW_COUNT() = 1 AND `Id` = @p270;

INSERT INTO `accounts` (`Id`, `AccountType`, `AllowPosting`, `Code`, `CreatedAt`, `CreatedBy`, `DeletedAt`, `DeletedBy`, `ExternalCode`, `IsActive`, `IsHeader`, `Level`, `Name`, `NormalBalance`, `ParentId`, `ReportMapping`, `UpdatedAt`, `UpdatedBy`)
VALUES (@p288, @p289, @p290, @p291, @p292, @p293, @p294, @p295, @p296, @p297, @p298, @p299, @p300, @p301, @p302, @p303, @p304, @p305);
SELECT `RowVersion`
FROM `accounts`
WHERE ROW_COUNT() = 1 AND `Id` = @p288;

INSERT INTO `accounts` (`Id`, `AccountType`, `AllowPosting`, `Code`, `CreatedAt`, `CreatedBy`, `DeletedAt`, `DeletedBy`, `ExternalCode`, `IsActive`, `IsHeader`, `Level`, `Name`, `NormalBalance`, `ParentId`, `ReportMapping`, `UpdatedAt`, `UpdatedBy`)
VALUES (@p306, @p307, @p308, @p309, @p310, @p311, @p312, @p313, @p314, @p315, @p316, @p317, @p318, @p319, @p320, @p321, @p322, @p323);
SELECT `RowVersion`
FROM `accounts`
WHERE ROW_COUNT() = 1 AND `Id` = @p306;

INSERT INTO `accounts` (`Id`, `AccountType`, `AllowPosting`, `Code`, `CreatedAt`, `CreatedBy`, `DeletedAt`, `DeletedBy`, `ExternalCode`, `IsActive`, `IsHeader`, `Level`, `Name`, `NormalBalance`, `ParentId`, `ReportMapping`, `UpdatedAt`, `UpdatedBy`)
VALUES (@p324, @p325, @p326, @p327, @p328, @p329, @p330, @p331, @p332, @p333, @p334, @p335, @p336, @p337, @p338, @p339, @p340, @p341);
SELECT `RowVersion`
FROM `accounts`
WHERE ROW_COUNT() = 1 AND `Id` = @p324;

INSERT INTO `accounts` (`Id`, `AccountType`, `AllowPosting`, `Code`, `CreatedAt`, `CreatedBy`, `DeletedAt`, `DeletedBy`, `ExternalCode`, `IsActive`, `IsHeader`, `Level`, `Name`, `NormalBalance`, `ParentId`, `ReportMapping`, `UpdatedAt`, `UpdatedBy`)
VALUES (@p342, @p343, @p344, @p345, @p346, @p347, @p348, @p349, @p350, @p351, @p352, @p353, @p354, @p355, @p356, @p357, @p358, @p359);
SELECT `RowVersion`
FROM `accounts`
WHERE ROW_COUNT() = 1 AND `Id` = @p342;

INSERT INTO `cost_centers` (`Id`, `Code`, `CostCenterType`, `CreatedAt`, `CreatedBy`, `DeletedAt`, `DeletedBy`, `Description`, `IsActive`, `Name`, `OrganizationId`, `ParentId`, `UpdatedAt`, `UpdatedBy`)
VALUES (@p360, @p361, @p362, @p363, @p364, @p365, @p366, @p367, @p368, @p369, @p370, @p371, @p372, @p373),
(@p374, @p375, @p376, @p377, @p378, @p379, @p380, @p381, @p382, @p383, @p384, @p385, @p386, @p387),
(@p388, @p389, @p390, @p391, @p392, @p393, @p394, @p395, @p396, @p397, @p398, @p399, @p400, @p401),
(@p402, @p403, @p404, @p405, @p406, @p407, @p408, @p409, @p410, @p411, @p412, @p413, @p414, @p415),
(@p416, @p417, @p418, @p419, @p420, @p421, @p422, @p423, @p424, @p425, @p426, @p427, @p428, @p429),
(@p430, @p431, @p432, @p433, @p434, @p435, @p436, @p437, @p438, @p439, @p440, @p441, @p442, @p443),
(@p444, @p445, @p446, @p447, @p448, @p449, @p450, @p451, @p452, @p453, @p454, @p455, @p456, @p457);
INSERT INTO `fund_sources` (`Id`, `Code`, `CreatedAt`, `CreatedBy`, `DeletedAt`, `DeletedBy`, `Description`, `FundCategory`, `IsActive`, `Name`, `ParentId`, `UpdatedAt`, `UpdatedBy`)
VALUES (@p458, @p459, @p460, @p461, @p462, @p463, @p464, @p465, @p466, @p467, @p468, @p469, @p470),
(@p471, @p472, @p473, @p474, @p475, @p476, @p477, @p478, @p479, @p480, @p481, @p482, @p483),
(@p484, @p485, @p486, @p487, @p488, @p489, @p490, @p491, @p492, @p493, @p494, @p495, @p496),
(@p497, @p498, @p499, @p500, @p501, @p502, @p503, @p504, @p505, @p506, @p507, @p508, @p509),
(@p510, @p511, @p512, @p513, @p514, @p515, @p516, @p517, @p518, @p519, @p520, @p521, @p522);
INSERT INTO `organizations` (`Id`, `Code`, `CreatedAt`, `CreatedBy`, `DeletedAt`, `DeletedBy`, `HeadName`, `IsActive`, `Level`, `Name`, `OrganizationType`, `ParentId`, `UpdatedAt`, `UpdatedBy`)
VALUES (@p523, @p524, @p525, @p526, @p527, @p528, @p529, @p530, @p531, @p532, @p533, @p534, @p535, @p536);
INSERT INTO `accounts` (`Id`, `AccountType`, `AllowPosting`, `Code`, `CreatedAt`, `CreatedBy`, `DeletedAt`, `DeletedBy`, `ExternalCode`, `IsActive`, `IsHeader`, `Level`, `Name`, `NormalBalance`, `ParentId`, `ReportMapping`, `UpdatedAt`, `UpdatedBy`)
VALUES (@p537, @p538, @p539, @p540, @p541, @p542, @p543, @p544, @p545, @p546, @p547, @p548, @p549, @p550, @p551, @p552, @p553, @p554);
SELECT `RowVersion`
FROM `accounts`
WHERE ROW_COUNT() = 1 AND `Id` = @p537;

INSERT INTO `accounts` (`Id`, `AccountType`, `AllowPosting`, `Code`, `CreatedAt`, `CreatedBy`, `DeletedAt`, `DeletedBy`, `ExternalCode`, `IsActive`, `IsHeader`, `Level`, `Name`, `NormalBalance`, `ParentId`, `ReportMapping`, `UpdatedAt`, `UpdatedBy`)
VALUES (@p555, @p556, @p557, @p558, @p559, @p560, @p561, @p562, @p563, @p564, @p565, @p566, @p567, @p568, @p569, @p570, @p571, @p572);
SELECT `RowVersion`
FROM `accounts`
WHERE ROW_COUNT() = 1 AND `Id` = @p555;

INSERT INTO `accounts` (`Id`, `AccountType`, `AllowPosting`, `Code`, `CreatedAt`, `CreatedBy`, `DeletedAt`, `DeletedBy`, `ExternalCode`, `IsActive`, `IsHeader`, `Level`, `Name`, `NormalBalance`, `ParentId`, `ReportMapping`, `UpdatedAt`, `UpdatedBy`)
VALUES (@p573, @p574, @p575, @p576, @p577, @p578, @p579, @p580, @p581, @p582, @p583, @p584, @p585, @p586, @p587, @p588, @p589, @p590);
SELECT `RowVersion`
FROM `accounts`
WHERE ROW_COUNT() = 1 AND `Id` = @p573;

INSERT INTO `accounts` (`Id`, `AccountType`, `AllowPosting`, `Code`, `CreatedAt`, `CreatedBy`, `DeletedAt`, `DeletedBy`, `ExternalCode`, `IsActive`, `IsHeader`, `Level`, `Name`, `NormalBalance`, `ParentId`, `ReportMapping`, `UpdatedAt`, `UpdatedBy`)
VALUES (@p591, @p592, @p593, @p594, @p595, @p596, @p597, @p598, @p599, @p600, @p601, @p602, @p603, @p604, @p605, @p606, @p607, @p608);
SELECT `RowVersion`
FROM `accounts`
WHERE ROW_COUNT() = 1 AND `Id` = @p591;

INSERT INTO `accounts` (`Id`, `AccountType`, `AllowPosting`, `Code`, `CreatedAt`, `CreatedBy`, `DeletedAt`, `DeletedBy`, `ExternalCode`, `IsActive`, `IsHeader`, `Level`, `Name`, `NormalBalance`, `ParentId`, `ReportMapping`, `UpdatedAt`, `UpdatedBy`)
VALUES (@p609, @p610, @p611, @p612, @p613, @p614, @p615, @p616, @p617, @p618, @p619, @p620, @p621, @p622, @p623, @p624, @p625, @p626);
SELECT `RowVersion`
FROM `accounts`
WHERE ROW_COUNT() = 1 AND `Id` = @p609;

INSERT INTO `accounts` (`Id`, `AccountType`, `AllowPosting`, `Code`, `CreatedAt`, `CreatedBy`, `DeletedAt`, `DeletedBy`, `ExternalCode`, `IsActive`, `IsHeader`, `Level`, `Name`, `NormalBalance`, `ParentId`, `ReportMapping`, `UpdatedAt`, `UpdatedBy`)
VALUES (@p627, @p628, @p629, @p630, @p631, @p632, @p633, @p634, @p635, @p636, @p637, @p638, @p639, @p640, @p641, @p642, @p643, @p644);
SELECT `RowVersion`
FROM `accounts`
WHERE ROW_COUNT() = 1 AND `Id` = @p627;

INSERT INTO `accounts` (`Id`, `AccountType`, `AllowPosting`, `Code`, `CreatedAt`, `CreatedBy`, `DeletedAt`, `DeletedBy`, `ExternalCode`, `IsActive`, `IsHeader`, `Level`, `Name`, `NormalBalance`, `ParentId`, `ReportMapping`, `UpdatedAt`, `UpdatedBy`)
VALUES (@p645, @p646, @p647, @p648, @p649, @p650, @p651, @p652, @p653, @p654, @p655, @p656, @p657, @p658, @p659, @p660, @p661, @p662);
SELECT `RowVersion`
FROM `accounts`
WHERE ROW_COUNT() = 1 AND `Id` = @p645;

INSERT INTO `accounts` (`Id`, `AccountType`, `AllowPosting`, `Code`, `CreatedAt`, `CreatedBy`, `DeletedAt`, `DeletedBy`, `ExternalCode`, `IsActive`, `IsHeader`, `Level`, `Name`, `NormalBalance`, `ParentId`, `ReportMapping`, `UpdatedAt`, `UpdatedBy`)
VALUES (@p663, @p664, @p665, @p666, @p667, @p668, @p669, @p670, @p671, @p672, @p673, @p674, @p675, @p676, @p677, @p678, @p679, @p680);
SELECT `RowVersion`
FROM `accounts`
WHERE ROW_COUNT() = 1 AND `Id` = @p663;

INSERT INTO `accounts` (`Id`, `AccountType`, `AllowPosting`, `Code`, `CreatedAt`, `CreatedBy`, `DeletedAt`, `DeletedBy`, `ExternalCode`, `IsActive`, `IsHeader`, `Level`, `Name`, `NormalBalance`, `ParentId`, `ReportMapping`, `UpdatedAt`, `UpdatedBy`)
VALUES (@p681, @p682, @p683, @p684, @p685, @p686, @p687, @p688, @p689, @p690, @p691, @p692, @p693, @p694, @p695, @p696, @p697, @p698);
SELECT `RowVersion`
FROM `accounts`
WHERE ROW_COUNT() = 1 AND `Id` = @p681;
2026-08-26 11:13:58.590 +07:00 [ERR] An exception occurred in the database while saving changes for context type 'BLUDRSUD.Infrastructure.Persistence.BludRsudDbContext'.
Microsoft.EntityFrameworkCore.DbUpdateException: An error occurred while saving the entity changes. See the inner exception for details.
 ---> MySqlConnector.MySqlException (0x80004005): Field 'RowVersion' doesn't have a default value
   at MySqlConnector.Core.ServerSession.ReceiveReplyAsync(IOBehavior ioBehavior, CancellationToken cancellationToken) in /_/src/MySqlConnector/Core/ServerSession.cs:line 1081
   at MySqlConnector.Core.ResultSet.ReadResultSetHeaderAsync(IOBehavior ioBehavior) in /_/src/MySqlConnector/Core/ResultSet.cs:line 37
   at MySqlConnector.MySqlDataReader.ActivateResultSet(CancellationToken cancellationToken) in /_/src/MySqlConnector/MySqlDataReader.cs:line 131
   at MySqlConnector.MySqlDataReader.InitAsync(CommandListPosition commandListPosition, ICommandPayloadCreator payloadCreator, IDictionary`2 cachedProcedures, IMySqlCommand command, CommandBehavior behavior, Activity activity, IOBehavior ioBehavior, CancellationToken cancellationToken) in /_/src/MySqlConnector/MySqlDataReader.cs:line 487
   at MySqlConnector.Core.CommandExecutor.ExecuteReaderAsync(CommandListPosition commandListPosition, ICommandPayloadCreator payloadCreator, CommandBehavior behavior, Activity activity, IOBehavior ioBehavior, CancellationToken cancellationToken) in /_/src/MySqlConnector/Core/CommandExecutor.cs:line 56
   at MySqlConnector.MySqlCommand.ExecuteReaderAsync(CommandBehavior behavior, IOBehavior ioBehavior, CancellationToken cancellationToken) in /_/src/MySqlConnector/MySqlCommand.cs:line 357
   at MySqlConnector.MySqlCommand.ExecuteDbDataReaderAsync(CommandBehavior behavior, CancellationToken cancellationToken) in /_/src/MySqlConnector/MySqlCommand.cs:line 350
   at Microsoft.EntityFrameworkCore.Storage.RelationalCommand.ExecuteReaderAsync(RelationalCommandParameterObject parameterObject, CancellationToken cancellationToken)
   at Microsoft.EntityFrameworkCore.Storage.RelationalCommand.ExecuteReaderAsync(RelationalCommandParameterObject parameterObject, CancellationToken cancellationToken)
   at Microsoft.EntityFrameworkCore.Update.ReaderModificationCommandBatch.ExecuteAsync(IRelationalConnection connection, CancellationToken cancellationToken)
   --- End of inner exception stack trace ---
   at Microsoft.EntityFrameworkCore.Update.ReaderModificationCommandBatch.ExecuteAsync(IRelationalConnection connection, CancellationToken cancellationToken)
   at Microsoft.EntityFrameworkCore.Update.Internal.BatchExecutor.ExecuteAsync(IEnumerable`1 commandBatches, IRelationalConnection connection, CancellationToken cancellationToken)
   at Microsoft.EntityFrameworkCore.Update.Internal.BatchExecutor.ExecuteAsync(IEnumerable`1 commandBatches, IRelationalConnection connection, CancellationToken cancellationToken)
   at Microsoft.EntityFrameworkCore.Update.Internal.BatchExecutor.ExecuteAsync(IEnumerable`1 commandBatches, IRelationalConnection connection, CancellationToken cancellationToken)
   at Microsoft.EntityFrameworkCore.Storage.RelationalDatabase.SaveChangesAsync(IList`1 entries, CancellationToken cancellationToken)
   at Microsoft.EntityFrameworkCore.ChangeTracking.Internal.StateManager.SaveChangesAsync(IList`1 entriesToSave, CancellationToken cancellationToken)
   at Microsoft.EntityFrameworkCore.ChangeTracking.Internal.StateManager.SaveChangesAsync(StateManager stateManager, Boolean acceptAllChangesOnSuccess, CancellationToken cancellationToken)
   at Pomelo.EntityFrameworkCore.MySql.Storage.Internal.MySqlExecutionStrategy.ExecuteAsync[TState,TResult](TState state, Func`4 operation, Func`4 verifySucceeded, CancellationToken cancellationToken)
   at Microsoft.EntityFrameworkCore.DbContext.SaveChangesAsync(Boolean acceptAllChangesOnSuccess, CancellationToken cancellationToken)
Microsoft.EntityFrameworkCore.DbUpdateException: An error occurred while saving the entity changes. See the inner exception for details.
 ---> MySqlConnector.MySqlException (0x80004005): Field 'RowVersion' doesn't have a default value
   at MySqlConnector.Core.ServerSession.ReceiveReplyAsync(IOBehavior ioBehavior, CancellationToken cancellationToken) in /_/src/MySqlConnector/Core/ServerSession.cs:line 1081
   at MySqlConnector.Core.ResultSet.ReadResultSetHeaderAsync(IOBehavior ioBehavior) in /_/src/MySqlConnector/Core/ResultSet.cs:line 37
   at MySqlConnector.MySqlDataReader.ActivateResultSet(CancellationToken cancellationToken) in /_/src/MySqlConnector/MySqlDataReader.cs:line 131
   at MySqlConnector.MySqlDataReader.InitAsync(CommandListPosition commandListPosition, ICommandPayloadCreator payloadCreator, IDictionary`2 cachedProcedures, IMySqlCommand command, CommandBehavior behavior, Activity activity, IOBehavior ioBehavior, CancellationToken cancellationToken) in /_/src/MySqlConnector/MySqlDataReader.cs:line 487
   at MySqlConnector.Core.CommandExecutor.ExecuteReaderAsync(CommandListPosition commandListPosition, ICommandPayloadCreator payloadCreator, CommandBehavior behavior, Activity activity, IOBehavior ioBehavior, CancellationToken cancellationToken) in /_/src/MySqlConnector/Core/CommandExecutor.cs:line 56
   at MySqlConnector.MySqlCommand.ExecuteReaderAsync(CommandBehavior behavior, IOBehavior ioBehavior, CancellationToken cancellationToken) in /_/src/MySqlConnector/MySqlCommand.cs:line 357
   at MySqlConnector.MySqlCommand.ExecuteDbDataReaderAsync(CommandBehavior behavior, CancellationToken cancellationToken) in /_/src/MySqlConnector/MySqlCommand.cs:line 350
   at Microsoft.EntityFrameworkCore.Storage.RelationalCommand.ExecuteReaderAsync(RelationalCommandParameterObject parameterObject, CancellationToken cancellationToken)
   at Microsoft.EntityFrameworkCore.Storage.RelationalCommand.ExecuteReaderAsync(RelationalCommandParameterObject parameterObject, CancellationToken cancellationToken)
   at Microsoft.EntityFrameworkCore.Update.ReaderModificationCommandBatch.ExecuteAsync(IRelationalConnection connection, CancellationToken cancellationToken)
   --- End of inner exception stack trace ---
   at Microsoft.EntityFrameworkCore.Update.ReaderModificationCommandBatch.ExecuteAsync(IRelationalConnection connection, CancellationToken cancellationToken)
   at Microsoft.EntityFrameworkCore.Update.Internal.BatchExecutor.ExecuteAsync(IEnumerable`1 commandBatches, IRelationalConnection connection, CancellationToken cancellationToken)
   at Microsoft.EntityFrameworkCore.Update.Internal.BatchExecutor.ExecuteAsync(IEnumerable`1 commandBatches, IRelationalConnection connection, CancellationToken cancellationToken)
   at Microsoft.EntityFrameworkCore.Update.Internal.BatchExecutor.ExecuteAsync(IEnumerable`1 commandBatches, IRelationalConnection connection, CancellationToken cancellationToken)
   at Microsoft.EntityFrameworkCore.Storage.RelationalDatabase.SaveChangesAsync(IList`1 entries, CancellationToken cancellationToken)
   at Microsoft.EntityFrameworkCore.ChangeTracking.Internal.StateManager.SaveChangesAsync(IList`1 entriesToSave, CancellationToken cancellationToken)
   at Microsoft.EntityFrameworkCore.ChangeTracking.Internal.StateManager.SaveChangesAsync(StateManager stateManager, Boolean acceptAllChangesOnSuccess, CancellationToken cancellationToken)
   at Pomelo.EntityFrameworkCore.MySql.Storage.Internal.MySqlExecutionStrategy.ExecuteAsync[TState,TResult](TState state, Func`4 operation, Func`4 verifySucceeded, CancellationToken cancellationToken)
   at Microsoft.EntityFrameworkCore.DbContext.SaveChangesAsync(Boolean acceptAllChangesOnSuccess, CancellationToken cancellationToken)
2026-08-26 11:13:58.603 +07:00 [WRN] Startup seeding failed. The app will continue without seed data. Check the database schema and seed configuration.
Microsoft.EntityFrameworkCore.DbUpdateException: An error occurred while saving the entity changes. See the inner exception for details.
 ---> MySqlConnector.MySqlException (0x80004005): Field 'RowVersion' doesn't have a default value
   at MySqlConnector.Core.ServerSession.ReceiveReplyAsync(IOBehavior ioBehavior, CancellationToken cancellationToken) in /_/src/MySqlConnector/Core/ServerSession.cs:line 1081
   at MySqlConnector.Core.ResultSet.ReadResultSetHeaderAsync(IOBehavior ioBehavior) in /_/src/MySqlConnector/Core/ResultSet.cs:line 37
   at MySqlConnector.MySqlDataReader.ActivateResultSet(CancellationToken cancellationToken) in /_/src/MySqlConnector/MySqlDataReader.cs:line 131
   at MySqlConnector.MySqlDataReader.InitAsync(CommandListPosition commandListPosition, ICommandPayloadCreator payloadCreator, IDictionary`2 cachedProcedures, IMySqlCommand command, CommandBehavior behavior, Activity activity, IOBehavior ioBehavior, CancellationToken cancellationToken) in /_/src/MySqlConnector/MySqlDataReader.cs:line 487
   at MySqlConnector.Core.CommandExecutor.ExecuteReaderAsync(CommandListPosition commandListPosition, ICommandPayloadCreator payloadCreator, CommandBehavior behavior, Activity activity, IOBehavior ioBehavior, CancellationToken cancellationToken) in /_/src/MySqlConnector/Core/CommandExecutor.cs:line 56
   at MySqlConnector.MySqlCommand.ExecuteReaderAsync(CommandBehavior behavior, IOBehavior ioBehavior, CancellationToken cancellationToken) in /_/src/MySqlConnector/MySqlCommand.cs:line 357
   at MySqlConnector.MySqlCommand.ExecuteDbDataReaderAsync(CommandBehavior behavior, CancellationToken cancellationToken) in /_/src/MySqlConnector/MySqlCommand.cs:line 350
   at Microsoft.EntityFrameworkCore.Storage.RelationalCommand.ExecuteReaderAsync(RelationalCommandParameterObject parameterObject, CancellationToken cancellationToken)
   at Microsoft.EntityFrameworkCore.Storage.RelationalCommand.ExecuteReaderAsync(RelationalCommandParameterObject parameterObject, CancellationToken cancellationToken)
   at Microsoft.EntityFrameworkCore.Update.ReaderModificationCommandBatch.ExecuteAsync(IRelationalConnection connection, CancellationToken cancellationToken)
   --- End of inner exception stack trace ---
   at Microsoft.EntityFrameworkCore.Update.ReaderModificationCommandBatch.ExecuteAsync(IRelationalConnection connection, CancellationToken cancellationToken)
   at Microsoft.EntityFrameworkCore.Update.Internal.BatchExecutor.ExecuteAsync(IEnumerable`1 commandBatches, IRelationalConnection connection, CancellationToken cancellationToken)
   at Microsoft.EntityFrameworkCore.Update.Internal.BatchExecutor.ExecuteAsync(IEnumerable`1 commandBatches, IRelationalConnection connection, CancellationToken cancellationToken)
   at Microsoft.EntityFrameworkCore.Update.Internal.BatchExecutor.ExecuteAsync(IEnumerable`1 commandBatches, IRelationalConnection connection, CancellationToken cancellationToken)
   at Microsoft.EntityFrameworkCore.Storage.RelationalDatabase.SaveChangesAsync(IList`1 entries, CancellationToken cancellationToken)
   at Microsoft.EntityFrameworkCore.ChangeTracking.Internal.StateManager.SaveChangesAsync(IList`1 entriesToSave, CancellationToken cancellationToken)
   at Microsoft.EntityFrameworkCore.ChangeTracking.Internal.StateManager.SaveChangesAsync(StateManager stateManager, Boolean acceptAllChangesOnSuccess, CancellationToken cancellationToken)
   at Pomelo.EntityFrameworkCore.MySql.Storage.Internal.MySqlExecutionStrategy.ExecuteAsync[TState,TResult](TState state, Func`4 operation, Func`4 verifySucceeded, CancellationToken cancellationToken)
   at Microsoft.EntityFrameworkCore.DbContext.SaveChangesAsync(Boolean acceptAllChangesOnSuccess, CancellationToken cancellationToken)
   at Microsoft.EntityFrameworkCore.DbContext.SaveChangesAsync(Boolean acceptAllChangesOnSuccess, CancellationToken cancellationToken)
   at BLUDRSUD.Infrastructure.Persistence.DbSeeder.SeedAsync(BludRsudDbContext db, UserManager`1 userManager, RoleManager`1 roleManager, ILoggerFactory loggerFactory, CancellationToken ct) in D:\sandi\BLUD\src\BLUDRSUD.Infrastructure\Persistence\DbSeeder.cs:line 41
   at Program.<Main>$(String[] args) in D:\sandi\BLUD\src\BLUDRSUD.Web\Program.cs:line 122
2026-08-26 11:18:14.485 +07:00 [INF] Seeded 49 chart-of-accounts entries.
2026-08-26 11:18:14.548 +07:00 [INF] Seeded organization tree.
2026-08-26 11:18:14.595 +07:00 [INF] Seeded cost centers.
2026-08-26 11:18:14.628 +07:00 [INF] Seeded fund sources.
2026-08-26 11:18:14.676 +07:00 [INF] Seeded 2026 accounting periods.
2026-08-26 11:18:14.869 +07:00 [INF] Seeding complete.
